<?xml version='1.0' encoding='utf-8'?>
<osm version="0.6" generator="Travel handbook local OSM overview">
  <way id="23303822">
    <nd ref="-1" />
    <nd ref="-2" />
    <nd ref="-3" />
    <nd ref="-4" />
    <nd ref="-5" />
    <nd ref="-6" />
    <nd ref="-7" />
    <nd ref="-8" />
    <nd ref="-9" />
    <nd ref="-10" />
    <nd ref="-11" />
    <nd ref="-12" />
    <nd ref="-13" />
    <nd ref="-14" />
    <nd ref="-15" />
    <nd ref="-16" />
    <nd ref="-17" />
    <nd ref="-18" />
    <nd ref="-19" />
    <nd ref="-20" />
    <nd ref="-21" />
    <nd ref="-22" />
    <nd ref="-23" />
    <nd ref="-24" />
    <nd ref="-25" />
    <nd ref="-26" />
    <nd ref="-27" />
    <nd ref="-28" />
    <nd ref="-29" />
    <nd ref="-30" />
    <nd ref="-31" />
    <nd ref="-32" />
    <nd ref="-33" />
    <nd ref="-34" />
    <nd ref="-35" />
    <nd ref="-36" />
    <nd ref="-37" />
    <nd ref="-38" />
    <nd ref="-39" />
    <nd ref="-40" />
    <nd ref="-41" />
    <nd ref="-42" />
    <nd ref="-43" />
    <nd ref="-44" />
    <nd ref="-45" />
    <nd ref="-46" />
    <nd ref="-47" />
    <nd ref="-48" />
    <nd ref="-49" />
    <nd ref="-50" />
    <nd ref="-51" />
    <nd ref="-52" />
    <nd ref="-53" />
    <nd ref="-54" />
    <nd ref="-55" />
    <nd ref="-56" />
    <nd ref="-57" />
    <nd ref="-58" />
    <nd ref="-59" />
    <nd ref="-60" />
    <nd ref="-61" />
    <tag k="natural" v="water" />
    <tag k="water" v="river" />
  </way>
  <node id="-1" lat="33.592754" lon="130.3592118" />
  <node id="-2" lat="33.5902552" lon="130.3604512" />
  <node id="-3" lat="33.5899782" lon="130.3605749" />
  <node id="-4" lat="33.5899583" lon="130.3605839" />
  <node id="-5" lat="33.5899401" lon="130.3605943" />
  <node id="-6" lat="33.5898337" lon="130.3606508" />
  <node id="-7" lat="33.5898011" lon="130.3606661" />
  <node id="-8" lat="33.5897706" lon="130.3606803" />
  <node id="-9" lat="33.5879918" lon="130.3615073" />
  <node id="-10" lat="33.586869" lon="130.3622178" />
  <node id="-11" lat="33.5858789" lon="130.3629664" />
  <node id="-12" lat="33.5856888" lon="130.3626404" />
  <node id="-13" lat="33.5872897" lon="130.3614165" />
  <node id="-14" lat="33.588675" lon="130.3604652" />
  <node id="-15" lat="33.5893849" lon="130.3600223" />
  <node id="-16" lat="33.5894381" lon="130.3599924" />
  <node id="-17" lat="33.5896407" lon="130.3598798" />
  <node id="-18" lat="33.5922794" lon="130.3583175" />
  <node id="-19" lat="33.5931513" lon="130.3578107" />
  <node id="-20" lat="33.5933537" lon="130.3576946" />
  <node id="-21" lat="33.5933924" lon="130.3576724" />
  <node id="-22" lat="33.5948823" lon="130.3567735" />
  <node id="-23" lat="33.5949271" lon="130.3567456" />
  <node id="-24" lat="33.5949719" lon="130.3567177" />
  <node id="-25" lat="33.5949775" lon="130.3567144" />
  <node id="-26" lat="33.5950067" lon="130.3566966" />
  <node id="-27" lat="33.5950359" lon="130.3566789" />
  <node id="-28" lat="33.5950477" lon="130.3566717" />
  <node id="-29" lat="33.5950768" lon="130.356654" />
  <node id="-30" lat="33.5951109" lon="130.3566332" />
  <node id="-31" lat="33.5951348" lon="130.3566174" />
  <node id="-32" lat="33.5951617" lon="130.3566054" />
  <node id="-33" lat="33.5951885" lon="130.3565935" />
  <node id="-34" lat="33.5955428" lon="130.3563853" />
  <node id="-35" lat="33.5955471" lon="130.3563941" />
  <node id="-36" lat="33.5957353" lon="130.3563024" />
  <node id="-37" lat="33.5960783" lon="130.3560883" />
  <node id="-38" lat="33.5965231" lon="130.3558306" />
  <node id="-39" lat="33.5967884" lon="130.3556653" />
  <node id="-40" lat="33.5970885" lon="130.3554908" />
  <node id="-41" lat="33.5972884" lon="130.356176" />
  <node id="-42" lat="33.5974956" lon="130.3568865" />
  <node id="-43" lat="33.5965908" lon="130.3573301" />
  <node id="-44" lat="33.5957894" lon="130.3577273" />
  <node id="-45" lat="33.5955452" lon="130.3578308" />
  <node id="-46" lat="33.5955197" lon="130.3578436" />
  <node id="-47" lat="33.5954942" lon="130.3578564" />
  <node id="-48" lat="33.5954852" lon="130.3578609" />
  <node id="-49" lat="33.595452" lon="130.357878" />
  <node id="-50" lat="33.595421" lon="130.3578931" />
  <node id="-51" lat="33.5954082" lon="130.3578995" />
  <node id="-52" lat="33.5953775" lon="130.3579155" />
  <node id="-53" lat="33.5953485" lon="130.3579295" />
  <node id="-54" lat="33.5953415" lon="130.357933" />
  <node id="-55" lat="33.595319" lon="130.3579443" />
  <node id="-56" lat="33.5952887" lon="130.3579569" />
  <node id="-57" lat="33.5949651" lon="130.3581091" />
  <node id="-58" lat="33.5944865" lon="130.3583516" />
  <node id="-59" lat="33.5937748" lon="130.3587027" />
  <node id="-60" lat="33.5935262" lon="130.3588264" />
  <node id="-61" lat="33.592754" lon="130.3592118" />
  <way id="33197959">
    <nd ref="-62" />
    <nd ref="-63" />
    <nd ref="-64" />
    <nd ref="-65" />
    <nd ref="-66" />
    <nd ref="-67" />
    <nd ref="-68" />
    <nd ref="-69" />
    <nd ref="-70" />
    <nd ref="-71" />
    <nd ref="-72" />
    <nd ref="-73" />
    <nd ref="-74" />
    <nd ref="-75" />
    <nd ref="-76" />
    <nd ref="-77" />
    <nd ref="-78" />
    <nd ref="-79" />
    <nd ref="-80" />
    <nd ref="-81" />
    <nd ref="-82" />
    <nd ref="-83" />
    <nd ref="-84" />
    <nd ref="-85" />
    <nd ref="-86" />
    <nd ref="-87" />
    <nd ref="-88" />
    <nd ref="-89" />
    <nd ref="-90" />
    <nd ref="-91" />
    <nd ref="-92" />
    <tag k="natural" v="water" />
  </way>
  <node id="-62" lat="33.5826467" lon="130.3817583" />
  <node id="-63" lat="33.5826238" lon="130.3817594" />
  <node id="-64" lat="33.5826425" lon="130.3819415" />
  <node id="-65" lat="33.5827276" lon="130.3819307" />
  <node id="-66" lat="33.5827544" lon="130.3817326" />
  <node id="-67" lat="33.5827353" lon="130.3817325" />
  <node id="-68" lat="33.5827277" lon="130.3817221" />
  <node id="-69" lat="33.582723" lon="130.381631" />
  <node id="-70" lat="33.5828423" lon="130.3816099" />
  <node id="-71" lat="33.5828867" lon="130.3815667" />
  <node id="-72" lat="33.5829367" lon="130.3815496" />
  <node id="-73" lat="33.5829671" lon="130.3815325" />
  <node id="-74" lat="33.5829858" lon="130.3815174" />
  <node id="-75" lat="33.5830048" lon="130.3814899" />
  <node id="-76" lat="33.5830135" lon="130.3814681" />
  <node id="-77" lat="33.5830177" lon="130.3814386" />
  <node id="-78" lat="33.5830235" lon="130.3814312" />
  <node id="-79" lat="33.5830626" lon="130.3814211" />
  <node id="-80" lat="33.5830393" lon="130.3812299" />
  <node id="-81" lat="33.5830498" lon="130.3812267" />
  <node id="-82" lat="33.5830286" lon="130.3810886" />
  <node id="-83" lat="33.5830106" lon="130.3810643" />
  <node id="-84" lat="33.5829878" lon="130.3810463" />
  <node id="-85" lat="33.5829593" lon="130.3810336" />
  <node id="-86" lat="33.5829068" lon="130.3810222" />
  <node id="-87" lat="33.5825859" lon="130.3810624" />
  <node id="-88" lat="33.5825484" lon="130.3810942" />
  <node id="-89" lat="33.5825973" lon="130.3814959" />
  <node id="-90" lat="33.5826213" lon="130.3815204" />
  <node id="-91" lat="33.5826336" lon="130.3816568" />
  <node id="-92" lat="33.5826467" lon="130.3817583" />
  <way id="59967298">
    <nd ref="-93" />
    <nd ref="-94" />
    <nd ref="-95" />
    <nd ref="-96" />
    <nd ref="-97" />
    <nd ref="-98" />
    <nd ref="-99" />
    <nd ref="-100" />
    <nd ref="-101" />
    <nd ref="-102" />
    <nd ref="-103" />
    <nd ref="-104" />
    <nd ref="-105" />
    <tag k="name" v="汐入川" />
    <tag k="note" v="National-Land Numerical Information (River) 2006, MLIT Japan" />
    <tag k="note:ja" v="国土数値情報(河川データ)平成18年国土交通省" />
    <tag k="source" v="KSJ2" />
    <tag k="source_ref" v="http://nlftp.mlit.go.jp/ksj/jpgis/datalist/KsjTmplt-W05.html" />
    <tag k="waterway" v="stream" />
  </way>
  <node id="-93" lat="33.5745229" lon="130.3504668" />
  <node id="-94" lat="33.5744988" lon="130.3495962" />
  <node id="-95" lat="33.5744745" lon="130.3487213" />
  <node id="-96" lat="33.5744222" lon="130.3473244" />
  <node id="-97" lat="33.5744027" lon="130.3468023" />
  <node id="-98" lat="33.5743935" lon="130.3463272" />
  <node id="-99" lat="33.5744467" lon="130.3459873" />
  <node id="-100" lat="33.5745627" lon="130.3457576" />
  <node id="-101" lat="33.5746477" lon="130.3456514" />
  <node id="-102" lat="33.5747758" lon="130.345541" />
  <node id="-103" lat="33.5750462" lon="130.3453765" />
  <node id="-104" lat="33.5753328" lon="130.345318" />
  <node id="-105" lat="33.5755958" lon="130.3452" />
  <way id="59968909">
    <nd ref="-106" />
    <nd ref="-107" />
    <nd ref="-108" />
    <nd ref="-109" />
    <nd ref="-110" />
    <nd ref="-111" />
    <nd ref="-112" />
    <nd ref="-113" />
    <nd ref="-114" />
    <nd ref="-115" />
    <nd ref="-116" />
    <nd ref="-117" />
    <nd ref="-118" />
    <nd ref="-119" />
    <nd ref="-120" />
    <nd ref="-121" />
    <nd ref="-122" />
    <nd ref="-123" />
    <nd ref="-124" />
    <nd ref="-125" />
    <nd ref="-126" />
    <nd ref="-127" />
    <nd ref="-128" />
    <nd ref="-129" />
    <nd ref="-130" />
    <tag k="name" v="樋井川" />
    <tag k="name:ja" v="樋井川" />
    <tag k="name:ja-Hira" v="ひいかわ" />
    <tag k="note" v="National-Land Numerical Information (River) 2006, MLIT Japan" />
    <tag k="note:ja" v="国土数値情報(河川データ)平成18年国土交通省" />
    <tag k="source" v="KSJ2" />
    <tag k="source_ref" v="http://nlftp.mlit.go.jp/ksj/jpgis/datalist/KsjTmplt-W05.html" />
    <tag k="waterway" v="river" />
  </way>
  <node id="-106" lat="33.581566" lon="130.365512" />
  <node id="-107" lat="33.581579" lon="130.365499" />
  <node id="-108" lat="33.581721" lon="130.365357" />
  <node id="-109" lat="33.581759" lon="130.365319" />
  <node id="-110" lat="33.5828528" lon="130.3646629" />
  <node id="-111" lat="33.5834294" lon="130.3643448" />
  <node id="-112" lat="33.5837097" lon="130.3641913" />
  <node id="-113" lat="33.5842547" lon="130.3638397" />
  <node id="-114" lat="33.5848491" lon="130.3635" />
  <node id="-115" lat="33.5855745" lon="130.3629683" />
  <node id="-116" lat="33.5861548" lon="130.3625382" />
  <node id="-117" lat="33.586624" lon="130.362243" />
  <node id="-118" lat="33.587729" lon="130.361344" />
  <node id="-119" lat="33.588108" lon="130.361137" />
  <node id="-120" lat="33.588855" lon="130.360728" />
  <node id="-121" lat="33.589202" lon="130.360541" />
  <node id="-122" lat="33.589847" lon="130.360194" />
  <node id="-123" lat="33.590284" lon="130.359963" />
  <node id="-124" lat="33.591004" lon="130.359583" />
  <node id="-125" lat="33.591463" lon="130.359321" />
  <node id="-126" lat="33.592065" lon="130.358976" />
  <node id="-127" lat="33.592376" lon="130.358814" />
  <node id="-128" lat="33.593334" lon="130.358314" />
  <node id="-129" lat="33.594675" lon="130.357575" />
  <node id="-130" lat="33.5972884" lon="130.356176" />
  <way id="59969710">
    <nd ref="-131" />
    <nd ref="-132" />
    <nd ref="-133" />
    <nd ref="-134" />
    <nd ref="-135" />
    <nd ref="-136" />
    <nd ref="-137" />
    <nd ref="-138" />
    <nd ref="-139" />
    <nd ref="-140" />
    <nd ref="-141" />
    <nd ref="-142" />
    <nd ref="-143" />
    <nd ref="-144" />
    <nd ref="-145" />
    <nd ref="-146" />
    <tag k="name" v="那珂川" />
    <tag k="name:en" v="Naka River" />
    <tag k="name:ja" v="那珂川" />
    <tag k="name:ko" v="나카 강" />
    <tag k="note" v="National-Land Numerical Information (River) 2006, MLIT Japan" />
    <tag k="note:ja" v="国土数値情報(河川データ)平成18年国土交通省" />
    <tag k="source" v="KSJ2" />
    <tag k="source_ref" v="http://nlftp.mlit.go.jp/ksj/jpgis/datalist/KsjTmplt-W05.html" />
    <tag k="waterway" v="river" />
    <tag k="wikidata" v="Q11642765" />
    <tag k="wikipedia" v="ja:那珂川 (九州)" />
  </way>
  <node id="-131" lat="33.587846" lon="130.409544" />
  <node id="-132" lat="33.589356" lon="130.408797" />
  <node id="-133" lat="33.589526" lon="130.408713" />
  <node id="-134" lat="33.590076" lon="130.408084" />
  <node id="-135" lat="33.590303" lon="130.407785" />
  <node id="-136" lat="33.591295" lon="130.40648" />
  <node id="-137" lat="33.591862" lon="130.405735" />
  <node id="-138" lat="33.593171" lon="130.402976" />
  <node id="-139" lat="33.593395" lon="130.402504" />
  <node id="-140" lat="33.594078" lon="130.401843" />
  <node id="-141" lat="33.594167" lon="130.401758" />
  <node id="-142" lat="33.594756" lon="130.401188" />
  <node id="-143" lat="33.595556" lon="130.400842" />
  <node id="-144" lat="33.597027" lon="130.400408" />
  <node id="-145" lat="33.599325" lon="130.399335" />
  <node id="-146" lat="33.6000039" lon="130.3990174" />
  <way id="59972435">
    <nd ref="-147" />
    <nd ref="-148" />
    <nd ref="-149" />
    <nd ref="-150" />
    <nd ref="-151" />
    <nd ref="-152" />
    <nd ref="-153" />
    <nd ref="-154" />
    <nd ref="-155" />
    <nd ref="-156" />
    <nd ref="-157" />
    <nd ref="-158" />
    <nd ref="-159" />
    <nd ref="-160" />
    <nd ref="-161" />
    <nd ref="-162" />
    <nd ref="-163" />
    <nd ref="-164" />
    <nd ref="-165" />
    <nd ref="-166" />
    <nd ref="-167" />
    <nd ref="-168" />
    <nd ref="-169" />
    <nd ref="-170" />
    <nd ref="-171" />
    <nd ref="-172" />
    <nd ref="-173" />
    <nd ref="-174" />
    <nd ref="-175" />
    <nd ref="-176" />
    <nd ref="-177" />
    <nd ref="-178" />
    <nd ref="-179" />
    <nd ref="-180" />
    <nd ref="-181" />
    <nd ref="-182" />
    <nd ref="-183" />
    <nd ref="-184" />
    <nd ref="-185" />
    <nd ref="-186" />
    <nd ref="-187" />
    <nd ref="-188" />
    <nd ref="-189" />
    <nd ref="-190" />
    <nd ref="-191" />
    <nd ref="-192" />
    <nd ref="-193" />
    <nd ref="-194" />
    <nd ref="-195" />
    <nd ref="-196" />
    <nd ref="-197" />
    <nd ref="-198" />
    <nd ref="-199" />
    <nd ref="-200" />
    <nd ref="-201" />
    <nd ref="-202" />
    <nd ref="-203" />
    <nd ref="-204" />
    <nd ref="-205" />
    <nd ref="-206" />
    <nd ref="-207" />
    <tag k="alt_name:ja-Hira" v="ひいがわ" />
    <tag k="alt_name:ja-Latn" v="Hii-gawa" />
    <tag k="name" v="樋井川" />
    <tag k="name:en" v="Hii River" />
    <tag k="name:fr" v="Rivière Hii" />
    <tag k="name:ja" v="樋井川" />
    <tag k="name:ja-Hira" v="ひいかわ" />
    <tag k="name:ja-Latn" v="Hii-kawa" />
    <tag k="note" v="National-Land Numerical Information (River) 2006, MLIT Japan" />
    <tag k="note:ja" v="国土数値情報(河川データ)平成18年国土交通省" />
    <tag k="source" v="KSJ2" />
    <tag k="source_ref" v="http://nlftp.mlit.go.jp/ksj/jpgis/datalist/KsjTmplt-W05.html" />
    <tag k="waterway" v="river" />
    <tag k="wikidata" v="Q11542055" />
  </way>
  <node id="-147" lat="33.560975" lon="130.377039" />
  <node id="-148" lat="33.561144" lon="130.376219" />
  <node id="-149" lat="33.5612405" lon="130.3757447" />
  <node id="-150" lat="33.5613599" lon="130.375659" />
  <node id="-151" lat="33.5615051" lon="130.3756227" />
  <node id="-152" lat="33.561679" lon="130.3755948" />
  <node id="-153" lat="33.5619463" lon="130.3755884" />
  <node id="-154" lat="33.5623882" lon="130.3756294" />
  <node id="-155" lat="33.5631925" lon="130.3757772" />
  <node id="-156" lat="33.5638494" lon="130.3758647" />
  <node id="-157" lat="33.5639874" lon="130.375893" />
  <node id="-158" lat="33.5640757" lon="130.3758767" />
  <node id="-159" lat="33.5641984" lon="130.3758159" />
  <node id="-160" lat="33.5643731" lon="130.3757318" />
  <node id="-161" lat="33.5647582" lon="130.3756652" />
  <node id="-162" lat="33.5647922" lon="130.3756459" />
  <node id="-163" lat="33.5648536" lon="130.3756816" />
  <node id="-164" lat="33.565421" lon="130.3758809" />
  <node id="-165" lat="33.565987" lon="130.376125" />
  <node id="-166" lat="33.566598" lon="130.376164" />
  <node id="-167" lat="33.566832" lon="130.376133" />
  <node id="-168" lat="33.5674254" lon="130.375829" />
  <node id="-169" lat="33.5676729" lon="130.3757199" />
  <node id="-170" lat="33.568084" lon="130.375762" />
  <node id="-171" lat="33.568525" lon="130.3758572" />
  <node id="-172" lat="33.5699261" lon="130.3760124" />
  <node id="-173" lat="33.5706152" lon="130.376104" />
  <node id="-174" lat="33.5715776" lon="130.3760177" />
  <node id="-175" lat="33.5717102" lon="130.3759985" />
  <node id="-176" lat="33.5718135" lon="130.3759854" />
  <node id="-177" lat="33.5727348" lon="130.3757676" />
  <node id="-178" lat="33.5729644" lon="130.3757382" />
  <node id="-179" lat="33.5730965" lon="130.3757252" />
  <node id="-180" lat="33.5745659" lon="130.375411" />
  <node id="-181" lat="33.5749233" lon="130.3752777" />
  <node id="-182" lat="33.5753126" lon="130.3750626" />
  <node id="-183" lat="33.575578" lon="130.3748367" />
  <node id="-184" lat="33.5764234" lon="130.3742472" />
  <node id="-185" lat="33.5768056" lon="130.3740676" />
  <node id="-186" lat="33.5777416" lon="130.373478" />
  <node id="-187" lat="33.578359" lon="130.3732772" />
  <node id="-188" lat="33.579043" lon="130.373077" />
  <node id="-189" lat="33.579247" lon="130.372947" />
  <node id="-190" lat="33.579391" lon="130.372855" />
  <node id="-191" lat="33.5794782" lon="130.3727509" />
  <node id="-192" lat="33.5795371" lon="130.3726763" />
  <node id="-193" lat="33.579917" lon="130.3721437" />
  <node id="-194" lat="33.580237" lon="130.371583" />
  <node id="-195" lat="33.5804654" lon="130.370998" />
  <node id="-196" lat="33.5806188" lon="130.3707111" />
  <node id="-197" lat="33.5806807" lon="130.3705229" />
  <node id="-198" lat="33.5807618" lon="130.370387" />
  <node id="-199" lat="33.5808609" lon="130.3700594" />
  <node id="-200" lat="33.5808762" lon="130.3696822" />
  <node id="-201" lat="33.5810594" lon="130.3673505" />
  <node id="-202" lat="33.581185" lon="130.366407" />
  <node id="-203" lat="33.581223" lon="130.366221" />
  <node id="-204" lat="33.581285" lon="130.366031" />
  <node id="-205" lat="33.581296" lon="130.365998" />
  <node id="-206" lat="33.581315" lon="130.365939" />
  <node id="-207" lat="33.581566" lon="130.365512" />
  <way id="130966942">
    <nd ref="-208" />
    <nd ref="-209" />
    <nd ref="-210" />
    <nd ref="-211" />
    <nd ref="-212" />
    <nd ref="-213" />
    <nd ref="-214" />
    <nd ref="-215" />
    <nd ref="-216" />
    <nd ref="-217" />
    <nd ref="-218" />
    <nd ref="-219" />
    <nd ref="-220" />
    <nd ref="-221" />
    <nd ref="-222" />
    <nd ref="-223" />
    <nd ref="-224" />
    <nd ref="-225" />
    <nd ref="-226" />
    <nd ref="-227" />
    <nd ref="-228" />
    <nd ref="-229" />
    <nd ref="-230" />
    <nd ref="-231" />
    <nd ref="-232" />
    <nd ref="-233" />
    <nd ref="-234" />
    <nd ref="-235" />
    <nd ref="-236" />
    <nd ref="-237" />
    <nd ref="-238" />
    <nd ref="-239" />
    <nd ref="-240" />
    <nd ref="-241" />
    <nd ref="-242" />
    <nd ref="-243" />
    <nd ref="-244" />
    <nd ref="-245" />
    <nd ref="-246" />
    <nd ref="-247" />
    <nd ref="-248" />
    <nd ref="-249" />
    <nd ref="-250" />
    <nd ref="-251" />
    <nd ref="-252" />
    <nd ref="-253" />
    <nd ref="-254" />
    <nd ref="-255" />
    <nd ref="-256" />
    <nd ref="-257" />
    <nd ref="-258" />
    <nd ref="-259" />
    <nd ref="-260" />
    <nd ref="-261" />
    <nd ref="-262" />
    <nd ref="-263" />
    <nd ref="-264" />
    <nd ref="-265" />
    <nd ref="-266" />
    <nd ref="-267" />
    <nd ref="-268" />
    <nd ref="-269" />
    <nd ref="-270" />
    <nd ref="-271" />
    <nd ref="-272" />
    <tag k="natural" v="coastline" />
    <tag k="source" v="YahooJapan/ALPSMAP" />
  </way>
  <node id="-208" lat="33.5953368" lon="130.3512815" />
  <node id="-209" lat="33.595459" lon="130.3513902" />
  <node id="-210" lat="33.5954813" lon="130.3513551" />
  <node id="-211" lat="33.5955743" lon="130.3514459" />
  <node id="-212" lat="33.5955852" lon="130.3514923" />
  <node id="-213" lat="33.595557" lon="130.3515467" />
  <node id="-214" lat="33.5955913" lon="130.351575" />
  <node id="-215" lat="33.5955745" lon="130.3516009" />
  <node id="-216" lat="33.5956796" lon="130.3516926" />
  <node id="-217" lat="33.5957986" lon="130.3515124" />
  <node id="-218" lat="33.5957518" lon="130.3514662" />
  <node id="-219" lat="33.5959519" lon="130.3511368" />
  <node id="-220" lat="33.595964" lon="130.3511471" />
  <node id="-221" lat="33.5960361" lon="130.3510386" />
  <node id="-222" lat="33.5959183" lon="130.3509371" />
  <node id="-223" lat="33.5959056" lon="130.3509568" />
  <node id="-224" lat="33.5959003" lon="130.3509523" />
  <node id="-225" lat="33.5958931" lon="130.3509462" />
  <node id="-226" lat="33.5958853" lon="130.3509396" />
  <node id="-227" lat="33.5956538" lon="130.3507434" />
  <node id="-228" lat="33.5955811" lon="130.3506819" />
  <node id="-229" lat="33.5956015" lon="130.350652" />
  <node id="-230" lat="33.595477" lon="130.3505424" />
  <node id="-231" lat="33.5953902" lon="130.3506921" />
  <node id="-232" lat="33.5953746" lon="130.350684" />
  <node id="-233" lat="33.5953663" lon="130.3506939" />
  <node id="-234" lat="33.5953715" lon="130.3507083" />
  <node id="-235" lat="33.5953682" lon="130.3507271" />
  <node id="-236" lat="33.5954326" lon="130.3507769" />
  <node id="-237" lat="33.5954333" lon="130.3508272" />
  <node id="-238" lat="33.5952984" lon="130.351047" />
  <node id="-239" lat="33.5952022" lon="130.3510668" />
  <node id="-240" lat="33.5951106" lon="130.3509088" />
  <node id="-241" lat="33.5950706" lon="130.3506299" />
  <node id="-242" lat="33.5950238" lon="130.350394" />
  <node id="-243" lat="33.5949689" lon="130.3501872" />
  <node id="-244" lat="33.5948897" lon="130.3499185" />
  <node id="-245" lat="33.5948096" lon="130.3495741" />
  <node id="-246" lat="33.5947422" lon="130.3492709" />
  <node id="-247" lat="33.5946846" lon="130.3488541" />
  <node id="-248" lat="33.5946538" lon="130.3484959" />
  <node id="-249" lat="33.5946948" lon="130.3480505" />
  <node id="-250" lat="33.5947393" lon="130.3476584" />
  <node id="-251" lat="33.5948052" lon="130.3473254" />
  <node id="-252" lat="33.594889" lon="130.3469756" />
  <node id="-253" lat="33.5950046" lon="130.3466096" />
  <node id="-254" lat="33.5951275" lon="130.3462852" />
  <node id="-255" lat="33.5960035" lon="130.346492" />
  <node id="-256" lat="33.596017" lon="130.3464392" />
  <node id="-257" lat="33.5960695" lon="130.346459" />
  <node id="-258" lat="33.5960881" lon="130.3476483" />
  <node id="-259" lat="33.5961364" lon="130.3476446" />
  <node id="-260" lat="33.5961117" lon="130.3464196" />
  <node id="-261" lat="33.5947195" lon="130.3460981" />
  <node id="-262" lat="33.5951168" lon="130.3431005" />
  <node id="-263" lat="33.5954411" lon="130.3406531" />
  <node id="-264" lat="33.5971708" lon="130.3404592" />
  <node id="-265" lat="33.5974827" lon="130.3390176" />
  <node id="-266" lat="33.5974334" lon="130.3390036" />
  <node id="-267" lat="33.5971269" lon="130.3404168" />
  <node id="-268" lat="33.5970512" lon="130.3404174" />
  <node id="-269" lat="33.5970945" lon="130.3401972" />
  <node id="-270" lat="33.5970287" lon="130.3401904" />
  <node id="-271" lat="33.5969948" lon="130.3403802" />
  <node id="-272" lat="33.596434" lon="130.3404595" />
  <way id="130967053">
    <nd ref="-273" />
    <nd ref="-274" />
    <nd ref="-275" />
    <nd ref="-276" />
    <nd ref="-277" />
    <nd ref="-278" />
    <nd ref="-279" />
    <nd ref="-280" />
    <nd ref="-281" />
    <nd ref="-282" />
    <nd ref="-283" />
    <nd ref="-284" />
    <nd ref="-285" />
    <nd ref="-286" />
    <nd ref="-287" />
    <nd ref="-288" />
    <nd ref="-289" />
    <nd ref="-290" />
    <nd ref="-291" />
    <nd ref="-292" />
    <nd ref="-293" />
    <nd ref="-294" />
    <nd ref="-295" />
    <nd ref="-296" />
    <nd ref="-297" />
    <tag k="name" v="百道浜" />
    <tag k="name:en" v="Momochi Beach" />
    <tag k="name:fr" v="Plage de Momochi" />
    <tag k="name:ja-Hira" v="ももちはま" />
    <tag k="name:ja-Latn" v="Momochi-hama" />
    <tag k="natural" v="coastline" />
    <tag k="source" v="YahooJapan/ALPSMAP" />
  </way>
  <node id="-273" lat="33.5961979" lon="130.3558906" />
  <node id="-274" lat="33.5960342" lon="130.3555446" />
  <node id="-275" lat="33.5959465" lon="130.3553193" />
  <node id="-276" lat="33.5958568" lon="130.355148" />
  <node id="-277" lat="33.5957586" lon="130.3549906" />
  <node id="-278" lat="33.5956622" lon="130.3548144" />
  <node id="-279" lat="33.5955561" lon="130.3546282" />
  <node id="-280" lat="33.5954622" lon="130.3543635" />
  <node id="-281" lat="33.5953951" lon="130.3541808" />
  <node id="-282" lat="33.5953133" lon="130.3539226" />
  <node id="-283" lat="33.5952412" lon="130.3536818" />
  <node id="-284" lat="33.5951808" lon="130.3534257" />
  <node id="-285" lat="33.5951541" lon="130.3531948" />
  <node id="-286" lat="33.5951462" lon="130.3528964" />
  <node id="-287" lat="33.5951414" lon="130.3526452" />
  <node id="-288" lat="33.5951525" lon="130.3523715" />
  <node id="-289" lat="33.5951627" lon="130.3521623" />
  <node id="-290" lat="33.5951897" lon="130.3519451" />
  <node id="-291" lat="33.5952197" lon="130.3517434" />
  <node id="-292" lat="33.5952328" lon="130.3514927" />
  <node id="-293" lat="33.5952373" lon="130.3512245" />
  <node id="-294" lat="33.595305" lon="130.3512149" />
  <node id="-295" lat="33.595319" lon="130.3512129" />
  <node id="-296" lat="33.5953554" lon="130.3512494" />
  <node id="-297" lat="33.5953368" lon="130.3512815" />
  <way id="163537317">
    <nd ref="-298" />
    <nd ref="-299" />
    <nd ref="-300" />
    <nd ref="-301" />
    <nd ref="-302" />
    <nd ref="-303" />
    <nd ref="-304" />
    <nd ref="-305" />
    <nd ref="-306" />
    <nd ref="-307" />
    <nd ref="-308" />
    <nd ref="-309" />
    <nd ref="-310" />
    <nd ref="-311" />
    <nd ref="-312" />
    <nd ref="-313" />
    <nd ref="-314" />
    <nd ref="-315" />
    <nd ref="-316" />
    <nd ref="-317" />
    <tag k="natural" v="water" />
    <tag k="water" v="reservoir" />
  </way>
  <node id="-298" lat="33.5886209" lon="130.381776" />
  <node id="-299" lat="33.5889353" lon="130.381852" />
  <node id="-300" lat="33.5889736" lon="130.3818549" />
  <node id="-301" lat="33.5886979" lon="130.3835052" />
  <node id="-302" lat="33.5884231" lon="130.3857315" />
  <node id="-303" lat="33.5883549" lon="130.3866608" />
  <node id="-304" lat="33.5883529" lon="130.3869889" />
  <node id="-305" lat="33.5881371" lon="130.3870142" />
  <node id="-306" lat="33.5881119" lon="130.3869988" />
  <node id="-307" lat="33.5880745" lon="130.3866166" />
  <node id="-308" lat="33.5880041" lon="130.3863329" />
  <node id="-309" lat="33.5879851" lon="130.3850126" />
  <node id="-310" lat="33.5880921" lon="130.3850142" />
  <node id="-311" lat="33.588177" lon="130.3841934" />
  <node id="-312" lat="33.5883248" lon="130.3837037" />
  <node id="-313" lat="33.5883571" lon="130.3835279" />
  <node id="-314" lat="33.5883482" lon="130.3824216" />
  <node id="-315" lat="33.588437" lon="130.3822466" />
  <node id="-316" lat="33.5884977" lon="130.3822394" />
  <node id="-317" lat="33.5886209" lon="130.381776" />
  <way id="163537321">
    <nd ref="-318" />
    <nd ref="-319" />
    <nd ref="-320" />
    <nd ref="-321" />
    <nd ref="-322" />
    <nd ref="-323" />
    <nd ref="-324" />
    <nd ref="-325" />
    <nd ref="-326" />
    <nd ref="-327" />
    <nd ref="-328" />
    <nd ref="-329" />
    <nd ref="-330" />
    <nd ref="-331" />
    <nd ref="-332" />
    <nd ref="-333" />
    <nd ref="-334" />
    <nd ref="-335" />
    <nd ref="-336" />
    <nd ref="-337" />
    <nd ref="-338" />
    <nd ref="-339" />
    <nd ref="-340" />
    <nd ref="-341" />
    <nd ref="-342" />
    <nd ref="-343" />
    <nd ref="-344" />
    <nd ref="-345" />
    <tag k="natural" v="water" />
  </way>
  <node id="-318" lat="33.5882535" lon="130.3738978" />
  <node id="-319" lat="33.5882624" lon="130.3738691" />
  <node id="-320" lat="33.5882724" lon="130.3738555" />
  <node id="-321" lat="33.5882839" lon="130.37384" />
  <node id="-322" lat="33.5882956" lon="130.3738241" />
  <node id="-323" lat="33.5883083" lon="130.3738067" />
  <node id="-324" lat="33.588312" lon="130.3738018" />
  <node id="-325" lat="33.5883231" lon="130.3737867" />
  <node id="-326" lat="33.5883396" lon="130.3737643" />
  <node id="-327" lat="33.5884362" lon="130.373655" />
  <node id="-328" lat="33.5898408" lon="130.3731747" />
  <node id="-329" lat="33.5900777" lon="130.373109" />
  <node id="-330" lat="33.590243" lon="130.3730917" />
  <node id="-331" lat="33.5902472" lon="130.373181" />
  <node id="-332" lat="33.5902527" lon="130.3732983" />
  <node id="-333" lat="33.5887605" lon="130.373793" />
  <node id="-334" lat="33.5885546" lon="130.3738555" />
  <node id="-335" lat="33.5884959" lon="130.3739302" />
  <node id="-336" lat="33.5884844" lon="130.3739459" />
  <node id="-337" lat="33.5884695" lon="130.3739661" />
  <node id="-338" lat="33.5884671" lon="130.3739693" />
  <node id="-339" lat="33.5884562" lon="130.3739841" />
  <node id="-340" lat="33.5884427" lon="130.3740025" />
  <node id="-341" lat="33.5884285" lon="130.3740217" />
  <node id="-342" lat="33.5884187" lon="130.3740351" />
  <node id="-343" lat="33.5883963" lon="130.3740628" />
  <node id="-344" lat="33.5883285" lon="130.3739844" />
  <node id="-345" lat="33.5882535" lon="130.3738978" />
  <way id="204088445">
    <nd ref="-346" />
    <nd ref="-347" />
    <nd ref="-348" />
    <nd ref="-349" />
    <nd ref="-350" />
    <nd ref="-351" />
    <nd ref="-352" />
    <nd ref="-353" />
    <nd ref="-354" />
    <nd ref="-355" />
    <nd ref="-356" />
    <nd ref="-357" />
    <nd ref="-358" />
    <nd ref="-359" />
    <nd ref="-360" />
    <nd ref="-361" />
    <nd ref="-362" />
    <nd ref="-363" />
    <nd ref="-364" />
    <nd ref="-365" />
    <nd ref="-366" />
    <nd ref="-367" />
    <nd ref="-368" />
    <nd ref="-369" />
    <nd ref="-370" />
    <nd ref="-371" />
    <nd ref="-372" />
    <nd ref="-373" />
    <nd ref="-374" />
    <nd ref="-375" />
    <nd ref="-376" />
    <nd ref="-377" />
    <nd ref="-378" />
    <nd ref="-379" />
    <nd ref="-380" />
    <nd ref="-381" />
    <nd ref="-382" />
    <nd ref="-383" />
    <nd ref="-384" />
    <nd ref="-385" />
    <nd ref="-386" />
    <nd ref="-387" />
    <nd ref="-388" />
    <nd ref="-389" />
    <nd ref="-390" />
    <nd ref="-391" />
    <nd ref="-392" />
    <nd ref="-393" />
    <nd ref="-394" />
    <nd ref="-395" />
    <nd ref="-396" />
    <nd ref="-397" />
    <nd ref="-398" />
    <nd ref="-399" />
    <nd ref="-400" />
    <nd ref="-401" />
    <nd ref="-402" />
    <nd ref="-403" />
    <nd ref="-404" />
    <nd ref="-405" />
    <nd ref="-406" />
    <nd ref="-407" />
    <nd ref="-408" />
    <nd ref="-409" />
    <nd ref="-410" />
    <nd ref="-411" />
    <nd ref="-412" />
    <nd ref="-413" />
    <nd ref="-414" />
    <nd ref="-415" />
    <nd ref="-416" />
    <nd ref="-417" />
    <nd ref="-418" />
    <nd ref="-419" />
    <nd ref="-420" />
    <nd ref="-421" />
    <nd ref="-422" />
    <nd ref="-423" />
    <nd ref="-424" />
    <nd ref="-425" />
    <nd ref="-426" />
    <nd ref="-427" />
    <nd ref="-428" />
    <nd ref="-429" />
    <nd ref="-430" />
    <nd ref="-431" />
    <nd ref="-432" />
    <nd ref="-433" />
    <nd ref="-434" />
    <nd ref="-435" />
    <nd ref="-436" />
    <nd ref="-437" />
    <nd ref="-438" />
    <nd ref="-439" />
    <nd ref="-440" />
    <nd ref="-441" />
    <nd ref="-442" />
    <nd ref="-443" />
    <nd ref="-444" />
    <nd ref="-445" />
    <nd ref="-446" />
    <nd ref="-447" />
    <nd ref="-448" />
    <nd ref="-449" />
    <nd ref="-450" />
    <nd ref="-451" />
    <nd ref="-452" />
    <nd ref="-453" />
    <nd ref="-454" />
    <nd ref="-455" />
    <nd ref="-456" />
    <nd ref="-457" />
    <nd ref="-458" />
    <nd ref="-459" />
    <nd ref="-460" />
    <nd ref="-461" />
    <tag k="natural" v="water" />
    <tag k="source:ja" v="国土画像情報（オルソ化空中写真）国土計画局" />
    <tag k="water" v="river" />
  </way>
  <node id="-346" lat="33.5858789" lon="130.3629664" />
  <node id="-347" lat="33.5851866" lon="130.3634492" />
  <node id="-348" lat="33.5845713" lon="130.3638034" />
  <node id="-349" lat="33.5837511" lon="130.3643823" />
  <node id="-350" lat="33.5836866" lon="130.3644178" />
  <node id="-351" lat="33.5825882" lon="130.3650215" />
  <node id="-352" lat="33.5819689" lon="130.3654285" />
  <node id="-353" lat="33.5817289" lon="130.3655886" />
  <node id="-354" lat="33.5814964" lon="130.3657943" />
  <node id="-355" lat="33.581407" lon="130.3660089" />
  <node id="-356" lat="33.5813189" lon="130.3663115" />
  <node id="-357" lat="33.5812773" lon="130.3666216" />
  <node id="-358" lat="33.5812249" lon="130.367112" />
  <node id="-359" lat="33.5812191" lon="130.3672885" />
  <node id="-360" lat="33.5811014" lon="130.3688666" />
  <node id="-361" lat="33.5810529" lon="130.3696853" />
  <node id="-362" lat="33.5810555" lon="130.3699222" />
  <node id="-363" lat="33.580988" lon="130.3704199" />
  <node id="-364" lat="33.5809179" lon="130.3706567" />
  <node id="-365" lat="33.5808461" lon="130.3708469" />
  <node id="-366" lat="33.5807855" lon="130.370958" />
  <node id="-367" lat="33.580434" lon="130.3714183" />
  <node id="-368" lat="33.5800878" lon="130.3719741" />
  <node id="-369" lat="33.5797252" lon="130.3725767" />
  <node id="-370" lat="33.5794196" lon="130.3729185" />
  <node id="-371" lat="33.5792924" lon="130.3730193" />
  <node id="-372" lat="33.5787886" lon="130.3733383" />
  <node id="-373" lat="33.5779585" lon="130.3736053" />
  <node id="-374" lat="33.5778267" lon="130.3736294" />
  <node id="-375" lat="33.5777138" lon="130.3736957" />
  <node id="-376" lat="33.5773091" lon="130.3739485" />
  <node id="-377" lat="33.5768852" lon="130.3742162" />
  <node id="-378" lat="33.5764065" lon="130.3744178" />
  <node id="-379" lat="33.5762031" lon="130.3745445" />
  <node id="-380" lat="33.5759347" lon="130.3747866" />
  <node id="-381" lat="33.5757391" lon="130.3749767" />
  <node id="-382" lat="33.5752258" lon="130.3753227" />
  <node id="-383" lat="33.5747783" lon="130.3755346" />
  <node id="-384" lat="33.5742572" lon="130.3757019" />
  <node id="-385" lat="33.5738772" lon="130.3757975" />
  <node id="-386" lat="33.5736893" lon="130.3758266" />
  <node id="-387" lat="33.5732461" lon="130.3758993" />
  <node id="-388" lat="33.5728021" lon="130.3759814" />
  <node id="-389" lat="33.5722437" lon="130.3760967" />
  <node id="-390" lat="33.5716144" lon="130.3762131" />
  <node id="-391" lat="33.5710578" lon="130.3762972" />
  <node id="-392" lat="33.5706795" lon="130.3762965" />
  <node id="-393" lat="33.5703194" lon="130.3762972" />
  <node id="-394" lat="33.5697835" lon="130.3762411" />
  <node id="-395" lat="33.5691222" lon="130.3761279" />
  <node id="-396" lat="33.5688529" lon="130.376077" />
  <node id="-397" lat="33.5686201" lon="130.3760468" />
  <node id="-398" lat="33.5680989" lon="130.3759324" />
  <node id="-399" lat="33.567707" lon="130.3758519" />
  <node id="-400" lat="33.5676863" lon="130.37551" />
  <node id="-401" lat="33.5681652" lon="130.375628" />
  <node id="-402" lat="33.5689062" lon="130.3757422" />
  <node id="-403" lat="33.569133" lon="130.3757817" />
  <node id="-404" lat="33.5699008" lon="130.3758763" />
  <node id="-405" lat="33.5705726" lon="130.3759563" />
  <node id="-406" lat="33.5711673" lon="130.3759272" />
  <node id="-407" lat="33.5720927" lon="130.3757215" />
  <node id="-408" lat="33.5726025" lon="130.3756332" />
  <node id="-409" lat="33.5730206" lon="130.3755438" />
  <node id="-410" lat="33.5734838" lon="130.3754472" />
  <node id="-411" lat="33.5737988" lon="130.3753911" />
  <node id="-412" lat="33.5743165" lon="130.375283" />
  <node id="-413" lat="33.57468" lon="130.3751521" />
  <node id="-414" lat="33.5751103" lon="130.3749267" />
  <node id="-415" lat="33.5755128" lon="130.3746628" />
  <node id="-416" lat="33.5758227" lon="130.3744301" />
  <node id="-417" lat="33.5760217" lon="130.3742545" />
  <node id="-418" lat="33.5763083" lon="130.3740695" />
  <node id="-419" lat="33.57649" lon="130.3739875" />
  <node id="-420" lat="33.5766805" lon="130.3738981" />
  <node id="-421" lat="33.5768925" lon="130.3737714" />
  <node id="-422" lat="33.5772388" lon="130.3735656" />
  <node id="-423" lat="33.5776196" lon="130.3733579" />
  <node id="-424" lat="33.5777252" lon="130.373308" />
  <node id="-425" lat="33.577881" lon="130.3732706" />
  <node id="-426" lat="33.5781875" lon="130.373176" />
  <node id="-427" lat="33.5783943" lon="130.3731147" />
  <node id="-428" lat="33.5787172" lon="130.3729651" />
  <node id="-429" lat="33.5788271" lon="130.3728841" />
  <node id="-430" lat="33.5789474" lon="130.3728228" />
  <node id="-431" lat="33.5790504" lon="130.3727553" />
  <node id="-432" lat="33.57924" lon="130.372589" />
  <node id="-433" lat="33.5793283" lon="130.3724997" />
  <node id="-434" lat="33.5805288" lon="130.3706919" />
  <node id="-435" lat="33.5806794" lon="130.3699761" />
  <node id="-436" lat="33.5806993" lon="130.3697288" />
  <node id="-437" lat="33.5808969" lon="130.3671314" />
  <node id="-438" lat="33.5809284" lon="130.3665775" />
  <node id="-439" lat="33.5809725" lon="130.3661852" />
  <node id="-440" lat="33.5810557" lon="130.3659207" />
  <node id="-441" lat="33.5812173" lon="130.365593" />
  <node id="-442" lat="33.5813789" lon="130.3653903" />
  <node id="-443" lat="33.5813421" lon="130.3653422" />
  <node id="-444" lat="33.5808534" lon="130.3651347" />
  <node id="-445" lat="33.5808701" lon="130.3650708" />
  <node id="-446" lat="33.5813581" lon="130.3652733" />
  <node id="-447" lat="33.5814469" lon="130.3652795" />
  <node id="-448" lat="33.5815581" lon="130.3652432" />
  <node id="-449" lat="33.5816237" lon="130.3651778" />
  <node id="-450" lat="33.5816763" lon="130.3651596" />
  <node id="-451" lat="33.5818697" lon="130.3650377" />
  <node id="-452" lat="33.5828024" lon="130.364472" />
  <node id="-453" lat="33.5832173" lon="130.364272" />
  <node id="-454" lat="33.5836079" lon="130.3640371" />
  <node id="-455" lat="33.5842954" lon="130.3635329" />
  <node id="-456" lat="33.5844022" lon="130.3634557" />
  <node id="-457" lat="33.5850258" lon="130.3631222" />
  <node id="-458" lat="33.5854483" lon="130.3627908" />
  <node id="-459" lat="33.5856491" lon="130.3626653" />
  <node id="-460" lat="33.5856888" lon="130.3626404" />
  <node id="-461" lat="33.5858789" lon="130.3629664" />
  <way id="208722167">
    <nd ref="-462" />
    <nd ref="-463" />
    <nd ref="-464" />
    <nd ref="-465" />
    <nd ref="-466" />
    <nd ref="-467" />
    <nd ref="-468" />
    <nd ref="-469" />
    <nd ref="-470" />
    <nd ref="-471" />
    <nd ref="-472" />
    <nd ref="-473" />
    <nd ref="-474" />
    <nd ref="-475" />
    <nd ref="-476" />
    <nd ref="-477" />
    <nd ref="-478" />
    <nd ref="-479" />
    <nd ref="-480" />
    <nd ref="-481" />
    <nd ref="-482" />
    <nd ref="-483" />
    <nd ref="-484" />
    <nd ref="-485" />
    <nd ref="-486" />
    <nd ref="-487" />
    <nd ref="-488" />
    <nd ref="-489" />
    <nd ref="-490" />
    <nd ref="-491" />
    <nd ref="-492" />
    <nd ref="-493" />
    <nd ref="-494" />
    <nd ref="-495" />
    <nd ref="-496" />
    <nd ref="-497" />
    <nd ref="-498" />
    <tag k="natural" v="water" />
    <tag k="water" v="river" />
  </way>
  <node id="-462" lat="33.5773763" lon="130.344773" />
  <node id="-463" lat="33.5771578" lon="130.3452036" />
  <node id="-464" lat="33.5760679" lon="130.3452931" />
  <node id="-465" lat="33.5754676" lon="130.345379" />
  <node id="-466" lat="33.5751496" lon="130.3454251" />
  <node id="-467" lat="33.5750046" lon="130.3454689" />
  <node id="-468" lat="33.5748342" lon="130.3455656" />
  <node id="-469" lat="33.5747172" lon="130.3456691" />
  <node id="-470" lat="33.574635" lon="130.3457938" />
  <node id="-471" lat="33.5745407" lon="130.3459801" />
  <node id="-472" lat="33.5744727" lon="130.3461897" />
  <node id="-473" lat="33.574471" lon="130.3467762" />
  <node id="-474" lat="33.5744919" lon="130.3478111" />
  <node id="-475" lat="33.5745373" lon="130.3490805" />
  <node id="-476" lat="33.5745425" lon="130.3504568" />
  <node id="-477" lat="33.5745229" lon="130.3504668" />
  <node id="-478" lat="33.574498" lon="130.3504617" />
  <node id="-479" lat="33.5744448" lon="130.3488585" />
  <node id="-480" lat="33.5743558" lon="130.3467218" />
  <node id="-481" lat="33.5743366" lon="130.3463699" />
  <node id="-482" lat="33.5743643" lon="130.346149" />
  <node id="-483" lat="33.5744221" lon="130.3459404" />
  <node id="-484" lat="33.5745087" lon="130.3457357" />
  <node id="-485" lat="33.5746333" lon="130.3455675" />
  <node id="-486" lat="33.5748741" lon="130.3453769" />
  <node id="-487" lat="33.5750679" lon="130.3452973" />
  <node id="-488" lat="33.5754135" lon="130.3452345" />
  <node id="-489" lat="33.5754501" lon="130.345174" />
  <node id="-490" lat="33.5755479" lon="130.3450126" />
  <node id="-491" lat="33.5756386" lon="130.3449998" />
  <node id="-492" lat="33.5758777" lon="130.3449559" />
  <node id="-493" lat="33.5760665" lon="130.3448951" />
  <node id="-494" lat="33.5762346" lon="130.3447459" />
  <node id="-495" lat="33.5765019" lon="130.344782" />
  <node id="-496" lat="33.5767897" lon="130.3447884" />
  <node id="-497" lat="33.577081" lon="130.3447839" />
  <node id="-498" lat="33.5773763" lon="130.344773" />
  <way id="215832977">
    <nd ref="-499" />
    <nd ref="-500" />
    <nd ref="-501" />
    <nd ref="-502" />
    <nd ref="-503" />
    <tag k="natural" v="water" />
    <tag k="water" v="basin" />
  </way>
  <node id="-499" lat="33.5892236" lon="130.376595" />
  <node id="-500" lat="33.5891343" lon="130.3768921" />
  <node id="-501" lat="33.5891179" lon="130.3768849" />
  <node id="-502" lat="33.5892072" lon="130.3765879" />
  <node id="-503" lat="33.5892236" lon="130.376595" />
  <way id="215832978">
    <nd ref="-504" />
    <nd ref="-505" />
    <nd ref="-506" />
    <nd ref="-507" />
    <nd ref="-508" />
    <tag k="natural" v="water" />
    <tag k="water" v="basin" />
  </way>
  <node id="-504" lat="33.5880959" lon="130.3775922" />
  <node id="-505" lat="33.5880105" lon="130.3776141" />
  <node id="-506" lat="33.5880069" lon="130.3775935" />
  <node id="-507" lat="33.5880922" lon="130.3775717" />
  <node id="-508" lat="33.5880959" lon="130.3775922" />
  <way id="215832979">
    <nd ref="-509" />
    <nd ref="-510" />
    <nd ref="-511" />
    <nd ref="-512" />
    <nd ref="-513" />
    <tag k="natural" v="water" />
    <tag k="water" v="basin" />
  </way>
  <node id="-509" lat="33.5883782" lon="130.3774794" />
  <node id="-510" lat="33.5885457" lon="130.3774177" />
  <node id="-511" lat="33.5885502" lon="130.3774354" />
  <node id="-512" lat="33.5883827" lon="130.3774971" />
  <node id="-513" lat="33.5883782" lon="130.3774794" />
  <way id="215832980">
    <nd ref="-514" />
    <nd ref="-515" />
    <nd ref="-516" />
    <nd ref="-517" />
    <nd ref="-518" />
    <tag k="natural" v="water" />
    <tag k="water" v="basin" />
  </way>
  <node id="-514" lat="33.5888108" lon="130.3743861" />
  <node id="-515" lat="33.5888013" lon="130.3743948" />
  <node id="-516" lat="33.5889348" lon="130.3746038" />
  <node id="-517" lat="33.5889443" lon="130.3745951" />
  <node id="-518" lat="33.5888108" lon="130.3743861" />
  <way id="215832981">
    <nd ref="-519" />
    <nd ref="-520" />
    <nd ref="-521" />
    <nd ref="-522" />
    <nd ref="-523" />
    <tag k="natural" v="water" />
    <tag k="water" v="basin" />
  </way>
  <node id="-519" lat="33.5889588" lon="130.3746203" />
  <node id="-520" lat="33.5890406" lon="130.3747528" />
  <node id="-521" lat="33.5890307" lon="130.3747616" />
  <node id="-522" lat="33.5889488" lon="130.3746291" />
  <node id="-523" lat="33.5889588" lon="130.3746203" />
  <way id="215832982">
    <nd ref="-524" />
    <nd ref="-525" />
    <nd ref="-526" />
    <nd ref="-527" />
    <nd ref="-528" />
    <tag k="natural" v="water" />
    <tag k="water" v="basin" />
  </way>
  <node id="-524" lat="33.5893148" lon="130.3757822" />
  <node id="-525" lat="33.5892991" lon="130.3757822" />
  <node id="-526" lat="33.5892987" lon="130.3759913" />
  <node id="-527" lat="33.5893143" lon="130.3759913" />
  <node id="-528" lat="33.5893148" lon="130.3757822" />
  <way id="215832983">
    <nd ref="-529" />
    <nd ref="-530" />
    <nd ref="-531" />
    <nd ref="-532" />
    <nd ref="-533" />
    <tag k="natural" v="water" />
    <tag k="water" v="basin" />
  </way>
  <node id="-529" lat="33.5887858" lon="130.3773039" />
  <node id="-530" lat="33.588795" lon="130.3773202" />
  <node id="-531" lat="33.5889517" lon="130.3771928" />
  <node id="-532" lat="33.5889426" lon="130.3771765" />
  <node id="-533" lat="33.5887858" lon="130.3773039" />
  <way id="215832984">
    <nd ref="-534" />
    <nd ref="-535" />
    <nd ref="-536" />
    <nd ref="-537" />
    <nd ref="-538" />
    <tag k="natural" v="water" />
    <tag k="water" v="basin" />
  </way>
  <node id="-534" lat="33.589062" lon="130.3747919" />
  <node id="-535" lat="33.5890481" lon="130.3748003" />
  <node id="-536" lat="33.5891386" lon="130.3750169" />
  <node id="-537" lat="33.5891525" lon="130.3750085" />
  <node id="-538" lat="33.589062" lon="130.3747919" />
  <way id="215832985">
    <nd ref="-539" />
    <nd ref="-540" />
    <nd ref="-541" />
    <nd ref="-542" />
    <nd ref="-543" />
    <tag k="natural" v="water" />
    <tag k="water" v="basin" />
  </way>
  <node id="-539" lat="33.5887417" lon="130.3773502" />
  <node id="-540" lat="33.5885703" lon="130.3774258" />
  <node id="-541" lat="33.5885646" lon="130.3774072" />
  <node id="-542" lat="33.588736" lon="130.3773315" />
  <node id="-543" lat="33.5887417" lon="130.3773502" />
  <way id="215832986">
    <nd ref="-544" />
    <nd ref="-545" />
    <nd ref="-546" />
    <nd ref="-547" />
    <nd ref="-548" />
    <tag k="natural" v="water" />
    <tag k="water" v="basin" />
  </way>
  <node id="-544" lat="33.5887956" lon="130.3743692" />
  <node id="-545" lat="33.5887878" lon="130.3743762" />
  <node id="-546" lat="33.5887268" lon="130.3742921" />
  <node id="-547" lat="33.5887346" lon="130.3742835" />
  <node id="-548" lat="33.5887956" lon="130.3743692" />
  <way id="215832987">
    <nd ref="-549" />
    <nd ref="-550" />
    <nd ref="-551" />
    <nd ref="-552" />
    <nd ref="-553" />
    <tag k="natural" v="water" />
    <tag k="water" v="basin" />
  </way>
  <node id="-549" lat="33.5892507" lon="130.3753151" />
  <node id="-550" lat="33.5892367" lon="130.3753179" />
  <node id="-551" lat="33.5892964" lon="130.3757548" />
  <node id="-552" lat="33.5893103" lon="130.3757521" />
  <node id="-553" lat="33.5892507" lon="130.3753151" />
  <way id="215832988">
    <nd ref="-554" />
    <nd ref="-555" />
    <nd ref="-556" />
    <nd ref="-557" />
    <nd ref="-558" />
    <tag k="natural" v="water" />
    <tag k="water" v="basin" />
  </way>
  <node id="-554" lat="33.5883147" lon="130.3775259" />
  <node id="-555" lat="33.58812" lon="130.3775819" />
  <node id="-556" lat="33.5881162" lon="130.3775629" />
  <node id="-557" lat="33.5883109" lon="130.377507" />
  <node id="-558" lat="33.5883147" lon="130.3775259" />
  <way id="215832989">
    <nd ref="-559" />
    <nd ref="-560" />
    <nd ref="-561" />
    <nd ref="-562" />
    <nd ref="-563" />
    <tag k="natural" v="water" />
    <tag k="water" v="basin" />
  </way>
  <node id="-559" lat="33.5891691" lon="130.3750502" />
  <node id="-560" lat="33.5891556" lon="130.3750562" />
  <node id="-561" lat="33.5892147" lon="130.3752453" />
  <node id="-562" lat="33.5892281" lon="130.3752393" />
  <node id="-563" lat="33.5891691" lon="130.3750502" />
  <way id="276434629">
    <nd ref="-564" />
    <nd ref="-565" />
    <nd ref="-566" />
    <nd ref="-567" />
    <nd ref="-568" />
    <nd ref="-569" />
    <nd ref="-570" />
    <nd ref="-571" />
    <nd ref="-572" />
    <nd ref="-573" />
    <tag k="natural" v="water" />
    <tag k="water" v="pond" />
  </way>
  <node id="-564" lat="33.5714788" lon="130.3916636" />
  <node id="-565" lat="33.5714407" lon="130.3916482" />
  <node id="-566" lat="33.5713977" lon="130.3917536" />
  <node id="-567" lat="33.5714279" lon="130.3918414" />
  <node id="-568" lat="33.5714966" lon="130.3917953" />
  <node id="-569" lat="33.571524" lon="130.3917497" />
  <node id="-570" lat="33.5714771" lon="130.3917207" />
  <node id="-571" lat="33.5714838" lon="130.3916986" />
  <node id="-572" lat="33.5714765" lon="130.3916838" />
  <node id="-573" lat="33.5714788" lon="130.3916636" />
  <way id="276434631">
    <nd ref="-574" />
    <nd ref="-575" />
    <nd ref="-576" />
    <nd ref="-577" />
    <nd ref="-578" />
    <nd ref="-579" />
    <nd ref="-580" />
    <nd ref="-581" />
    <nd ref="-582" />
    <nd ref="-583" />
    <tag k="natural" v="water" />
    <tag k="water" v="pond" />
  </way>
  <node id="-574" lat="33.5710333" lon="130.3912738" />
  <node id="-575" lat="33.5710301" lon="130.3912944" />
  <node id="-576" lat="33.5710228" lon="130.3913225" />
  <node id="-577" lat="33.5710059" lon="130.3913455" />
  <node id="-578" lat="33.5709647" lon="130.3913601" />
  <node id="-579" lat="33.5709428" lon="130.3913636" />
  <node id="-580" lat="33.5709227" lon="130.3913127" />
  <node id="-581" lat="33.5709718" lon="130.3912315" />
  <node id="-582" lat="33.5710268" lon="130.3912561" />
  <node id="-583" lat="33.5710333" lon="130.3912738" />
  <way id="276434632">
    <nd ref="-584" />
    <nd ref="-585" />
    <nd ref="-586" />
    <nd ref="-587" />
    <nd ref="-588" />
    <nd ref="-589" />
    <nd ref="-590" />
    <nd ref="-591" />
    <nd ref="-592" />
    <tag k="natural" v="water" />
    <tag k="water" v="pond" />
  </way>
  <node id="-584" lat="33.5709271" lon="130.3912051" />
  <node id="-585" lat="33.5709206" lon="130.3911881" />
  <node id="-586" lat="33.5708779" lon="130.3911646" />
  <node id="-587" lat="33.5708667" lon="130.3911711" />
  <node id="-588" lat="33.5708491" lon="130.3912199" />
  <node id="-589" lat="33.5708495" lon="130.39124" />
  <node id="-590" lat="33.5708899" lon="130.3912649" />
  <node id="-591" lat="33.5709044" lon="130.3912583" />
  <node id="-592" lat="33.5709271" lon="130.3912051" />
  <way id="276434633">
    <nd ref="-593" />
    <nd ref="-594" />
    <nd ref="-595" />
    <nd ref="-596" />
    <nd ref="-597" />
    <nd ref="-598" />
    <nd ref="-599" />
    <nd ref="-600" />
    <nd ref="-601" />
    <nd ref="-602" />
    <nd ref="-603" />
    <nd ref="-604" />
    <nd ref="-605" />
    <nd ref="-606" />
    <nd ref="-607" />
    <nd ref="-608" />
    <nd ref="-609" />
    <nd ref="-610" />
    <nd ref="-611" />
    <nd ref="-612" />
    <nd ref="-613" />
    <nd ref="-614" />
    <nd ref="-615" />
    <nd ref="-616" />
    <nd ref="-617" />
    <tag k="natural" v="water" />
    <tag k="water" v="pond" />
  </way>
  <node id="-593" lat="33.5709015" lon="130.3913264" />
  <node id="-594" lat="33.5709139" lon="130.3913695" />
  <node id="-595" lat="33.5709143" lon="130.3913881" />
  <node id="-596" lat="33.5709055" lon="130.3913919" />
  <node id="-597" lat="33.5708938" lon="130.3913886" />
  <node id="-598" lat="33.570868" lon="130.391378" />
  <node id="-599" lat="33.5707807" lon="130.3913183" />
  <node id="-600" lat="33.5707803" lon="130.3912994" />
  <node id="-601" lat="33.5707947" lon="130.39126" />
  <node id="-602" lat="33.5707709" lon="130.3912424" />
  <node id="-603" lat="33.570758" lon="130.3912253" />
  <node id="-604" lat="33.5707519" lon="130.3912085" />
  <node id="-605" lat="33.5707452" lon="130.3911784" />
  <node id="-606" lat="33.5707413" lon="130.3911549" />
  <node id="-607" lat="33.5707586" lon="130.3911486" />
  <node id="-608" lat="33.5707614" lon="130.3911703" />
  <node id="-609" lat="33.570772" lon="130.3912049" />
  <node id="-610" lat="33.5708033" lon="130.3912417" />
  <node id="-611" lat="33.5708119" lon="130.3912136" />
  <node id="-612" lat="33.5708195" lon="130.3912189" />
  <node id="-613" lat="33.57082" lon="130.3912293" />
  <node id="-614" lat="33.5708138" lon="130.3912455" />
  <node id="-615" lat="33.5708139" lon="130.3912649" />
  <node id="-616" lat="33.5708312" lon="130.3912807" />
  <node id="-617" lat="33.5709015" lon="130.3913264" />
  <way id="487961857">
    <nd ref="-618" />
    <nd ref="-619" />
    <nd ref="-620" />
    <nd ref="-621" />
    <nd ref="-622" />
    <nd ref="-623" />
    <nd ref="-624" />
    <nd ref="-625" />
    <nd ref="-626" />
    <nd ref="-627" />
    <nd ref="-628" />
    <nd ref="-629" />
    <nd ref="-630" />
    <tag k="natural" v="water" />
  </way>
  <node id="-618" lat="33.5726904" lon="130.3868906" />
  <node id="-619" lat="33.5726883" lon="130.3868701" />
  <node id="-620" lat="33.5726783" lon="130.3868546" />
  <node id="-621" lat="33.572639" lon="130.3868389" />
  <node id="-622" lat="33.5726215" lon="130.3868834" />
  <node id="-623" lat="33.5726378" lon="130.3869368" />
  <node id="-624" lat="33.5726524" lon="130.3869801" />
  <node id="-625" lat="33.5726816" lon="130.3870015" />
  <node id="-626" lat="33.5727068" lon="130.3869968" />
  <node id="-627" lat="33.5727139" lon="130.3869784" />
  <node id="-628" lat="33.5727146" lon="130.3869519" />
  <node id="-629" lat="33.5727084" lon="130.3869311" />
  <node id="-630" lat="33.5726904" lon="130.3868906" />
  <way id="487961889">
    <nd ref="-631" />
    <nd ref="-632" />
    <nd ref="-633" />
    <nd ref="-634" />
    <nd ref="-635" />
    <nd ref="-636" />
    <nd ref="-637" />
    <nd ref="-638" />
    <nd ref="-639" />
    <nd ref="-640" />
    <nd ref="-641" />
    <nd ref="-642" />
    <nd ref="-643" />
    <nd ref="-644" />
    <nd ref="-645" />
    <nd ref="-646" />
    <tag k="natural" v="water" />
  </way>
  <node id="-631" lat="33.5730786" lon="130.390235" />
  <node id="-632" lat="33.5731006" lon="130.390192" />
  <node id="-633" lat="33.5730861" lon="130.390137" />
  <node id="-634" lat="33.5730504" lon="130.3901102" />
  <node id="-635" lat="33.5730325" lon="130.3901343" />
  <node id="-636" lat="33.572987" lon="130.3901384" />
  <node id="-637" lat="33.5729453" lon="130.3902027" />
  <node id="-638" lat="33.5728872" lon="130.390259" />
  <node id="-639" lat="33.5728763" lon="130.3902662" />
  <node id="-640" lat="33.5728261" lon="130.3902993" />
  <node id="-641" lat="33.5728264" lon="130.3903052" />
  <node id="-642" lat="33.572828" lon="130.3903395" />
  <node id="-643" lat="33.572844" lon="130.3903691" />
  <node id="-644" lat="33.5728973" lon="130.3903717" />
  <node id="-645" lat="33.5729747" lon="130.3903074" />
  <node id="-646" lat="33.5730786" lon="130.390235" />
  <way id="495189387">
    <nd ref="-647" />
    <nd ref="-648" />
    <nd ref="-649" />
    <nd ref="-650" />
    <nd ref="-651" />
    <nd ref="-652" />
    <nd ref="-653" />
    <nd ref="-654" />
    <nd ref="-655" />
    <nd ref="-656" />
    <nd ref="-657" />
    <nd ref="-658" />
    <nd ref="-659" />
    <nd ref="-660" />
    <nd ref="-661" />
    <nd ref="-662" />
    <nd ref="-663" />
    <nd ref="-664" />
    <nd ref="-665" />
    <tag k="natural" v="water" />
    <tag k="water" v="river" />
  </way>
  <node id="-647" lat="33.5709083" lon="130.3909457" />
  <node id="-648" lat="33.5709239" lon="130.390941" />
  <node id="-649" lat="33.5709485" lon="130.3909182" />
  <node id="-650" lat="33.5709194" lon="130.3908907" />
  <node id="-651" lat="33.570877" lon="130.3909396" />
  <node id="-652" lat="33.5708468" lon="130.3909752" />
  <node id="-653" lat="33.5707966" lon="130.3909966" />
  <node id="-654" lat="33.5707608" lon="130.391006" />
  <node id="-655" lat="33.5707429" lon="130.3910154" />
  <node id="-656" lat="33.5707296" lon="130.3910322" />
  <node id="-657" lat="33.5707083" lon="130.3910798" />
  <node id="-658" lat="33.5707155" lon="130.3911052" />
  <node id="-659" lat="33.5707346" lon="130.3910932" />
  <node id="-660" lat="33.5707373" lon="130.3910717" />
  <node id="-661" lat="33.570748" lon="130.3910516" />
  <node id="-662" lat="33.5707697" lon="130.3910302" />
  <node id="-663" lat="33.5708575" lon="130.3909906" />
  <node id="-664" lat="33.5708893" lon="130.3909537" />
  <node id="-665" lat="33.5709083" lon="130.3909457" />
  <way id="506716274">
    <nd ref="-666" />
    <nd ref="-667" />
    <nd ref="-668" />
    <nd ref="-669" />
    <nd ref="-670" />
    <nd ref="-671" />
    <nd ref="-672" />
    <nd ref="-673" />
    <nd ref="-674" />
    <nd ref="-675" />
    <tag k="natural" v="water" />
    <tag k="water" v="reservoir" />
  </way>
  <node id="-666" lat="33.5883495" lon="130.3871489" />
  <node id="-667" lat="33.5884328" lon="130.3879119" />
  <node id="-668" lat="33.5884186" lon="130.3879698" />
  <node id="-669" lat="33.5883862" lon="130.3879724" />
  <node id="-670" lat="33.5883482" lon="130.3879215" />
  <node id="-671" lat="33.5879279" lon="130.3879407" />
  <node id="-672" lat="33.5878924" lon="130.3878839" />
  <node id="-673" lat="33.5878368" lon="130.3872106" />
  <node id="-674" lat="33.5881228" lon="130.3871758" />
  <node id="-675" lat="33.5883495" lon="130.3871489" />
  <way id="506716275">
    <nd ref="-676" />
    <nd ref="-677" />
    <nd ref="-678" />
    <nd ref="-679" />
    <nd ref="-680" />
    <nd ref="-681" />
    <nd ref="-682" />
    <nd ref="-683" />
    <nd ref="-684" />
    <nd ref="-685" />
    <tag k="natural" v="water" />
    <tag k="water" v="reservoir" />
  </way>
  <node id="-676" lat="33.5879724" lon="130.3882687" />
  <node id="-677" lat="33.5883851" lon="130.3881991" />
  <node id="-678" lat="33.5884007" lon="130.3881428" />
  <node id="-679" lat="33.5884242" lon="130.3881421" />
  <node id="-680" lat="33.5884657" lon="130.3882151" />
  <node id="-681" lat="33.5885629" lon="130.3890077" />
  <node id="-682" lat="33.5885247" lon="130.3890601" />
  <node id="-683" lat="33.5880974" lon="130.3891164" />
  <node id="-684" lat="33.5880592" lon="130.3890983" />
  <node id="-685" lat="33.5879724" lon="130.3882687" />
  <way id="601223388">
    <nd ref="-686" />
    <nd ref="-687" />
    <nd ref="-688" />
    <nd ref="-689" />
    <nd ref="-690" />
    <tag k="natural" v="water" />
    <tag k="water" v="basin" />
  </way>
  <node id="-686" lat="33.5892559" lon="130.3765244" />
  <node id="-687" lat="33.5892419" lon="130.3765199" />
  <node id="-688" lat="33.58928" lon="130.3763504" />
  <node id="-689" lat="33.5892941" lon="130.3763549" />
  <node id="-690" lat="33.5892559" lon="130.3765244" />
  <way id="601223467">
    <nd ref="-691" />
    <nd ref="-692" />
    <nd ref="-693" />
    <nd ref="-694" />
    <nd ref="-695" />
    <tag k="natural" v="water" />
    <tag k="water" v="basin" />
  </way>
  <node id="-691" lat="33.5893063" lon="130.3763055" />
  <node id="-692" lat="33.5892904" lon="130.376302" />
  <node id="-693" lat="33.5893112" lon="130.3761637" />
  <node id="-694" lat="33.5893271" lon="130.3761672" />
  <node id="-695" lat="33.5893063" lon="130.3763055" />
  <way id="672808142">
    <nd ref="-696" />
    <nd ref="-697" />
    <nd ref="-698" />
    <nd ref="-699" />
    <nd ref="-700" />
    <nd ref="-701" />
    <nd ref="-702" />
    <nd ref="-703" />
    <nd ref="-704" />
    <nd ref="-705" />
    <nd ref="-706" />
    <nd ref="-707" />
    <nd ref="-708" />
    <nd ref="-709" />
    <nd ref="-710" />
    <nd ref="-711" />
    <nd ref="-712" />
    <nd ref="-713" />
    <nd ref="-714" />
    <nd ref="-715" />
    <nd ref="-716" />
    <nd ref="-717" />
    <nd ref="-718" />
    <nd ref="-719" />
    <nd ref="-720" />
    <nd ref="-721" />
    <nd ref="-722" />
    <nd ref="-723" />
    <nd ref="-724" />
    <nd ref="-725" />
    <nd ref="-726" />
    <nd ref="-727" />
    <nd ref="-728" />
    <nd ref="-729" />
    <nd ref="-730" />
    <nd ref="-731" />
    <nd ref="-732" />
    <nd ref="-733" />
    <nd ref="-734" />
    <nd ref="-735" />
    <nd ref="-736" />
    <nd ref="-737" />
    <nd ref="-738" />
    <nd ref="-739" />
    <nd ref="-740" />
    <nd ref="-741" />
    <nd ref="-742" />
    <nd ref="-743" />
    <nd ref="-744" />
    <nd ref="-745" />
    <nd ref="-746" />
    <tag k="natural" v="coastline" />
    <tag k="source" v="YahooJapan/ALPSMAP" />
  </way>
  <node id="-696" lat="33.5988102" lon="130.392303" />
  <node id="-697" lat="33.5973194" lon="130.3932184" />
  <node id="-698" lat="33.597076" lon="130.392648" />
  <node id="-699" lat="33.5954791" lon="130.3889055" />
  <node id="-700" lat="33.5973037" lon="130.3877986" />
  <node id="-701" lat="33.596866" lon="130.3867815" />
  <node id="-702" lat="33.5951076" lon="130.3878533" />
  <node id="-703" lat="33.5941591" lon="130.3856818" />
  <node id="-704" lat="33.5960884" lon="130.3839315" />
  <node id="-705" lat="33.5955747" lon="130.3831326" />
  <node id="-706" lat="33.5948849" lon="130.3837945" />
  <node id="-707" lat="33.5944018" lon="130.3836404" />
  <node id="-708" lat="33.5938437" lon="130.3810108" />
  <node id="-709" lat="33.5957503" lon="130.38006" />
  <node id="-710" lat="33.5960084" lon="130.3793505" />
  <node id="-711" lat="33.5970685" lon="130.3788745" />
  <node id="-712" lat="33.5973634" lon="130.380296" />
  <node id="-713" lat="33.5964843" lon="130.3805924" />
  <node id="-714" lat="33.5966351" lon="130.3818921" />
  <node id="-715" lat="33.5966985" lon="130.3827301" />
  <node id="-716" lat="33.5967334" lon="130.3831913" />
  <node id="-717" lat="33.5967834" lon="130.383184" />
  <node id="-718" lat="33.5968529" lon="130.3830593" />
  <node id="-719" lat="33.5978036" lon="130.3827679" />
  <node id="-720" lat="33.59811" lon="130.382674" />
  <node id="-721" lat="33.5986439" lon="130.3825103" />
  <node id="-722" lat="33.5986961" lon="130.3824943" />
  <node id="-723" lat="33.5989507" lon="130.3824163" />
  <node id="-724" lat="33.5988881" lon="130.3821283" />
  <node id="-725" lat="33.5992889" lon="130.3820071" />
  <node id="-726" lat="33.5993563" lon="130.3822781" />
  <node id="-727" lat="33.5993931" lon="130.382271" />
  <node id="-728" lat="33.5998411" lon="130.3821266" />
  <node id="-729" lat="33.5998679" lon="130.382262" />
  <node id="-730" lat="33.5998142" lon="130.3822781" />
  <node id="-731" lat="33.5998299" lon="130.3823358" />
  <node id="-732" lat="33.5999192" lon="130.3823116" />
  <node id="-733" lat="33.5998768" lon="130.3821225" />
  <node id="-734" lat="33.6002253" lon="130.3820193" />
  <node id="-735" lat="33.6002499" lon="130.382148" />
  <node id="-736" lat="33.600222" lon="130.3821601" />
  <node id="-737" lat="33.6002331" lon="130.3822191" />
  <node id="-738" lat="33.6003325" lon="130.3821829" />
  <node id="-739" lat="33.600299" lon="130.3819938" />
  <node id="-740" lat="33.6007302" lon="130.3818651" />
  <node id="-741" lat="33.6007782" lon="130.3820528" />
  <node id="-742" lat="33.600871" lon="130.382026" />
  <node id="-743" lat="33.600852" lon="130.3819536" />
  <node id="-744" lat="33.6008218" lon="130.3819589" />
  <node id="-745" lat="33.6007961" lon="130.3818409" />
  <node id="-746" lat="33.6011485" lon="130.381728" />
  <way id="684597927">
    <nd ref="-747" />
    <nd ref="-748" />
    <nd ref="-749" />
    <nd ref="-750" />
    <tag k="waterway" v="stream" />
  </way>
  <node id="-747" lat="33.5902731" lon="130.3690803" />
  <node id="-748" lat="33.5904384" lon="130.368973" />
  <node id="-749" lat="33.5913545" lon="130.3683481" />
  <node id="-750" lat="33.5915365" lon="130.3682435" />
  <way id="685359102">
    <nd ref="-751" />
    <nd ref="-752" />
    <nd ref="-753" />
    <nd ref="-754" />
    <nd ref="-755" />
    <nd ref="-756" />
    <nd ref="-757" />
    <nd ref="-758" />
    <nd ref="-759" />
    <nd ref="-760" />
    <nd ref="-761" />
    <nd ref="-762" />
    <nd ref="-763" />
    <nd ref="-764" />
    <nd ref="-765" />
    <nd ref="-766" />
    <nd ref="-767" />
    <nd ref="-768" />
    <nd ref="-769" />
    <nd ref="-770" />
    <nd ref="-771" />
    <nd ref="-772" />
    <nd ref="-773" />
    <nd ref="-774" />
    <nd ref="-775" />
    <nd ref="-776" />
    <nd ref="-777" />
    <nd ref="-778" />
    <nd ref="-779" />
    <nd ref="-780" />
    <nd ref="-781" />
    <nd ref="-782" />
    <nd ref="-783" />
    <nd ref="-784" />
    <nd ref="-785" />
    <nd ref="-786" />
    <nd ref="-787" />
    <nd ref="-788" />
    <nd ref="-789" />
    <nd ref="-790" />
    <nd ref="-791" />
    <nd ref="-792" />
    <nd ref="-793" />
    <nd ref="-794" />
    <nd ref="-795" />
    <nd ref="-796" />
    <nd ref="-797" />
    <nd ref="-798" />
    <nd ref="-799" />
    <tag k="name" v="七隈川" />
    <tag k="name:ja" v="七隈川" />
    <tag k="source" v="KSJ2" />
    <tag k="waterway" v="river" />
    <tag k="wikidata" v="Q110833275" />
    <tag k="wikipedia" v="ja:七隈川" />
  </way>
  <node id="-751" lat="33.5665935" lon="130.3598098" />
  <node id="-752" lat="33.5666982" lon="130.3598557" />
  <node id="-753" lat="33.5668292" lon="130.3599409" />
  <node id="-754" lat="33.5669523" lon="130.3600019" />
  <node id="-755" lat="33.5670931" lon="130.359989" />
  <node id="-756" lat="33.5672382" lon="130.3599408" />
  <node id="-757" lat="33.5673358" lon="130.359903" />
  <node id="-758" lat="33.5676434" lon="130.3597857" />
  <node id="-759" lat="33.5678217" lon="130.3597388" />
  <node id="-760" lat="33.568039" lon="130.3597146" />
  <node id="-761" lat="33.568262" lon="130.3596597" />
  <node id="-762" lat="33.5684897" lon="130.3596072" />
  <node id="-763" lat="33.568719" lon="130.3594871" />
  <node id="-764" lat="33.5689525" lon="130.3594542" />
  <node id="-765" lat="33.5694625" lon="130.3594505" />
  <node id="-766" lat="33.5695316" lon="130.3595184" />
  <node id="-767" lat="33.5696178" lon="130.3596316" />
  <node id="-768" lat="33.5697671" lon="130.3607136" />
  <node id="-769" lat="33.569991" lon="130.3616983" />
  <node id="-770" lat="33.5700233" lon="130.3617955" />
  <node id="-771" lat="33.5700799" lon="130.3618378" />
  <node id="-772" lat="33.5701262" lon="130.3618623" />
  <node id="-773" lat="33.5701994" lon="130.3618416" />
  <node id="-774" lat="33.5704892" lon="130.3616422" />
  <node id="-775" lat="33.5709548" lon="130.3615783" />
  <node id="-776" lat="33.571191" lon="130.3615129" />
  <node id="-777" lat="33.5713344" lon="130.3615314" />
  <node id="-778" lat="33.5715476" lon="130.3615422" />
  <node id="-779" lat="33.5717609" lon="130.361553" />
  <node id="-780" lat="33.572521" lon="130.3616539" />
  <node id="-781" lat="33.572852" lon="130.3616164" />
  <node id="-782" lat="33.573142" lon="130.361546" />
  <node id="-783" lat="33.5732785" lon="130.3615542" />
  <node id="-784" lat="33.573536" lon="130.3615994" />
  <node id="-785" lat="33.5737463" lon="130.3616792" />
  <node id="-786" lat="33.5743553" lon="130.36194" />
  <node id="-787" lat="33.5746536" lon="130.3620879" />
  <node id="-788" lat="33.575119" lon="130.3623294" />
  <node id="-789" lat="33.5753685" lon="130.3624673" />
  <node id="-790" lat="33.5759589" lon="130.3627582" />
  <node id="-791" lat="33.5771975" lon="130.3633913" />
  <node id="-792" lat="33.5773667" lon="130.3634588" />
  <node id="-793" lat="33.5782298" lon="130.3638688" />
  <node id="-794" lat="33.5791118" lon="130.3642895" />
  <node id="-795" lat="33.5807885" lon="130.3650657" />
  <node id="-796" lat="33.5813112" lon="130.3652875" />
  <node id="-797" lat="33.581492" lon="130.365356" />
  <node id="-798" lat="33.581517" lon="130.36541" />
  <node id="-799" lat="33.581566" lon="130.365512" />
  <way id="723752862">
    <nd ref="-800" />
    <nd ref="-801" />
    <nd ref="-802" />
    <nd ref="-803" />
    <nd ref="-804" />
    <nd ref="-805" />
    <nd ref="-806" />
    <nd ref="-807" />
    <nd ref="-808" />
    <nd ref="-809" />
    <nd ref="-810" />
    <nd ref="-811" />
    <nd ref="-812" />
    <nd ref="-813" />
    <nd ref="-814" />
    <nd ref="-815" />
    <nd ref="-816" />
    <nd ref="-817" />
    <nd ref="-818" />
    <nd ref="-819" />
    <nd ref="-820" />
    <nd ref="-821" />
    <nd ref="-822" />
    <nd ref="-823" />
    <nd ref="-824" />
    <nd ref="-825" />
    <nd ref="-826" />
    <nd ref="-827" />
    <nd ref="-828" />
    <nd ref="-829" />
    <nd ref="-830" />
    <nd ref="-831" />
    <nd ref="-832" />
    <nd ref="-833" />
    <nd ref="-834" />
    <nd ref="-835" />
    <nd ref="-836" />
    <nd ref="-837" />
    <nd ref="-838" />
    <nd ref="-839" />
    <nd ref="-840" />
    <nd ref="-841" />
    <nd ref="-842" />
    <nd ref="-843" />
    <nd ref="-844" />
    <nd ref="-845" />
    <nd ref="-846" />
    <nd ref="-847" />
    <nd ref="-848" />
    <nd ref="-849" />
    <nd ref="-850" />
    <nd ref="-851" />
    <nd ref="-852" />
    <nd ref="-853" />
    <nd ref="-854" />
    <nd ref="-855" />
    <nd ref="-856" />
    <nd ref="-857" />
    <nd ref="-858" />
    <nd ref="-859" />
    <nd ref="-860" />
    <nd ref="-861" />
    <nd ref="-862" />
    <nd ref="-863" />
    <nd ref="-864" />
    <nd ref="-865" />
    <nd ref="-866" />
    <nd ref="-867" />
    <nd ref="-868" />
    <nd ref="-869" />
    <nd ref="-870" />
    <nd ref="-871" />
    <nd ref="-872" />
    <nd ref="-873" />
    <nd ref="-874" />
    <nd ref="-875" />
    <nd ref="-876" />
    <nd ref="-877" />
    <nd ref="-878" />
    <nd ref="-879" />
    <nd ref="-880" />
    <nd ref="-881" />
    <nd ref="-882" />
    <nd ref="-883" />
    <nd ref="-884" />
    <nd ref="-885" />
    <nd ref="-886" />
    <nd ref="-887" />
    <nd ref="-888" />
    <nd ref="-889" />
    <nd ref="-890" />
    <nd ref="-891" />
    <nd ref="-892" />
    <nd ref="-893" />
    <nd ref="-894" />
    <nd ref="-895" />
    <nd ref="-896" />
    <nd ref="-897" />
    <nd ref="-898" />
    <nd ref="-899" />
    <nd ref="-900" />
    <nd ref="-901" />
    <nd ref="-902" />
    <nd ref="-903" />
    <nd ref="-904" />
    <nd ref="-905" />
    <nd ref="-906" />
    <nd ref="-907" />
    <nd ref="-908" />
    <nd ref="-909" />
    <nd ref="-910" />
    <nd ref="-911" />
    <nd ref="-912" />
    <nd ref="-913" />
    <nd ref="-914" />
    <nd ref="-915" />
    <nd ref="-916" />
    <nd ref="-917" />
    <nd ref="-918" />
    <nd ref="-919" />
    <nd ref="-920" />
    <tag k="natural" v="coastline" />
    <tag k="source" v="YahooJapan/ALPSMAP;bing" />
  </way>
  <node id="-800" lat="33.6007151" lon="130.3692173" />
  <node id="-801" lat="33.6006754" lon="130.369064" />
  <node id="-802" lat="33.600678" lon="130.368923" />
  <node id="-803" lat="33.6007214" lon="130.3687677" />
  <node id="-804" lat="33.6008984" lon="130.3688203" />
  <node id="-805" lat="33.6009045" lon="130.368759" />
  <node id="-806" lat="33.6007816" lon="130.368715" />
  <node id="-807" lat="33.600782" lon="130.3686756" />
  <node id="-808" lat="33.6007546" lon="130.3686328" />
  <node id="-809" lat="33.6007262" lon="130.3686219" />
  <node id="-810" lat="33.6007515" lon="130.3685084" />
  <node id="-811" lat="33.6008033" lon="130.3681309" />
  <node id="-812" lat="33.6008055" lon="130.3679207" />
  <node id="-813" lat="33.6007872" lon="130.3676" />
  <node id="-814" lat="33.6007669" lon="130.3673917" />
  <node id="-815" lat="33.6008233" lon="130.3672216" />
  <node id="-816" lat="33.6009121" lon="130.3670423" />
  <node id="-817" lat="33.6010068" lon="130.3669041" />
  <node id="-818" lat="33.601095" lon="130.3668056" />
  <node id="-819" lat="33.6011652" lon="130.3667489" />
  <node id="-820" lat="33.6012455" lon="130.3667117" />
  <node id="-821" lat="33.6013362" lon="130.3666659" />
  <node id="-822" lat="33.6015119" lon="130.3671396" />
  <node id="-823" lat="33.601612" lon="130.3670869" />
  <node id="-824" lat="33.6012772" lon="130.3662199" />
  <node id="-825" lat="33.6012375" lon="130.3662139" />
  <node id="-826" lat="33.6011725" lon="130.3660459" />
  <node id="-827" lat="33.6012013" lon="130.3660188" />
  <node id="-828" lat="33.6005155" lon="130.3643205" />
  <node id="-829" lat="33.5997688" lon="130.3629854" />
  <node id="-830" lat="33.599715" lon="130.3629587" />
  <node id="-831" lat="33.5994242" lon="130.362471" />
  <node id="-832" lat="33.5993893" lon="130.3624783" />
  <node id="-833" lat="33.5993264" lon="130.3623816" />
  <node id="-834" lat="33.5989028" lon="130.3627302" />
  <node id="-835" lat="33.5989342" lon="130.3627799" />
  <node id="-836" lat="33.5991419" lon="130.3625956" />
  <node id="-837" lat="33.6001802" lon="130.3643559" />
  <node id="-838" lat="33.5993699" lon="130.365032" />
  <node id="-839" lat="33.5983247" lon="130.3632951" />
  <node id="-840" lat="33.5986849" lon="130.3630031" />
  <node id="-841" lat="33.598658" lon="130.3629623" />
  <node id="-842" lat="33.5982933" lon="130.3632707" />
  <node id="-843" lat="33.5979581" lon="130.3633565" />
  <node id="-844" lat="33.5979121" lon="130.3633666" />
  <node id="-845" lat="33.5978762" lon="130.3633754" />
  <node id="-846" lat="33.5978624" lon="130.3633778" />
  <node id="-847" lat="33.5978285" lon="130.3633882" />
  <node id="-848" lat="33.5977824" lon="130.3633987" />
  <node id="-849" lat="33.5974772" lon="130.3634822" />
  <node id="-850" lat="33.5974509" lon="130.3634512" />
  <node id="-851" lat="33.5974383" lon="130.3634485" />
  <node id="-852" lat="33.5974201" lon="130.3634526" />
  <node id="-853" lat="33.597401" lon="130.3634665" />
  <node id="-854" lat="33.5966784" lon="130.3643003" />
  <node id="-855" lat="33.5954983" lon="130.3656562" />
  <node id="-856" lat="33.5948935" lon="130.3663558" />
  <node id="-857" lat="33.5940502" lon="130.3673204" />
  <node id="-858" lat="33.5940043" lon="130.3673416" />
  <node id="-859" lat="33.5939554" lon="130.3673495" />
  <node id="-860" lat="33.5937882" lon="130.3673768" />
  <node id="-861" lat="33.5937632" lon="130.3673809" />
  <node id="-862" lat="33.593744" lon="130.367384" />
  <node id="-863" lat="33.5936884" lon="130.3674372" />
  <node id="-864" lat="33.5924086" lon="130.3678793" />
  <node id="-865" lat="33.5921097" lon="130.3679967" />
  <node id="-866" lat="33.5919786" lon="130.3680566" />
  <node id="-867" lat="33.5918265" lon="130.3681261" />
  <node id="-868" lat="33.5915462" lon="130.3682723" />
  <node id="-869" lat="33.5915365" lon="130.3682435" />
  <node id="-870" lat="33.5915283" lon="130.3681887" />
  <node id="-871" lat="33.5918483" lon="130.3679819" />
  <node id="-872" lat="33.5922058" lon="130.3677741" />
  <node id="-873" lat="33.5934516" lon="130.3670682" />
  <node id="-874" lat="33.5934894" lon="130.3670184" />
  <node id="-875" lat="33.593533" lon="130.3669609" />
  <node id="-876" lat="33.5936142" lon="130.3668513" />
  <node id="-877" lat="33.5936286" lon="130.3668346" />
  <node id="-878" lat="33.5936429" lon="130.3668179" />
  <node id="-879" lat="33.5937331" lon="130.3667073" />
  <node id="-880" lat="33.5957313" lon="130.3643375" />
  <node id="-881" lat="33.5972456" lon="130.3624533" />
  <node id="-882" lat="33.5972738" lon="130.3624171" />
  <node id="-883" lat="33.5972971" lon="130.362389" />
  <node id="-884" lat="33.597308" lon="130.3623753" />
  <node id="-885" lat="33.5973314" lon="130.362345" />
  <node id="-886" lat="33.5973626" lon="130.3623105" />
  <node id="-887" lat="33.5989273" lon="130.3604419" />
  <node id="-888" lat="33.598601" lon="130.3596342" />
  <node id="-889" lat="33.5985597" lon="130.3596597" />
  <node id="-890" lat="33.5988731" lon="130.3604311" />
  <node id="-891" lat="33.5988261" lon="130.3604842" />
  <node id="-892" lat="33.5987994" lon="130.3604543" />
  <node id="-893" lat="33.5983699" lon="130.3609555" />
  <node id="-894" lat="33.5982805" lon="130.3608754" />
  <node id="-895" lat="33.5981219" lon="130.3608647" />
  <node id="-896" lat="33.5980396" lon="130.3608018" />
  <node id="-897" lat="33.5978269" lon="130.360698" />
  <node id="-898" lat="33.5976329" lon="130.3605784" />
  <node id="-899" lat="33.5973368" lon="130.3602685" />
  <node id="-900" lat="33.5971248" lon="130.3598799" />
  <node id="-901" lat="33.5970362" lon="130.3597132" />
  <node id="-902" lat="33.5968439" lon="130.3592825" />
  <node id="-903" lat="33.5966897" lon="130.3588482" />
  <node id="-904" lat="33.5965984" lon="130.358339" />
  <node id="-905" lat="33.5966023" lon="130.3578811" />
  <node id="-906" lat="33.5966368" lon="130.3574082" />
  <node id="-907" lat="33.5974258" lon="130.3570197" />
  <node id="-908" lat="33.5974162" lon="130.3569775" />
  <node id="-909" lat="33.5974704" lon="130.3569517" />
  <node id="-910" lat="33.5977798" lon="130.3577268" />
  <node id="-911" lat="33.5978187" lon="130.3577062" />
  <node id="-912" lat="33.5974956" lon="130.3568865" />
  <node id="-913" lat="33.5972884" lon="130.356176" />
  <node id="-914" lat="33.5970885" lon="130.3554908" />
  <node id="-915" lat="33.5968406" lon="130.354301" />
  <node id="-916" lat="33.5967965" lon="130.3543094" />
  <node id="-917" lat="33.5970232" lon="130.3554601" />
  <node id="-918" lat="33.596967" lon="130.35549" />
  <node id="-919" lat="33.5969485" lon="130.355439" />
  <node id="-920" lat="33.5961979" lon="130.3558906" />
  <way id="755160587">
    <nd ref="-921" />
    <nd ref="-922" />
    <nd ref="-923" />
    <nd ref="-924" />
    <nd ref="-925" />
    <nd ref="-926" />
    <nd ref="-927" />
    <nd ref="-928" />
    <nd ref="-929" />
    <nd ref="-930" />
    <nd ref="-931" />
    <nd ref="-932" />
    <nd ref="-933" />
    <nd ref="-934" />
    <nd ref="-935" />
    <nd ref="-936" />
    <tag k="natural" v="water" />
    <tag k="water" v="pond" />
  </way>
  <node id="-921" lat="33.5713262" lon="130.3903797" />
  <node id="-922" lat="33.5713508" lon="130.3903985" />
  <node id="-923" lat="33.5713402" lon="130.3904334" />
  <node id="-924" lat="33.5713184" lon="130.3904575" />
  <node id="-925" lat="33.5712902" lon="130.3904686" />
  <node id="-926" lat="33.571267" lon="130.3904756" />
  <node id="-927" lat="33.57126" lon="130.3904719" />
  <node id="-928" lat="33.5712575" lon="130.3904347" />
  <node id="-929" lat="33.5712337" lon="130.3904166" />
  <node id="-930" lat="33.5712326" lon="130.3903918" />
  <node id="-931" lat="33.57125" lon="130.3903744" />
  <node id="-932" lat="33.5712759" lon="130.3903747" />
  <node id="-933" lat="33.5712916" lon="130.3904015" />
  <node id="-934" lat="33.5713" lon="130.3904055" />
  <node id="-935" lat="33.5713131" lon="130.3904035" />
  <node id="-936" lat="33.5713262" lon="130.3903797" />
  <way id="755227494">
    <nd ref="-937" />
    <nd ref="-938" />
    <nd ref="-939" />
    <nd ref="-940" />
    <nd ref="-941" />
    <nd ref="-942" />
    <nd ref="-943" />
    <nd ref="-944" />
    <nd ref="-945" />
    <nd ref="-946" />
    <nd ref="-947" />
    <nd ref="-948" />
    <nd ref="-949" />
    <nd ref="-950" />
    <nd ref="-951" />
    <nd ref="-952" />
    <nd ref="-953" />
    <nd ref="-954" />
    <nd ref="-955" />
    <nd ref="-956" />
    <nd ref="-957" />
    <nd ref="-958" />
    <nd ref="-959" />
    <nd ref="-960" />
    <nd ref="-961" />
    <nd ref="-962" />
    <nd ref="-963" />
    <nd ref="-964" />
    <nd ref="-965" />
    <nd ref="-966" />
    <nd ref="-967" />
    <nd ref="-968" />
    <nd ref="-969" />
    <nd ref="-970" />
    <nd ref="-971" />
    <nd ref="-972" />
    <nd ref="-973" />
    <nd ref="-974" />
    <nd ref="-975" />
    <nd ref="-976" />
    <nd ref="-977" />
    <nd ref="-978" />
    <nd ref="-979" />
    <nd ref="-980" />
    <nd ref="-981" />
    <nd ref="-982" />
    <nd ref="-983" />
    <nd ref="-984" />
    <nd ref="-985" />
    <nd ref="-986" />
    <nd ref="-987" />
    <nd ref="-988" />
    <nd ref="-989" />
    <nd ref="-990" />
    <nd ref="-991" />
    <nd ref="-992" />
    <nd ref="-993" />
    <nd ref="-994" />
    <nd ref="-995" />
    <nd ref="-996" />
    <nd ref="-997" />
    <nd ref="-998" />
    <nd ref="-999" />
    <nd ref="-1000" />
    <nd ref="-1001" />
    <nd ref="-1002" />
    <nd ref="-1003" />
    <nd ref="-1004" />
    <nd ref="-1005" />
    <nd ref="-1006" />
    <nd ref="-1007" />
    <nd ref="-1008" />
    <nd ref="-1009" />
    <nd ref="-1010" />
    <nd ref="-1011" />
    <nd ref="-1012" />
    <nd ref="-1013" />
    <nd ref="-1014" />
    <nd ref="-1015" />
    <nd ref="-1016" />
    <nd ref="-1017" />
    <nd ref="-1018" />
    <nd ref="-1019" />
    <nd ref="-1020" />
    <nd ref="-1021" />
    <nd ref="-1022" />
    <nd ref="-1023" />
    <nd ref="-1024" />
    <nd ref="-1025" />
    <nd ref="-1026" />
    <nd ref="-1027" />
    <nd ref="-1028" />
    <nd ref="-1029" />
    <nd ref="-1030" />
    <nd ref="-1031" />
    <nd ref="-1032" />
    <nd ref="-1033" />
    <nd ref="-1034" />
    <nd ref="-1035" />
    <nd ref="-1036" />
    <nd ref="-1037" />
    <tag k="natural" v="coastline" />
    <tag k="source" v="YahooJapan/ALPSMAP" />
  </way>
  <node id="-937" lat="33.6171858" lon="130.4142419" />
  <node id="-938" lat="33.6169461" lon="130.4141708" />
  <node id="-939" lat="33.6175814" lon="130.4120256" />
  <node id="-940" lat="33.6177264" lon="130.4114816" />
  <node id="-941" lat="33.618721" lon="130.407903" />
  <node id="-942" lat="33.6184704" lon="130.4077994" />
  <node id="-943" lat="33.6193793" lon="130.4045425" />
  <node id="-944" lat="33.6184747" lon="130.4013418" />
  <node id="-945" lat="33.615169" lon="130.3999005" />
  <node id="-946" lat="33.6124207" lon="130.4032292" />
  <node id="-947" lat="33.6115185" lon="130.404711" />
  <node id="-948" lat="33.6109409" lon="130.4056298" />
  <node id="-949" lat="33.6108509" lon="130.4055393" />
  <node id="-950" lat="33.6108329" lon="130.4055688" />
  <node id="-951" lat="33.610776" lon="130.4056617" />
  <node id="-952" lat="33.6118265" lon="130.4066605" />
  <node id="-953" lat="33.6108671" lon="130.4080848" />
  <node id="-954" lat="33.6105304" lon="130.407743" />
  <node id="-955" lat="33.6101862" lon="130.4074089" />
  <node id="-956" lat="33.6098465" lon="130.4070908" />
  <node id="-957" lat="33.6098274" lon="130.4070711" />
  <node id="-958" lat="33.609267" lon="130.4065178" />
  <node id="-959" lat="33.609695" lon="130.4058634" />
  <node id="-960" lat="33.6097086" lon="130.4058773" />
  <node id="-961" lat="33.6097348" lon="130.4058378" />
  <node id="-962" lat="33.6097067" lon="130.4058092" />
  <node id="-963" lat="33.6092418" lon="130.4065006" />
  <node id="-964" lat="33.6082771" lon="130.4056114" />
  <node id="-965" lat="33.609381" lon="130.403809" />
  <node id="-966" lat="33.609489" lon="130.403654" />
  <node id="-967" lat="33.6096223" lon="130.4037526" />
  <node id="-968" lat="33.610878" lon="130.4018223" />
  <node id="-969" lat="33.6129709" lon="130.3987171" />
  <node id="-970" lat="33.6115972" lon="130.3973336" />
  <node id="-971" lat="33.610341" lon="130.3960878" />
  <node id="-972" lat="33.6122354" lon="130.3933684" />
  <node id="-973" lat="33.612101" lon="130.3932474" />
  <node id="-974" lat="33.6102065" lon="130.3959544" />
  <node id="-975" lat="33.6081145" lon="130.398918" />
  <node id="-976" lat="33.60737" lon="130.4000158" />
  <node id="-977" lat="33.6073443" lon="130.4000503" />
  <node id="-978" lat="33.6075177" lon="130.4002161" />
  <node id="-979" lat="33.6070565" lon="130.4010604" />
  <node id="-980" lat="33.6057472" lon="130.3997317" />
  <node id="-981" lat="33.6055953" lon="130.4000143" />
  <node id="-982" lat="33.6058399" lon="130.4005421" />
  <node id="-983" lat="33.6059712" lon="130.4008312" />
  <node id="-984" lat="33.6060794" lon="130.4010692" />
  <node id="-985" lat="33.605763" lon="130.4013621" />
  <node id="-986" lat="33.6056536" lon="130.4014633" />
  <node id="-987" lat="33.6055124" lon="130.401594" />
  <node id="-988" lat="33.6054038" lon="130.4016944" />
  <node id="-989" lat="33.6050192" lon="130.4020504" />
  <node id="-990" lat="33.6033768" lon="130.3996535" />
  <node id="-991" lat="33.6033741" lon="130.3995775" />
  <node id="-992" lat="33.603525" lon="130.3994147" />
  <node id="-993" lat="33.6035445" lon="130.3994013" />
  <node id="-994" lat="33.6039627" lon="130.3989882" />
  <node id="-995" lat="33.6041591" lon="130.399125" />
  <node id="-996" lat="33.6042012" lon="130.3991565" />
  <node id="-997" lat="33.6042432" lon="130.3991879" />
  <node id="-998" lat="33.6049293" lon="130.3996503" />
  <node id="-999" lat="33.6050887" lon="130.3993364" />
  <node id="-1000" lat="33.6050166" lon="130.3992757" />
  <node id="-1001" lat="33.604949" lon="130.3992233" />
  <node id="-1002" lat="33.6055091" lon="130.3981736" />
  <node id="-1003" lat="33.6054275" lon="130.3981114" />
  <node id="-1004" lat="33.6054037" lon="130.398083" />
  <node id="-1005" lat="33.6054115" lon="130.3980616" />
  <node id="-1006" lat="33.6053029" lon="130.3979736" />
  <node id="-1007" lat="33.605716" lon="130.3971729" />
  <node id="-1008" lat="33.605215" lon="130.3964388" />
  <node id="-1009" lat="33.6041792" lon="130.3970617" />
  <node id="-1010" lat="33.6034989" lon="130.3977358" />
  <node id="-1011" lat="33.6027437" lon="130.3981996" />
  <node id="-1012" lat="33.6027042" lon="130.3982235" />
  <node id="-1013" lat="33.6016205" lon="130.3988931" />
  <node id="-1014" lat="33.6006282" lon="130.3994815" />
  <node id="-1015" lat="33.6000039" lon="130.3990174" />
  <node id="-1016" lat="33.5995264" lon="130.3986624" />
  <node id="-1017" lat="33.6001745" lon="130.3982873" />
  <node id="-1018" lat="33.5987214" lon="130.394961" />
  <node id="-1019" lat="33.6003726" lon="130.3939576" />
  <node id="-1020" lat="33.6003817" lon="130.3939884" />
  <node id="-1021" lat="33.6002828" lon="130.3940482" />
  <node id="-1022" lat="33.6006616" lon="130.3949373" />
  <node id="-1023" lat="33.6007646" lon="130.3948725" />
  <node id="-1024" lat="33.6009407" lon="130.3952883" />
  <node id="-1025" lat="33.6016363" lon="130.3969146" />
  <node id="-1026" lat="33.6029994" lon="130.3960582" />
  <node id="-1027" lat="33.6023435" lon="130.3945261" />
  <node id="-1028" lat="33.6040401" lon="130.3934929" />
  <node id="-1029" lat="33.6097757" lon="130.3899995" />
  <node id="-1030" lat="33.6074993" lon="130.3847417" />
  <node id="-1031" lat="33.6046032" lon="130.3864869" />
  <node id="-1032" lat="33.6016872" lon="130.3882711" />
  <node id="-1033" lat="33.6001183" lon="130.3846497" />
  <node id="-1034" lat="33.6000356" lon="130.3846696" />
  <node id="-1035" lat="33.5986887" lon="130.3879714" />
  <node id="-1036" lat="33.6001831" lon="130.3914599" />
  <node id="-1037" lat="33.5988102" lon="130.392303" />
  <way id="793091526">
    <nd ref="-1038" />
    <nd ref="-1039" />
    <nd ref="-1040" />
    <nd ref="-1041" />
    <nd ref="-1042" />
    <tag k="natural" v="water" />
    <tag k="source" v="GSImaps/std" />
    <tag k="water" v="river" />
  </way>
  <node id="-1038" lat="33.5950065" lon="130.3716114" />
  <node id="-1039" lat="33.5950402" lon="130.3715993" />
  <node id="-1040" lat="33.5950351" lon="130.3715788" />
  <node id="-1041" lat="33.5950014" lon="130.3715909" />
  <node id="-1042" lat="33.5950065" lon="130.3716114" />
  <way id="793091527">
    <nd ref="-1043" />
    <nd ref="-1044" />
    <nd ref="-1045" />
    <nd ref="-1046" />
    <nd ref="-1047" />
    <tag k="natural" v="water" />
    <tag k="source" v="GSImaps/std" />
    <tag k="water" v="river" />
  </way>
  <node id="-1043" lat="33.594942" lon="130.3716173" />
  <node id="-1044" lat="33.5947655" lon="130.3716784" />
  <node id="-1045" lat="33.59477" lon="130.3716971" />
  <node id="-1046" lat="33.5949464" lon="130.371636" />
  <node id="-1047" lat="33.594942" lon="130.3716173" />
  <way id="793091528">
    <nd ref="-1048" />
    <nd ref="-1049" />
    <nd ref="-1050" />
    <nd ref="-1051" />
    <nd ref="-1052" />
    <tag k="natural" v="water" />
    <tag k="source" v="GSImaps/std" />
    <tag k="water" v="river" />
  </way>
  <node id="-1048" lat="33.5944757" lon="130.371774" />
  <node id="-1049" lat="33.5944508" lon="130.3717817" />
  <node id="-1050" lat="33.5944553" lon="130.3718025" />
  <node id="-1051" lat="33.5944802" lon="130.3717947" />
  <node id="-1052" lat="33.5944757" lon="130.371774" />
  <way id="793091529">
    <nd ref="-1053" />
    <nd ref="-1054" />
    <nd ref="-1055" />
    <nd ref="-1056" />
    <nd ref="-1057" />
    <tag k="natural" v="water" />
    <tag k="source" v="GSImaps/std" />
    <tag k="water" v="river" />
  </way>
  <node id="-1053" lat="33.5943404" lon="130.3718421" />
  <node id="-1054" lat="33.5944008" lon="130.3718227" />
  <node id="-1055" lat="33.5943962" lon="130.371802" />
  <node id="-1056" lat="33.5943358" lon="130.3718214" />
  <node id="-1057" lat="33.5943404" lon="130.3718421" />
  <way id="793091530">
    <nd ref="-1058" />
    <nd ref="-1059" />
    <nd ref="-1060" />
    <nd ref="-1061" />
    <nd ref="-1062" />
    <tag k="natural" v="water" />
    <tag k="source" v="GSImaps/std" />
    <tag k="water" v="river" />
  </way>
  <node id="-1058" lat="33.5947082" lon="130.3716925" />
  <node id="-1059" lat="33.5945297" lon="130.3717549" />
  <node id="-1060" lat="33.5945347" lon="130.3717755" />
  <node id="-1061" lat="33.5947132" lon="130.371713" />
  <node id="-1062" lat="33.5947082" lon="130.3716925" />
  <way id="793091531">
    <nd ref="-1063" />
    <nd ref="-1064" />
    <nd ref="-1065" />
    <nd ref="-1066" />
    <nd ref="-1067" />
    <tag k="natural" v="water" />
    <tag k="source" v="GSImaps/std" />
    <tag k="water" v="river" />
  </way>
  <node id="-1063" lat="33.5940618" lon="130.3719226" />
  <node id="-1064" lat="33.5938577" lon="130.3719852" />
  <node id="-1065" lat="33.5938611" lon="130.3720012" />
  <node id="-1066" lat="33.5940652" lon="130.3719386" />
  <node id="-1067" lat="33.5940618" lon="130.3719226" />
  <way id="793091532">
    <nd ref="-1068" />
    <nd ref="-1069" />
    <nd ref="-1070" />
    <nd ref="-1071" />
    <nd ref="-1072" />
    <tag k="natural" v="water" />
    <tag k="source" v="GSImaps/std" />
    <tag k="water" v="river" />
  </way>
  <node id="-1068" lat="33.593812" lon="130.3719977" />
  <node id="-1069" lat="33.5937134" lon="130.3720297" />
  <node id="-1070" lat="33.5937171" lon="130.3720461" />
  <node id="-1071" lat="33.5938157" lon="130.3720141" />
  <node id="-1072" lat="33.593812" lon="130.3719977" />
  <way id="793091533">
    <nd ref="-1073" />
    <nd ref="-1074" />
    <nd ref="-1075" />
    <nd ref="-1076" />
    <nd ref="-1077" />
    <tag k="natural" v="water" />
    <tag k="source" v="GSImaps/std" />
    <tag k="water" v="river" />
  </way>
  <node id="-1073" lat="33.5935892" lon="130.3720887" />
  <node id="-1074" lat="33.5936609" lon="130.372067" />
  <node id="-1075" lat="33.5936564" lon="130.3720459" />
  <node id="-1076" lat="33.5935847" lon="130.3720677" />
  <node id="-1077" lat="33.5935892" lon="130.3720887" />
  <way id="793091534">
    <nd ref="-1078" />
    <nd ref="-1079" />
    <nd ref="-1080" />
    <nd ref="-1081" />
    <nd ref="-1082" />
    <tag k="natural" v="water" />
    <tag k="source" v="GSImaps/std" />
    <tag k="water" v="river" />
  </way>
  <node id="-1078" lat="33.5934996" lon="130.3720929" />
  <node id="-1079" lat="33.5935027" lon="130.3721101" />
  <node id="-1080" lat="33.593529" lon="130.3721033" />
  <node id="-1081" lat="33.593526" lon="130.3720861" />
  <node id="-1082" lat="33.5934996" lon="130.3720929" />
  <way id="793091535">
    <nd ref="-1083" />
    <nd ref="-1084" />
    <nd ref="-1085" />
    <nd ref="-1086" />
    <nd ref="-1087" />
    <tag k="natural" v="water" />
    <tag k="source" v="GSImaps/std" />
    <tag k="water" v="river" />
  </way>
  <node id="-1083" lat="33.5934659" lon="130.3721022" />
  <node id="-1084" lat="33.5933419" lon="130.3721428" />
  <node id="-1085" lat="33.5933458" lon="130.37216" />
  <node id="-1086" lat="33.5934698" lon="130.3721194" />
  <node id="-1087" lat="33.5934659" lon="130.3721022" />
  <way id="793091536">
    <nd ref="-1088" />
    <nd ref="-1089" />
    <nd ref="-1090" />
    <nd ref="-1091" />
    <nd ref="-1092" />
    <tag k="natural" v="water" />
    <tag k="source" v="GSImaps/std" />
    <tag k="water" v="river" />
  </way>
  <node id="-1088" lat="33.5942945" lon="130.3718365" />
  <node id="-1089" lat="33.5942121" lon="130.3718652" />
  <node id="-1090" lat="33.594217" lon="130.3718858" />
  <node id="-1091" lat="33.5942995" lon="130.3718571" />
  <node id="-1092" lat="33.5942945" lon="130.3718365" />
  <way id="799026309">
    <nd ref="-1093" />
    <nd ref="-1094" />
    <nd ref="-1095" />
    <nd ref="-1096" />
    <nd ref="-1097" />
    <nd ref="-1098" />
    <nd ref="-1099" />
    <tag k="natural" v="water" />
    <tag k="water" v="pond" />
  </way>
  <node id="-1093" lat="33.5963469" lon="130.3725336" />
  <node id="-1094" lat="33.5963581" lon="130.3725551" />
  <node id="-1095" lat="33.5963569" lon="130.3725819" />
  <node id="-1096" lat="33.5963458" lon="130.3726034" />
  <node id="-1097" lat="33.5963279" lon="130.3725913" />
  <node id="-1098" lat="33.5963279" lon="130.3725511" />
  <node id="-1099" lat="33.5963469" lon="130.3725336" />
  <way id="799029913">
    <nd ref="-1100" />
    <nd ref="-1101" />
    <nd ref="-1102" />
    <nd ref="-1103" />
    <nd ref="-1104" />
    <nd ref="-1105" />
    <nd ref="-1106" />
    <nd ref="-1107" />
    <nd ref="-1108" />
    <nd ref="-1109" />
    <nd ref="-1110" />
    <nd ref="-1111" />
    <nd ref="-1112" />
    <nd ref="-1113" />
    <tag k="natural" v="water" />
    <tag k="source" v="GSImaps/std" />
    <tag k="water" v="river" />
  </way>
  <node id="-1100" lat="33.5960799" lon="130.3709485" />
  <node id="-1101" lat="33.5960028" lon="130.3709418" />
  <node id="-1102" lat="33.5959894" lon="130.3714862" />
  <node id="-1103" lat="33.5959604" lon="130.371564" />
  <node id="-1104" lat="33.5958732" lon="130.3716311" />
  <node id="-1105" lat="33.5953739" lon="130.3716981" />
  <node id="-1106" lat="33.5953192" lon="130.3717397" />
  <node id="-1107" lat="33.5953259" lon="130.3718027" />
  <node id="-1108" lat="33.5958889" lon="130.3717424" />
  <node id="-1109" lat="33.5959637" lon="130.3717156" />
  <node id="-1110" lat="33.5960073" lon="130.3716753" />
  <node id="-1111" lat="33.5960095" lon="130.3716029" />
  <node id="-1112" lat="33.5960643" lon="130.3714822" />
  <node id="-1113" lat="33.5960799" lon="130.3709485" />
  <way id="802059520">
    <nd ref="-1114" />
    <nd ref="-1115" />
    <nd ref="-1116" />
    <nd ref="-1117" />
    <nd ref="-1118" />
    <tag k="natural" v="water" />
    <tag k="water" v="pond" />
  </way>
  <node id="-1114" lat="33.5902306" lon="130.3551181" />
  <node id="-1115" lat="33.5902921" lon="130.3553018" />
  <node id="-1116" lat="33.5901417" lon="130.3553814" />
  <node id="-1117" lat="33.590078" lon="130.3551916" />
  <node id="-1118" lat="33.5902306" lon="130.3551181" />
  <way id="802744033">
    <nd ref="-1119" />
    <nd ref="-1120" />
    <nd ref="-1121" />
    <nd ref="-1122" />
    <nd ref="-1123" />
    <nd ref="-1124" />
    <nd ref="-1125" />
    <nd ref="-1126" />
    <nd ref="-1127" />
    <nd ref="-1128" />
    <nd ref="-1129" />
    <nd ref="-1130" />
    <nd ref="-1131" />
    <nd ref="-1132" />
    <nd ref="-1133" />
    <nd ref="-1134" />
    <nd ref="-1135" />
    <nd ref="-1136" />
    <nd ref="-1137" />
    <nd ref="-1138" />
    <nd ref="-1139" />
    <nd ref="-1140" />
    <nd ref="-1141" />
    <nd ref="-1142" />
    <nd ref="-1143" />
    <nd ref="-1144" />
    <nd ref="-1145" />
    <nd ref="-1146" />
    <nd ref="-1147" />
    <nd ref="-1148" />
    <nd ref="-1149" />
    <nd ref="-1150" />
    <nd ref="-1151" />
    <nd ref="-1152" />
    <nd ref="-1153" />
    <nd ref="-1154" />
    <nd ref="-1155" />
    <nd ref="-1156" />
    <nd ref="-1157" />
    <nd ref="-1158" />
    <nd ref="-1159" />
    <nd ref="-1160" />
    <nd ref="-1161" />
    <nd ref="-1162" />
    <nd ref="-1163" />
    <nd ref="-1164" />
    <nd ref="-1165" />
    <nd ref="-1166" />
    <nd ref="-1167" />
    <tag k="natural" v="water" />
    <tag k="water" v="river" />
  </way>
  <node id="-1119" lat="33.5906953" lon="130.3519576" />
  <node id="-1120" lat="33.5906926" lon="130.3519363" />
  <node id="-1121" lat="33.5905948" lon="130.3519544" />
  <node id="-1122" lat="33.5905686" lon="130.3519336" />
  <node id="-1123" lat="33.5904764" lon="130.3519517" />
  <node id="-1124" lat="33.5904524" lon="130.3520007" />
  <node id="-1125" lat="33.5904016" lon="130.3520101" />
  <node id="-1126" lat="33.5903452" lon="130.3520134" />
  <node id="-1127" lat="33.5903072" lon="130.3519832" />
  <node id="-1128" lat="33.5902038" lon="130.3520027" />
  <node id="-1129" lat="33.5901826" lon="130.3520389" />
  <node id="-1130" lat="33.5900888" lon="130.3520523" />
  <node id="-1131" lat="33.5900603" lon="130.3520241" />
  <node id="-1132" lat="33.5899642" lon="130.3520443" />
  <node id="-1133" lat="33.5899463" lon="130.3520677" />
  <node id="-1134" lat="33.5898726" lon="130.3520785" />
  <node id="-1135" lat="33.5898519" lon="130.3521073" />
  <node id="-1136" lat="33.5897514" lon="130.3521247" />
  <node id="-1137" lat="33.5897184" lon="130.3520919" />
  <node id="-1138" lat="33.5895944" lon="130.35211" />
  <node id="-1139" lat="33.5895648" lon="130.3521468" />
  <node id="-1140" lat="33.5895062" lon="130.3521562" />
  <node id="-1141" lat="33.5895023" lon="130.3521328" />
  <node id="-1142" lat="33.5894268" lon="130.3521442" />
  <node id="-1143" lat="33.5894336" lon="130.352189" />
  <node id="-1144" lat="33.5895757" lon="130.3521712" />
  <node id="-1145" lat="33.5896012" lon="130.3521326" />
  <node id="-1146" lat="33.5896492" lon="130.352118" />
  <node id="-1147" lat="33.5896749" lon="130.3521194" />
  <node id="-1148" lat="33.5897061" lon="130.3521116" />
  <node id="-1149" lat="33.5897461" lon="130.3521474" />
  <node id="-1150" lat="33.5898612" lon="130.3521275" />
  <node id="-1151" lat="33.5898766" lon="130.3521076" />
  <node id="-1152" lat="33.5899562" lon="130.352088" />
  <node id="-1153" lat="33.5899736" lon="130.3520651" />
  <node id="-1154" lat="33.5900655" lon="130.3520514" />
  <node id="-1155" lat="33.5900833" lon="130.3520748" />
  <node id="-1156" lat="33.5901918" lon="130.3520551" />
  <node id="-1157" lat="33.5902179" lon="130.3520222" />
  <node id="-1158" lat="33.5903033" lon="130.3520056" />
  <node id="-1159" lat="33.5903424" lon="130.3520414" />
  <node id="-1160" lat="33.5903547" lon="130.3520349" />
  <node id="-1161" lat="33.5904034" lon="130.3520315" />
  <node id="-1162" lat="33.5904301" lon="130.3520248" />
  <node id="-1163" lat="33.5904636" lon="130.3520204" />
  <node id="-1164" lat="33.5904921" lon="130.3519714" />
  <node id="-1165" lat="33.5905646" lon="130.351961" />
  <node id="-1166" lat="33.5905851" lon="130.3519783" />
  <node id="-1167" lat="33.5906953" lon="130.3519576" />
  <way id="806652354">
    <nd ref="-1168" />
    <nd ref="-1169" />
    <nd ref="-1170" />
    <nd ref="-1171" />
    <nd ref="-1172" />
    <nd ref="-1173" />
    <nd ref="-1174" />
    <nd ref="-1175" />
    <nd ref="-1176" />
    <nd ref="-1177" />
    <nd ref="-1178" />
    <nd ref="-1179" />
    <nd ref="-1180" />
    <nd ref="-1181" />
    <nd ref="-1182" />
    <nd ref="-1183" />
    <nd ref="-1184" />
    <nd ref="-1185" />
    <nd ref="-1186" />
    <nd ref="-1187" />
    <tag k="natural" v="water" />
    <tag k="water" v="river" />
  </way>
  <node id="-1168" lat="33.5709597" lon="130.3909001" />
  <node id="-1169" lat="33.5709753" lon="130.39088" />
  <node id="-1170" lat="33.5710117" lon="130.3907935" />
  <node id="-1171" lat="33.571024" lon="130.3907304" />
  <node id="-1172" lat="33.5710312" lon="130.3906319" />
  <node id="-1173" lat="33.5710396" lon="130.3905018" />
  <node id="-1174" lat="33.5710485" lon="130.3904817" />
  <node id="-1175" lat="33.5710798" lon="130.3904649" />
  <node id="-1176" lat="33.5711424" lon="130.3904609" />
  <node id="-1177" lat="33.5711463" lon="130.3904407" />
  <node id="-1178" lat="33.571067" lon="130.3904253" />
  <node id="-1179" lat="33.571048" lon="130.3904293" />
  <node id="-1180" lat="33.5710335" lon="130.3904428" />
  <node id="-1181" lat="33.5710178" lon="130.3904984" />
  <node id="-1182" lat="33.5710167" lon="130.3905588" />
  <node id="-1183" lat="33.5710094" lon="130.3906875" />
  <node id="-1184" lat="33.5710033" lon="130.3907686" />
  <node id="-1185" lat="33.5709726" lon="130.3908391" />
  <node id="-1186" lat="33.5709402" lon="130.3908693" />
  <node id="-1187" lat="33.5709597" lon="130.3909001" />
  <way id="810195941">
    <nd ref="-1188" />
    <nd ref="-1189" />
    <nd ref="-1190" />
    <nd ref="-1191" />
    <nd ref="-1192" />
    <nd ref="-1193" />
    <nd ref="-1194" />
    <nd ref="-1195" />
    <nd ref="-1196" />
    <nd ref="-1197" />
    <nd ref="-1198" />
    <nd ref="-1199" />
    <nd ref="-1200" />
    <nd ref="-1201" />
    <nd ref="-1202" />
    <tag k="layer" v="-1" />
    <tag k="source" v="GSImaps/std" />
    <tag k="tunnel" v="culvert" />
    <tag k="waterway" v="stream" />
  </way>
  <node id="-1188" lat="33.5682939" lon="130.3955474" />
  <node id="-1189" lat="33.568327" lon="130.3955926" />
  <node id="-1190" lat="33.5684835" lon="130.3959145" />
  <node id="-1191" lat="33.5689942" lon="130.3969713" />
  <node id="-1192" lat="33.568993" lon="130.3971228" />
  <node id="-1193" lat="33.5693853" lon="130.3976512" />
  <node id="-1194" lat="33.5700512" lon="130.3984264" />
  <node id="-1195" lat="33.5700725" lon="130.398425" />
  <node id="-1196" lat="33.5701082" lon="130.3984264" />
  <node id="-1197" lat="33.5701887" lon="130.3984196" />
  <node id="-1198" lat="33.5702122" lon="130.3984223" />
  <node id="-1199" lat="33.5705317" lon="130.3987227" />
  <node id="-1200" lat="33.5707485" lon="130.3990835" />
  <node id="-1201" lat="33.5707999" lon="130.399168" />
  <node id="-1202" lat="33.5715039" lon="130.4003562" />
  <way id="1137519873">
    <nd ref="-1203" />
    <nd ref="-1204" />
    <nd ref="-1205" />
    <nd ref="-1206" />
    <nd ref="-1207" />
    <nd ref="-1208" />
    <nd ref="-1209" />
    <nd ref="-1210" />
    <nd ref="-1211" />
    <nd ref="-1212" />
    <nd ref="-1213" />
    <nd ref="-1214" />
    <nd ref="-1215" />
    <nd ref="-1216" />
    <nd ref="-1217" />
    <nd ref="-1218" />
    <nd ref="-1219" />
    <nd ref="-1220" />
    <nd ref="-1221" />
    <nd ref="-1222" />
    <nd ref="-1223" />
    <nd ref="-1224" />
    <nd ref="-1225" />
    <nd ref="-1226" />
    <nd ref="-1227" />
    <tag k="natural" v="water" />
    <tag k="water" v="pond" />
  </way>
  <node id="-1203" lat="33.5828019" lon="130.3784753" />
  <node id="-1204" lat="33.5827737" lon="130.3784788" />
  <node id="-1205" lat="33.5827523" lon="130.3785185" />
  <node id="-1206" lat="33.5826979" lon="130.3785092" />
  <node id="-1207" lat="33.5826278" lon="130.3784975" />
  <node id="-1208" lat="33.5825432" lon="130.3785792" />
  <node id="-1209" lat="33.5825053" lon="130.3786154" />
  <node id="-1210" lat="33.5824956" lon="130.3787322" />
  <node id="-1211" lat="33.5825354" lon="130.3788396" />
  <node id="-1212" lat="33.58255" lon="130.3789376" />
  <node id="-1213" lat="33.5825354" lon="130.3789855" />
  <node id="-1214" lat="33.5826016" lon="130.3790019" />
  <node id="-1215" lat="33.5826249" lon="130.3789528" />
  <node id="-1216" lat="33.5826599" lon="130.3789517" />
  <node id="-1217" lat="33.5826765" lon="130.3789832" />
  <node id="-1218" lat="33.5827115" lon="130.3789832" />
  <node id="-1219" lat="33.5827533" lon="130.3789108" />
  <node id="-1220" lat="33.5827329" lon="130.3788431" />
  <node id="-1221" lat="33.58273" lon="130.3788104" />
  <node id="-1222" lat="33.5827397" lon="130.378766" />
  <node id="-1223" lat="33.5827689" lon="130.3787357" />
  <node id="-1224" lat="33.5827621" lon="130.3786831" />
  <node id="-1225" lat="33.5827883" lon="130.3785862" />
  <node id="-1226" lat="33.5828136" lon="130.3785407" />
  <node id="-1227" lat="33.5828019" lon="130.3784753" />
  <way id="1137519874">
    <nd ref="-1228" />
    <nd ref="-1229" />
    <nd ref="-1230" />
    <nd ref="-1231" />
    <nd ref="-1232" />
    <nd ref="-1233" />
    <nd ref="-1234" />
    <nd ref="-1235" />
    <nd ref="-1236" />
    <tag k="natural" v="water" />
    <tag k="water" v="pond" />
  </way>
  <node id="-1228" lat="33.5829151" lon="130.3780509" />
  <node id="-1229" lat="33.5829098" lon="130.377942" />
  <node id="-1230" lat="33.5829225" lon="130.377875" />
  <node id="-1231" lat="33.5829514" lon="130.3778774" />
  <node id="-1232" lat="33.5829931" lon="130.3779307" />
  <node id="-1233" lat="33.5829911" lon="130.3779734" />
  <node id="-1234" lat="33.5829689" lon="130.378021" />
  <node id="-1235" lat="33.5829521" lon="130.3780614" />
  <node id="-1236" lat="33.5829151" lon="130.3780509" />
  <way id="1283896412">
    <nd ref="-1237" />
    <nd ref="-1238" />
    <nd ref="-1239" />
    <tag k="alt_name:fr" v="Rivière Kuromon" />
    <tag k="name" v="黒門川" />
    <tag k="name:en" v="Kuromon River" />
    <tag k="name:fr" v="Rivière de la porte noire" />
    <tag k="name:ja-Hira" v="くろもんがわ" />
    <tag k="name:ja-Latn" v="Kuromon-gawa" />
    <tag k="waterway" v="river" />
    <tag k="wikidata" v="Q116181272" />
    <tag k="wikimedia_commons" v="Category:Kuromon River" />
    <tag k="wikipedia" v="ja:黒門川" />
  </way>
  <node id="-1237" lat="33.5883285" lon="130.3739844" />
  <node id="-1238" lat="33.588499" lon="130.3737608" />
  <node id="-1239" lat="33.5902472" lon="130.373181" />
  <way id="1378031173">
    <nd ref="-1240" />
    <nd ref="-1241" />
    <nd ref="-1242" />
    <nd ref="-1243" />
    <nd ref="-1244" />
    <nd ref="-1245" />
    <nd ref="-1246" />
    <nd ref="-1247" />
    <nd ref="-1248" />
    <nd ref="-1249" />
    <nd ref="-1250" />
    <nd ref="-1251" />
    <nd ref="-1252" />
    <nd ref="-1253" />
    <tag k="intermittent" v="yes" />
    <tag k="natural" v="water" />
    <tag k="water" v="basin" />
  </way>
  <node id="-1240" lat="33.569832" lon="130.348837" />
  <node id="-1241" lat="33.5698021" lon="130.3486972" />
  <node id="-1242" lat="33.5698052" lon="130.3486387" />
  <node id="-1243" lat="33.5698115" lon="130.3485952" />
  <node id="-1244" lat="33.5698225" lon="130.3485518" />
  <node id="-1245" lat="33.5698383" lon="130.3485216" />
  <node id="-1246" lat="33.5699012" lon="130.3484952" />
  <node id="-1247" lat="33.5701089" lon="130.3484234" />
  <node id="-1248" lat="33.5701215" lon="130.3484366" />
  <node id="-1249" lat="33.5701073" lon="130.3485329" />
  <node id="-1250" lat="33.5701073" lon="130.3487161" />
  <node id="-1251" lat="33.5701073" lon="130.3487501" />
  <node id="-1252" lat="33.5700916" lon="130.3487577" />
  <node id="-1253" lat="33.569832" lon="130.348837" />
  <way id="1378031178">
    <nd ref="-1254" />
    <nd ref="-1255" />
    <nd ref="-1256" />
    <nd ref="-1257" />
    <nd ref="-1258" />
    <tag k="natural" v="water" />
  </way>
  <node id="-1254" lat="33.5743147" lon="130.3483962" />
  <node id="-1255" lat="33.5743143" lon="130.348415" />
  <node id="-1256" lat="33.5741798" lon="130.3484104" />
  <node id="-1257" lat="33.5741802" lon="130.3483916" />
  <node id="-1258" lat="33.5743147" lon="130.3483962" />
  <way id="1378031179">
    <nd ref="-1259" />
    <nd ref="-1260" />
    <nd ref="-1261" />
    <nd ref="-1262" />
    <nd ref="-1263" />
    <tag k="natural" v="water" />
  </way>
  <node id="-1259" lat="33.574132" lon="130.3483843" />
  <node id="-1260" lat="33.574132" lon="130.3483993" />
  <node id="-1261" lat="33.5739976" lon="130.3483781" />
  <node id="-1262" lat="33.5739993" lon="130.348361" />
  <node id="-1263" lat="33.574132" lon="130.3483843" />
  <way id="1378031180">
    <nd ref="-1264" />
    <nd ref="-1265" />
    <nd ref="-1266" />
    <nd ref="-1267" />
    <nd ref="-1268" />
    <tag k="natural" v="water" />
  </way>
  <node id="-1264" lat="33.5739713" lon="130.3483563" />
  <node id="-1265" lat="33.5739713" lon="130.3483768" />
  <node id="-1266" lat="33.5738722" lon="130.3483576" />
  <node id="-1267" lat="33.5738733" lon="130.3483419" />
  <node id="-1268" lat="33.5739713" lon="130.3483563" />
  <way id="1378031181">
    <nd ref="-1269" />
    <nd ref="-1270" />
    <nd ref="-1271" />
    <nd ref="-1272" />
    <nd ref="-1273" />
    <nd ref="-1274" />
    <nd ref="-1275" />
    <tag k="natural" v="water" />
  </way>
  <node id="-1269" lat="33.5738437" lon="130.3483289" />
  <node id="-1270" lat="33.5738437" lon="130.348348" />
  <node id="-1271" lat="33.5737839" lon="130.3483453" />
  <node id="-1272" lat="33.5737514" lon="130.3483638" />
  <node id="-1273" lat="33.5737406" lon="130.3483487" />
  <node id="-1274" lat="33.5737799" lon="130.3483262" />
  <node id="-1275" lat="33.5738437" lon="130.3483289" />
  <way id="1378031182">
    <nd ref="-1276" />
    <nd ref="-1277" />
    <nd ref="-1278" />
    <nd ref="-1279" />
    <nd ref="-1280" />
    <tag k="natural" v="water" />
  </way>
  <node id="-1276" lat="33.5737109" lon="130.3484267" />
  <node id="-1277" lat="33.5736346" lon="130.3485354" />
  <node id="-1278" lat="33.5736164" lon="130.3485293" />
  <node id="-1279" lat="33.5736944" lon="130.3484144" />
  <node id="-1280" lat="33.5737109" lon="130.3484267" />
  <way id="1378031183">
    <nd ref="-1281" />
    <nd ref="-1282" />
    <nd ref="-1283" />
    <nd ref="-1284" />
    <nd ref="-1285" />
    <tag k="natural" v="water" />
  </way>
  <node id="-1281" lat="33.5735732" lon="130.3485695" />
  <node id="-1282" lat="33.5735934" lon="130.3485901" />
  <node id="-1283" lat="33.5734923" lon="130.3487048" />
  <node id="-1284" lat="33.5734795" lon="130.3486747" />
  <node id="-1285" lat="33.5735732" lon="130.3485695" />
  <way id="1378031184">
    <nd ref="-1286" />
    <nd ref="-1287" />
    <nd ref="-1288" />
    <nd ref="-1289" />
    <nd ref="-1290" />
    <nd ref="-1291" />
    <nd ref="-1292" />
    <nd ref="-1293" />
    <nd ref="-1294" />
    <nd ref="-1295" />
    <nd ref="-1296" />
    <tag k="natural" v="water" />
  </way>
  <node id="-1286" lat="33.5734323" lon="130.3487308" />
  <node id="-1287" lat="33.57344" lon="130.3487479" />
  <node id="-1288" lat="33.5733733" lon="130.3488002" />
  <node id="-1289" lat="33.5733214" lon="130.3488316" />
  <node id="-1290" lat="33.5732707" lon="130.3488574" />
  <node id="-1291" lat="33.5732063" lon="130.3488803" />
  <node id="-1292" lat="33.5731998" lon="130.3488531" />
  <node id="-1293" lat="33.5732665" lon="130.3488359" />
  <node id="-1294" lat="33.5733154" lon="130.3488123" />
  <node id="-1295" lat="33.5733685" lon="130.3487801" />
  <node id="-1296" lat="33.5734323" lon="130.3487308" />
  <way id="1378031185">
    <nd ref="-1297" />
    <nd ref="-1298" />
    <nd ref="-1299" />
    <nd ref="-1300" />
    <nd ref="-1301" />
    <tag k="natural" v="water" />
  </way>
  <node id="-1297" lat="33.573148" lon="130.3488752" />
  <node id="-1298" lat="33.5731527" lon="130.3488955" />
  <node id="-1299" lat="33.5731128" lon="130.3489078" />
  <node id="-1300" lat="33.573111" lon="130.3488881" />
  <node id="-1301" lat="33.573148" lon="130.3488752" />
  <way id="1378031186">
    <nd ref="-1302" />
    <nd ref="-1303" />
    <nd ref="-1304" />
    <nd ref="-1305" />
    <nd ref="-1306" />
    <tag k="natural" v="water" />
  </way>
  <node id="-1302" lat="33.5730463" lon="130.3489061" />
  <node id="-1303" lat="33.5730486" lon="130.3489258" />
  <node id="-1304" lat="33.5728954" lon="130.3489655" />
  <node id="-1305" lat="33.5728945" lon="130.3489436" />
  <node id="-1306" lat="33.5730463" lon="130.3489061" />
  <way id="1378031187">
    <nd ref="-1307" />
    <nd ref="-1308" />
    <nd ref="-1309" />
    <nd ref="-1310" />
    <nd ref="-1311" />
    <nd ref="-1312" />
    <nd ref="-1313" />
    <tag k="natural" v="water" />
  </way>
  <node id="-1307" lat="33.572838" lon="130.3489624" />
  <node id="-1308" lat="33.5728423" lon="130.3489896" />
  <node id="-1309" lat="33.5727248" lon="130.3490126" />
  <node id="-1310" lat="33.5725585" lon="130.3490418" />
  <node id="-1311" lat="33.5725585" lon="130.3490167" />
  <node id="-1312" lat="33.5727248" lon="130.3489864" />
  <node id="-1313" lat="33.572838" lon="130.3489624" />
  <way id="1384744498">
    <nd ref="-1314" />
    <nd ref="-1315" />
    <nd ref="-1316" />
    <nd ref="-1317" />
    <nd ref="-1318" />
    <tag k="natural" v="water" />
  </way>
  <node id="-1314" lat="33.5703185" lon="130.3495464" />
  <node id="-1315" lat="33.570497" lon="130.3495034" />
  <node id="-1316" lat="33.5704996" lon="130.3495254" />
  <node id="-1317" lat="33.5703412" lon="130.3495653" />
  <node id="-1318" lat="33.5703185" lon="130.3495464" />
  <way id="1384744499">
    <nd ref="-1319" />
    <nd ref="-1320" />
    <nd ref="-1321" />
    <nd ref="-1322" />
    <nd ref="-1323" />
    <tag k="natural" v="water" />
  </way>
  <node id="-1319" lat="33.5705496" lon="130.3495128" />
  <node id="-1320" lat="33.5705457" lon="130.3494907" />
  <node id="-1321" lat="33.5711027" lon="130.3493489" />
  <node id="-1322" lat="33.5711066" lon="130.3493711" />
  <node id="-1323" lat="33.5705496" lon="130.3495128" />
  <way id="1384744500">
    <nd ref="-1324" />
    <nd ref="-1325" />
    <nd ref="-1326" />
    <nd ref="-1327" />
    <nd ref="-1328" />
    <tag k="natural" v="water" />
  </way>
  <node id="-1324" lat="33.5711459" lon="130.3493621" />
  <node id="-1325" lat="33.5711417" lon="130.3493408" />
  <node id="-1326" lat="33.5712493" lon="130.34931" />
  <node id="-1327" lat="33.5712535" lon="130.3493313" />
  <node id="-1328" lat="33.5711459" lon="130.3493621" />
  <way id="1384744501">
    <nd ref="-1329" />
    <nd ref="-1330" />
    <nd ref="-1331" />
    <nd ref="-1332" />
    <nd ref="-1333" />
    <tag k="natural" v="water" />
  </way>
  <node id="-1329" lat="33.5713005" lon="130.3493164" />
  <node id="-1330" lat="33.571297" lon="130.3492964" />
  <node id="-1331" lat="33.5714406" lon="130.3492594" />
  <node id="-1332" lat="33.5714442" lon="130.3492794" />
  <node id="-1333" lat="33.5713005" lon="130.3493164" />
  <way id="1384744502">
    <nd ref="-1334" />
    <nd ref="-1335" />
    <nd ref="-1336" />
    <nd ref="-1337" />
    <nd ref="-1338" />
    <tag k="natural" v="water" />
  </way>
  <node id="-1334" lat="33.5714832" lon="130.3492609" />
  <node id="-1335" lat="33.5714792" lon="130.3492396" />
  <node id="-1336" lat="33.5715617" lon="130.3492172" />
  <node id="-1337" lat="33.5715578" lon="130.3492406" />
  <node id="-1338" lat="33.5714832" lon="130.3492609" />
  <way id="1384744503">
    <nd ref="-1339" />
    <nd ref="-1340" />
    <nd ref="-1341" />
    <nd ref="-1342" />
    <nd ref="-1343" />
    <tag k="natural" v="water" />
  </way>
  <node id="-1339" lat="33.571699" lon="130.3491926" />
  <node id="-1340" lat="33.5716857" lon="130.3491773" />
  <node id="-1341" lat="33.5718174" lon="130.349144" />
  <node id="-1342" lat="33.5718209" lon="130.3491627" />
  <node id="-1343" lat="33.571699" lon="130.3491926" />
  <way id="1384744506">
    <nd ref="-1344" />
    <nd ref="-1345" />
    <nd ref="-1346" />
    <nd ref="-1347" />
    <nd ref="-1348" />
    <tag k="natural" v="water" />
  </way>
  <node id="-1344" lat="33.5718841" lon="130.3491439" />
  <node id="-1345" lat="33.5718821" lon="130.3491246" />
  <node id="-1346" lat="33.5719579" lon="130.3491133" />
  <node id="-1347" lat="33.5719599" lon="130.3491325" />
  <node id="-1348" lat="33.5718841" lon="130.3491439" />
  <way id="1384744507">
    <nd ref="-1349" />
    <nd ref="-1350" />
    <nd ref="-1351" />
    <nd ref="-1352" />
    <nd ref="-1353" />
    <tag k="natural" v="water" />
  </way>
  <node id="-1349" lat="33.571979" lon="130.3491268" />
  <node id="-1350" lat="33.5719769" lon="130.349107" />
  <node id="-1351" lat="33.572114" lon="130.3490863" />
  <node id="-1352" lat="33.5721161" lon="130.3491061" />
  <node id="-1353" lat="33.571979" lon="130.3491268" />
  <way id="1384744508">
    <nd ref="-1354" />
    <nd ref="-1355" />
    <nd ref="-1356" />
    <nd ref="-1357" />
    <nd ref="-1358" />
    <tag k="natural" v="water" />
  </way>
  <node id="-1354" lat="33.5721821" lon="130.3490989" />
  <node id="-1355" lat="33.5721796" lon="130.3490774" />
  <node id="-1356" lat="33.5725003" lon="130.3490244" />
  <node id="-1357" lat="33.5725028" lon="130.3490459" />
  <node id="-1358" lat="33.5721821" lon="130.3490989" />
  <way id="1384744512">
    <nd ref="-1359" />
    <nd ref="-1360" />
    <nd ref="-1361" />
    <nd ref="-1362" />
    <nd ref="-1363" />
    <nd ref="-1364" />
    <nd ref="-1365" />
    <tag k="natural" v="water" />
  </way>
  <node id="-1359" lat="33.5694209" lon="130.3497651" />
  <node id="-1360" lat="33.5694209" lon="130.3497441" />
  <node id="-1361" lat="33.5695169" lon="130.3497359" />
  <node id="-1362" lat="33.5696594" lon="130.3497021" />
  <node id="-1363" lat="33.5696594" lon="130.3497194" />
  <node id="-1364" lat="33.5695184" lon="130.3497578" />
  <node id="-1365" lat="33.5694209" lon="130.3497651" />
  <way id="1384744513">
    <nd ref="-1366" />
    <nd ref="-1367" />
    <nd ref="-1368" />
    <nd ref="-1369" />
    <nd ref="-1370" />
    <tag k="natural" v="water" />
  </way>
  <node id="-1366" lat="33.5697013" lon="130.3497109" />
  <node id="-1367" lat="33.5696989" lon="130.349694" />
  <node id="-1368" lat="33.5700338" lon="130.3496256" />
  <node id="-1369" lat="33.5700361" lon="130.3496424" />
  <node id="-1370" lat="33.5697013" lon="130.3497109" />
  <way id="1384744514">
    <nd ref="-1371" />
    <nd ref="-1372" />
    <nd ref="-1373" />
    <nd ref="-1374" />
    <nd ref="-1375" />
    <tag k="natural" v="water" />
  </way>
  <node id="-1371" lat="33.5700951" lon="130.3496243" />
  <node id="-1372" lat="33.5700936" lon="130.349596" />
  <node id="-1373" lat="33.5702117" lon="130.3495658" />
  <node id="-1374" lat="33.5702025" lon="130.349607" />
  <node id="-1375" lat="33.5700951" lon="130.3496243" />
  <way id="1389959234">
    <nd ref="-1376" />
    <nd ref="-1377" />
    <nd ref="-1378" />
    <nd ref="-1379" />
    <nd ref="-1380" />
    <tag k="natural" v="water" />
  </way>
  <node id="-1376" lat="33.5807995" lon="130.3650394" />
  <node id="-1377" lat="33.5807799" lon="130.3650984" />
  <node id="-1378" lat="33.5790297" lon="130.3642926" />
  <node id="-1379" lat="33.5790489" lon="130.3642357" />
  <node id="-1380" lat="33.5807995" lon="130.3650394" />
  <way id="1389959235">
    <nd ref="-1381" />
    <nd ref="-1382" />
    <nd ref="-1383" />
    <nd ref="-1384" />
    <nd ref="-1385" />
    <tag k="natural" v="water" />
  </way>
  <node id="-1381" lat="33.5789803" lon="130.3641996" />
  <node id="-1382" lat="33.5789605" lon="130.3642574" />
  <node id="-1383" lat="33.5772952" lon="130.3634619" />
  <node id="-1384" lat="33.5773153" lon="130.3634062" />
  <node id="-1385" lat="33.5789803" lon="130.3641996" />
  <way id="1389959239">
    <nd ref="-1386" />
    <nd ref="-1387" />
    <nd ref="-1388" />
    <nd ref="-1389" />
    <nd ref="-1390" />
    <tag k="natural" v="water" />
  </way>
  <node id="-1386" lat="33.5772353" lon="130.3633746" />
  <node id="-1387" lat="33.5772174" lon="130.3634303" />
  <node id="-1388" lat="33.5753293" lon="130.3624816" />
  <node id="-1389" lat="33.5753431" lon="130.3624258" />
  <node id="-1390" lat="33.5772353" lon="130.3633746" />
  <way id="1389959240">
    <nd ref="-1391" />
    <nd ref="-1392" />
    <nd ref="-1393" />
    <nd ref="-1394" />
    <nd ref="-1395" />
    <tag k="natural" v="water" />
  </way>
  <node id="-1391" lat="33.5752444" lon="130.3623664" />
  <node id="-1392" lat="33.5752407" lon="130.3624219" />
  <node id="-1393" lat="33.5750628" lon="130.3623381" />
  <node id="-1394" lat="33.5750656" lon="130.3622673" />
  <node id="-1395" lat="33.5752444" lon="130.3623664" />
  <way id="1394903617">
    <nd ref="-1396" />
    <nd ref="-1397" />
    <nd ref="-1398" />
    <nd ref="-1399" />
    <nd ref="-1400" />
    <nd ref="-1401" />
    <nd ref="-1402" />
    <nd ref="-1403" />
    <nd ref="-1404" />
    <tag k="natural" v="water" />
  </way>
  <node id="-1396" lat="33.5741065" lon="130.3496829" />
  <node id="-1397" lat="33.5741082" lon="130.3496968" />
  <node id="-1398" lat="33.5739185" lon="130.3497468" />
  <node id="-1399" lat="33.5737846" lon="130.3497937" />
  <node id="-1400" lat="33.5736049" lon="130.3498825" />
  <node id="-1401" lat="33.5735991" lon="130.3498616" />
  <node id="-1402" lat="33.5737888" lon="130.3497717" />
  <node id="-1403" lat="33.5739185" lon="130.3497318" />
  <node id="-1404" lat="33.5741065" lon="130.3496829" />
  <way id="1394903618">
    <nd ref="-1405" />
    <nd ref="-1406" />
    <nd ref="-1407" />
    <nd ref="-1408" />
    <nd ref="-1409" />
    <nd ref="-1410" />
    <nd ref="-1411" />
    <nd ref="-1412" />
    <nd ref="-1413" />
    <nd ref="-1414" />
    <nd ref="-1415" />
    <tag k="natural" v="water" />
  </way>
  <node id="-1405" lat="33.5735374" lon="130.3498805" />
  <node id="-1406" lat="33.5735419" lon="130.3498951" />
  <node id="-1407" lat="33.5733606" lon="130.3499381" />
  <node id="-1408" lat="33.5732518" lon="130.3499427" />
  <node id="-1409" lat="33.5730833" lon="130.3499965" />
  <node id="-1410" lat="33.5729072" lon="130.3500373" />
  <node id="-1411" lat="33.5729078" lon="130.3500196" />
  <node id="-1412" lat="33.5730795" lon="130.3499835" />
  <node id="-1413" lat="33.5732524" lon="130.3499289" />
  <node id="-1414" lat="33.5733613" lon="130.3499258" />
  <node id="-1415" lat="33.5735374" lon="130.3498805" />
  <way id="1416462950">
    <nd ref="-1416" />
    <nd ref="-1417" />
    <nd ref="-1418" />
    <nd ref="-1419" />
    <nd ref="-1420" />
    <tag k="natural" v="water" />
  </way>
  <node id="-1416" lat="33.5694241" lon="130.3477688" />
  <node id="-1417" lat="33.569422" lon="130.3477435" />
  <node id="-1418" lat="33.5696674" lon="130.3477139" />
  <node id="-1419" lat="33.5696695" lon="130.3477392" />
  <node id="-1420" lat="33.5694241" lon="130.3477688" />
  <way id="1416462951">
    <nd ref="-1421" />
    <nd ref="-1422" />
    <nd ref="-1423" />
    <nd ref="-1424" />
    <nd ref="-1425" />
    <tag k="natural" v="water" />
  </way>
  <node id="-1421" lat="33.5698652" lon="130.347685" />
  <node id="-1422" lat="33.5698672" lon="130.3477145" />
  <node id="-1423" lat="33.5697705" lon="130.3477237" />
  <node id="-1424" lat="33.5697685" lon="130.3476942" />
  <node id="-1425" lat="33.5698652" lon="130.347685" />
  <way id="1444271131">
    <nd ref="-1426" />
    <nd ref="-1427" />
    <nd ref="-1428" />
    <nd ref="-1429" />
    <nd ref="-1430" />
    <nd ref="-1431" />
    <nd ref="-1432" />
    <nd ref="-1433" />
    <nd ref="-1434" />
    <nd ref="-1435" />
    <nd ref="-1436" />
    <nd ref="-1437" />
    <nd ref="-1438" />
    <tag k="name" v="ゾウ用泥浴び場" />
    <tag k="natural" v="water" />
  </way>
  <node id="-1426" lat="33.5733642" lon="130.3900205" />
  <node id="-1427" lat="33.5733882" lon="130.3900919" />
  <node id="-1428" lat="33.573346" lon="130.3901887" />
  <node id="-1429" lat="33.5733469" lon="130.3902164" />
  <node id="-1430" lat="33.573321" lon="130.3902486" />
  <node id="-1431" lat="33.5732999" lon="130.3902521" />
  <node id="-1432" lat="33.5732951" lon="130.390221" />
  <node id="-1433" lat="33.5733095" lon="130.3902198" />
  <node id="-1434" lat="33.5733066" lon="130.3901737" />
  <node id="-1435" lat="33.5733412" lon="130.3901161" />
  <node id="-1436" lat="33.5733143" lon="130.3900182" />
  <node id="-1437" lat="33.573346" lon="130.3899997" />
  <node id="-1438" lat="33.5733642" lon="130.3900205" />
  <way id="1446230930">
    <nd ref="-1439" />
    <nd ref="-1440" />
    <nd ref="-1441" />
    <nd ref="-1442" />
    <nd ref="-1443" />
    <nd ref="-1444" />
    <nd ref="-1445" />
    <nd ref="-1446" />
    <nd ref="-1447" />
    <nd ref="-1448" />
    <nd ref="-1449" />
    <nd ref="-1450" />
    <nd ref="-1451" />
    <nd ref="-1452" />
    <tag k="waterway" v="stream" />
  </way>
  <node id="-1439" lat="33.5710288" lon="130.3505793" />
  <node id="-1440" lat="33.5710626" lon="130.3505487" />
  <node id="-1441" lat="33.5711106" lon="130.3505108" />
  <node id="-1442" lat="33.5711197" lon="130.3505018" />
  <node id="-1443" lat="33.5711602" lon="130.3504747" />
  <node id="-1444" lat="33.5712128" lon="130.3504702" />
  <node id="-1445" lat="33.5713593" lon="130.3504711" />
  <node id="-1446" lat="33.5714239" lon="130.3504648" />
  <node id="-1447" lat="33.5716065" lon="130.3504423" />
  <node id="-1448" lat="33.5717507" lon="130.3503972" />
  <node id="-1449" lat="33.5718551" lon="130.3503512" />
  <node id="-1450" lat="33.5719708" lon="130.3502962" />
  <node id="-1451" lat="33.5721894" lon="130.3502159" />
  <node id="-1452" lat="33.572236" lon="130.3501979" />
  <way id="1446230931">
    <nd ref="-1453" />
    <nd ref="-1454" />
    <nd ref="-1455" />
    <nd ref="-1456" />
    <nd ref="-1457" />
    <tag k="waterway" v="stream" />
  </way>
  <node id="-1453" lat="33.5736101" lon="130.3498665" />
  <node id="-1454" lat="33.5737742" lon="130.3497894" />
  <node id="-1455" lat="33.5738179" lon="130.3497733" />
  <node id="-1456" lat="33.573921" lon="130.349739" />
  <node id="-1457" lat="33.5740915" lon="130.3496942" />
  <way id="1446230932">
    <nd ref="-1458" />
    <nd ref="-1459" />
    <tag k="layer" v="-1" />
    <tag k="tunnel" v="culvert" />
    <tag k="waterway" v="stream" />
  </way>
  <node id="-1458" lat="33.5735331" lon="130.3498894" />
  <node id="-1459" lat="33.5736101" lon="130.3498665" />
  <way id="1446230933">
    <nd ref="-1460" />
    <nd ref="-1461" />
    <nd ref="-1462" />
    <nd ref="-1463" />
    <nd ref="-1464" />
    <nd ref="-1465" />
    <nd ref="-1466" />
    <tag k="waterway" v="stream" />
  </way>
  <node id="-1460" lat="33.572919" lon="130.3500243" />
  <node id="-1461" lat="33.5729316" lon="130.3500221" />
  <node id="-1462" lat="33.5730774" lon="130.3499923" />
  <node id="-1463" lat="33.5732457" lon="130.3499382" />
  <node id="-1464" lat="33.5732742" lon="130.3499355" />
  <node id="-1465" lat="33.5733619" lon="130.3499323" />
  <node id="-1466" lat="33.5735331" lon="130.3498894" />
  <way id="1446230934">
    <nd ref="-1467" />
    <nd ref="-1468" />
    <tag k="layer" v="-1" />
    <tag k="tunnel" v="culvert" />
    <tag k="waterway" v="stream" />
  </way>
  <node id="-1467" lat="33.5728347" lon="130.3500392" />
  <node id="-1468" lat="33.572919" lon="130.3500243" />
  <way id="1446230935">
    <nd ref="-1469" />
    <nd ref="-1470" />
    <nd ref="-1471" />
    <nd ref="-1472" />
    <nd ref="-1473" />
    <nd ref="-1474" />
    <tag k="waterway" v="stream" />
  </way>
  <node id="-1469" lat="33.5723164" lon="130.3501691" />
  <node id="-1470" lat="33.5724268" lon="130.3501294" />
  <node id="-1471" lat="33.5725215" lon="130.3501005" />
  <node id="-1472" lat="33.572659" lon="130.3500708" />
  <node id="-1473" lat="33.5727656" lon="130.3500546" />
  <node id="-1474" lat="33.5728347" lon="130.3500392" />
  <way id="1446230936">
    <nd ref="-1475" />
    <nd ref="-1476" />
    <tag k="layer" v="-1" />
    <tag k="tunnel" v="culvert" />
    <tag k="waterway" v="stream" />
  </way>
  <node id="-1475" lat="33.572236" lon="130.3501979" />
  <node id="-1476" lat="33.5723164" lon="130.3501691" />
  <way id="1446230937">
    <nd ref="-1477" />
    <nd ref="-1478" />
    <tag k="layer" v="-1" />
    <tag k="tunnel" v="culvert" />
    <tag k="waterway" v="stream" />
  </way>
  <node id="-1477" lat="33.5740915" lon="130.3496942" />
  <node id="-1478" lat="33.5743347" lon="130.3496357" />
  <way id="1446230938">
    <nd ref="-1479" />
    <nd ref="-1480" />
    <tag k="layer" v="-1" />
    <tag k="tunnel" v="culvert" />
    <tag k="waterway" v="stream" />
  </way>
  <node id="-1479" lat="33.5743972" lon="130.3496206" />
  <node id="-1480" lat="33.5744491" lon="130.3496081" />
  <way id="1446230939">
    <nd ref="-1481" />
    <nd ref="-1482" />
    <tag k="layer" v="-1" />
    <tag k="tunnel" v="culvert" />
    <tag k="waterway" v="stream" />
  </way>
  <node id="-1481" lat="33.5743347" lon="130.3496357" />
  <node id="-1482" lat="33.5743972" lon="130.3496206" />
  <way id="1446230940">
    <nd ref="-1483" />
    <nd ref="-1484" />
    <tag k="layer" v="-1" />
    <tag k="tunnel" v="culvert" />
    <tag k="waterway" v="stream" />
  </way>
  <node id="-1483" lat="33.5744491" lon="130.3496081" />
  <node id="-1484" lat="33.5744919" lon="130.3495978" />
  <way id="1446230941">
    <nd ref="-1485" />
    <nd ref="-1486" />
    <tag k="waterway" v="stream" />
  </way>
  <node id="-1485" lat="33.5744919" lon="130.3495978" />
  <node id="-1486" lat="33.5744988" lon="130.3495962" />
  <way id="1455798713">
    <nd ref="-1487" />
    <nd ref="-1488" />
    <nd ref="-1489" />
    <nd ref="-1490" />
    <nd ref="-1491" />
    <tag k="natural" v="water" />
  </way>
  <node id="-1487" lat="33.5728596" lon="130.3500803" />
  <node id="-1488" lat="33.5729182" lon="130.35058" />
  <node id="-1489" lat="33.5729066" lon="130.350582" />
  <node id="-1490" lat="33.572848" lon="130.3500823" />
  <node id="-1491" lat="33.5728596" lon="130.3500803" />
  <way id="32009520">
    <nd ref="-1492" />
    <nd ref="-1493" />
    <nd ref="-1494" />
    <nd ref="-1495" />
    <nd ref="-1496" />
    <nd ref="-1497" />
    <nd ref="-1498" />
    <nd ref="-1499" />
    <nd ref="-1500" />
    <nd ref="-1501" />
    <nd ref="-1502" />
    <nd ref="-1503" />
    <nd ref="-1504" />
    <nd ref="-1505" />
    <nd ref="-1506" />
    <nd ref="-1507" />
    <nd ref="-1508" />
    <nd ref="-1509" />
    <nd ref="-1510" />
    <nd ref="-1511" />
    <nd ref="-1512" />
    <nd ref="-1513" />
    <nd ref="-1514" />
    <nd ref="-1515" />
    <nd ref="-1516" />
    <nd ref="-1517" />
    <nd ref="-1518" />
    <nd ref="-1519" />
    <nd ref="-1520" />
    <nd ref="-1521" />
    <nd ref="-1522" />
    <nd ref="-1523" />
    <nd ref="-1524" />
    <nd ref="-1525" />
    <nd ref="-1526" />
    <nd ref="-1527" />
    <nd ref="-1528" />
    <nd ref="-1529" />
    <nd ref="-1530" />
    <nd ref="-1531" />
    <nd ref="-1532" />
    <nd ref="-1533" />
    <nd ref="-1534" />
    <nd ref="-1535" />
    <nd ref="-1536" />
    <nd ref="-1537" />
    <nd ref="-1538" />
    <nd ref="-1539" />
    <nd ref="-1540" />
    <nd ref="-1541" />
    <nd ref="-1542" />
    <nd ref="-1543" />
    <nd ref="-1544" />
    <nd ref="-1545" />
    <nd ref="-1546" />
    <nd ref="-1547" />
    <nd ref="-1548" />
    <nd ref="-1549" />
    <nd ref="-1550" />
    <nd ref="-1551" />
    <nd ref="-1552" />
    <nd ref="-1553" />
    <nd ref="-1554" />
    <tag k="boat" v="no" />
    <tag k="natural" v="water" />
    <tag k="water" v="pond" />
  </way>
  <node id="-1492" lat="33.5892239" lon="130.4104416" />
  <node id="-1493" lat="33.5892241" lon="130.410503" />
  <node id="-1494" lat="33.5892343" lon="130.4105023" />
  <node id="-1495" lat="33.5892341" lon="130.4105164" />
  <node id="-1496" lat="33.5892671" lon="130.4105178" />
  <node id="-1497" lat="33.5893008" lon="130.4105955" />
  <node id="-1498" lat="33.5893498" lon="130.4105647" />
  <node id="-1499" lat="33.5893699" lon="130.4106076" />
  <node id="-1500" lat="33.5893542" lon="130.4106177" />
  <node id="-1501" lat="33.5893866" lon="130.410672" />
  <node id="-1502" lat="33.5894427" lon="130.4107492" />
  <node id="-1503" lat="33.5895006" lon="130.410798" />
  <node id="-1504" lat="33.5895877" lon="130.410851" />
  <node id="-1505" lat="33.589598" lon="130.4108547" />
  <node id="-1506" lat="33.5896374" lon="130.4108691" />
  <node id="-1507" lat="33.5896869" lon="130.4108796" />
  <node id="-1508" lat="33.5897201" lon="130.4108617" />
  <node id="-1509" lat="33.5897508" lon="130.4108584" />
  <node id="-1510" lat="33.5897888" lon="130.4108597" />
  <node id="-1511" lat="33.5898249" lon="130.4108739" />
  <node id="-1512" lat="33.5898815" lon="130.4108517" />
  <node id="-1513" lat="33.5899385" lon="130.4108249" />
  <node id="-1514" lat="33.5899871" lon="130.4107927" />
  <node id="-1515" lat="33.5900463" lon="130.410741" />
  <node id="-1516" lat="33.5900314" lon="130.4107249" />
  <node id="-1517" lat="33.5901368" lon="130.4105754" />
  <node id="-1518" lat="33.5901557" lon="130.410537" />
  <node id="-1519" lat="33.590272" lon="130.4105445" />
  <node id="-1520" lat="33.590256" lon="130.4105957" />
  <node id="-1521" lat="33.5902072" lon="130.4106961" />
  <node id="-1522" lat="33.5901726" lon="130.4107511" />
  <node id="-1523" lat="33.5901189" lon="130.4108074" />
  <node id="-1524" lat="33.5900247" lon="130.4108824" />
  <node id="-1525" lat="33.5899324" lon="130.4109402" />
  <node id="-1526" lat="33.5899076" lon="130.4109635" />
  <node id="-1527" lat="33.5896858" lon="130.4109928" />
  <node id="-1528" lat="33.5896586" lon="130.410963" />
  <node id="-1529" lat="33.589614" lon="130.4109536" />
  <node id="-1530" lat="33.5895827" lon="130.4109208" />
  <node id="-1531" lat="33.5895564" lon="130.4109134" />
  <node id="-1532" lat="33.5895313" lon="130.410914" />
  <node id="-1533" lat="33.5894905" lon="130.4109241" />
  <node id="-1534" lat="33.5894486" lon="130.4109462" />
  <node id="-1535" lat="33.5893615" lon="130.4108872" />
  <node id="-1536" lat="33.5892933" lon="130.4107179" />
  <node id="-1537" lat="33.5892749" lon="130.4107022" />
  <node id="-1538" lat="33.5892498" lon="130.4106887" />
  <node id="-1539" lat="33.5892302" lon="130.4106787" />
  <node id="-1540" lat="33.5891983" lon="130.4106814" />
  <node id="-1541" lat="33.5891699" lon="130.4106709" />
  <node id="-1542" lat="33.589152" lon="130.4106599" />
  <node id="-1543" lat="33.5891364" lon="130.4106472" />
  <node id="-1544" lat="33.5891205" lon="130.4106256" />
  <node id="-1545" lat="33.5891079" lon="130.4106049" />
  <node id="-1546" lat="33.5891023" lon="130.4105774" />
  <node id="-1547" lat="33.5891135" lon="130.4105533" />
  <node id="-1548" lat="33.5891277" lon="130.4105181" />
  <node id="-1549" lat="33.5891347" lon="130.4104809" />
  <node id="-1550" lat="33.589133" lon="130.4104252" />
  <node id="-1551" lat="33.5891269" lon="130.4103789" />
  <node id="-1552" lat="33.5891124" lon="130.4103427" />
  <node id="-1553" lat="33.5891962" lon="130.4103414" />
  <node id="-1554" lat="33.5892239" lon="130.4104416" />
  <way id="44960671">
    <nd ref="-1555" />
    <nd ref="-1556" />
    <nd ref="-1557" />
    <nd ref="-1558" />
    <nd ref="-1559" />
    <nd ref="-1560" />
    <nd ref="-1561" />
    <nd ref="-1562" />
    <nd ref="-1563" />
    <nd ref="-1564" />
    <nd ref="-1565" />
    <nd ref="-1566" />
    <nd ref="-1567" />
    <nd ref="-1568" />
    <nd ref="-1569" />
    <nd ref="-1570" />
    <nd ref="-1571" />
    <nd ref="-1572" />
    <nd ref="-1573" />
    <nd ref="-1574" />
    <nd ref="-1575" />
    <nd ref="-1576" />
    <nd ref="-1577" />
    <nd ref="-1578" />
    <nd ref="-1579" />
    <nd ref="-1580" />
    <nd ref="-1581" />
    <nd ref="-1582" />
    <nd ref="-1583" />
    <nd ref="-1584" />
    <nd ref="-1585" />
    <nd ref="-1586" />
    <nd ref="-1587" />
    <nd ref="-1588" />
    <nd ref="-1589" />
    <nd ref="-1590" />
    <nd ref="-1591" />
    <tag k="natural" v="water" />
    <tag k="source" v="NRPB of MLIT Japan" />
    <tag k="source:ja" v="国土画像情報（オルソ化空中写真）国土計画局" />
    <tag k="water" v="river" />
  </way>
  <node id="-1555" lat="33.5947617" lon="130.4220505" />
  <node id="-1556" lat="33.5950077" lon="130.4215641" />
  <node id="-1557" lat="33.5953266" lon="130.4208384" />
  <node id="-1558" lat="33.595494" lon="130.4200636" />
  <node id="-1559" lat="33.5956277" lon="130.4195601" />
  <node id="-1560" lat="33.5957681" lon="130.4190874" />
  <node id="-1561" lat="33.5958731" lon="130.4187073" />
  <node id="-1562" lat="33.5959868" lon="130.4183479" />
  <node id="-1563" lat="33.5961325" lon="130.4180242" />
  <node id="-1564" lat="33.5965826" lon="130.4174828" />
  <node id="-1565" lat="33.596833" lon="130.417388" />
  <node id="-1566" lat="33.5971696" lon="130.4172289" />
  <node id="-1567" lat="33.5974456" lon="130.4171188" />
  <node id="-1568" lat="33.5981902" lon="130.4168756" />
  <node id="-1569" lat="33.5986342" lon="130.4166737" />
  <node id="-1570" lat="33.5990001" lon="130.4164526" />
  <node id="-1571" lat="33.5991113" lon="130.4163012" />
  <node id="-1572" lat="33.598534" lon="130.4161438" />
  <node id="-1573" lat="33.5983153" lon="130.4163127" />
  <node id="-1574" lat="33.5980708" lon="130.4164391" />
  <node id="-1575" lat="33.5975657" lon="130.4165915" />
  <node id="-1576" lat="33.5971122" lon="130.4167362" />
  <node id="-1577" lat="33.5968067" lon="130.4168116" />
  <node id="-1578" lat="33.5964504" lon="130.416949" />
  <node id="-1579" lat="33.596257" lon="130.4171039" />
  <node id="-1580" lat="33.5962406" lon="130.4171128" />
  <node id="-1581" lat="33.5958595" lon="130.4175921" />
  <node id="-1582" lat="33.5957616" lon="130.4177345" />
  <node id="-1583" lat="33.5956234" lon="130.4179661" />
  <node id="-1584" lat="33.5955487" lon="130.4181466" />
  <node id="-1585" lat="33.5953611" lon="130.4188394" />
  <node id="-1586" lat="33.5952149" lon="130.4193048" />
  <node id="-1587" lat="33.5950514" lon="130.4199027" />
  <node id="-1588" lat="33.5948487" lon="130.420774" />
  <node id="-1589" lat="33.5946663" lon="130.4212821" />
  <node id="-1590" lat="33.5943709" lon="130.4218478" />
  <node id="-1591" lat="33.5947617" lon="130.4220505" />
  <way id="46428314">
    <nd ref="-1592" />
    <nd ref="-1593" />
    <nd ref="-1594" />
    <nd ref="-1595" />
    <nd ref="-1596" />
    <nd ref="-1597" />
    <nd ref="-1598" />
    <nd ref="-1599" />
    <nd ref="-1600" />
    <nd ref="-1601" />
    <nd ref="-1602" />
    <nd ref="-1603" />
    <nd ref="-1604" />
    <nd ref="-1605" />
    <nd ref="-1606" />
    <nd ref="-1607" />
    <nd ref="-1608" />
    <nd ref="-1609" />
    <nd ref="-1610" />
    <nd ref="-1611" />
    <nd ref="-1612" />
    <tag k="name" v="博多川" />
    <tag k="name:en" v="Hakata River" />
    <tag k="name:ja" v="博多川" />
    <tag k="note" v="KSJ2 said &quot;那珂川&quot;" />
    <tag k="waterway" v="river" />
    <tag k="wikipedia" v="ja:博多川" />
  </way>
  <node id="-1592" lat="33.587846" lon="130.409544" />
  <node id="-1593" lat="33.5890921" lon="130.4098233" />
  <node id="-1594" lat="33.5905402" lon="130.4098525" />
  <node id="-1595" lat="33.5916438" lon="130.4099051" />
  <node id="-1596" lat="33.5918535" lon="130.4099063" />
  <node id="-1597" lat="33.5922219" lon="130.4098" />
  <node id="-1598" lat="33.5927736" lon="130.4092302" />
  <node id="-1599" lat="33.5931095" lon="130.4084569" />
  <node id="-1600" lat="33.5935797" lon="130.4076397" />
  <node id="-1601" lat="33.593703" lon="130.4073747" />
  <node id="-1602" lat="33.5938597" lon="130.4069575" />
  <node id="-1603" lat="33.5942282" lon="130.4060653" />
  <node id="-1604" lat="33.5943843" lon="130.405732" />
  <node id="-1605" lat="33.5944934" lon="130.4055023" />
  <node id="-1606" lat="33.5950014" lon="130.4045329" />
  <node id="-1607" lat="33.5951029" lon="130.404396" />
  <node id="-1608" lat="33.5954141" lon="130.4038153" />
  <node id="-1609" lat="33.5958248" lon="130.4026527" />
  <node id="-1610" lat="33.5960421" lon="130.4021153" />
  <node id="-1611" lat="33.5962102" lon="130.4017243" />
  <node id="-1612" lat="33.597027" lon="130.400408" />
  <way id="46429020">
    <nd ref="-1613" />
    <nd ref="-1614" />
    <nd ref="-1615" />
    <nd ref="-1616" />
    <nd ref="-1617" />
    <nd ref="-1618" />
    <nd ref="-1619" />
    <nd ref="-1620" />
    <nd ref="-1621" />
    <nd ref="-1622" />
    <nd ref="-1623" />
    <nd ref="-1624" />
    <nd ref="-1625" />
    <nd ref="-1626" />
    <nd ref="-1627" />
    <nd ref="-1628" />
    <nd ref="-1629" />
    <nd ref="-1630" />
    <nd ref="-1631" />
    <nd ref="-1632" />
    <nd ref="-1633" />
    <nd ref="-1634" />
    <nd ref="-1635" />
    <nd ref="-1636" />
    <nd ref="-1637" />
    <nd ref="-1638" />
    <nd ref="-1639" />
    <nd ref="-1640" />
    <nd ref="-1641" />
    <nd ref="-1642" />
    <nd ref="-1643" />
    <nd ref="-1644" />
    <nd ref="-1645" />
    <nd ref="-1646" />
    <nd ref="-1647" />
    <nd ref="-1648" />
    <nd ref="-1649" />
    <nd ref="-1650" />
    <nd ref="-1651" />
    <nd ref="-1652" />
    <nd ref="-1653" />
    <nd ref="-1654" />
    <nd ref="-1655" />
    <nd ref="-1656" />
    <nd ref="-1657" />
    <nd ref="-1658" />
    <nd ref="-1659" />
    <nd ref="-1660" />
    <nd ref="-1661" />
    <nd ref="-1662" />
    <nd ref="-1663" />
    <nd ref="-1664" />
    <nd ref="-1665" />
    <nd ref="-1666" />
    <nd ref="-1667" />
    <nd ref="-1668" />
    <nd ref="-1669" />
    <nd ref="-1670" />
    <nd ref="-1671" />
    <nd ref="-1672" />
    <nd ref="-1673" />
    <nd ref="-1674" />
    <nd ref="-1675" />
    <nd ref="-1676" />
    <nd ref="-1677" />
    <nd ref="-1678" />
    <nd ref="-1679" />
    <tag k="natural" v="water" />
    <tag k="source" v="NRPB of MLIT Japan" />
    <tag k="source:ja" v="国土画像情報（オルソ化空中写真）国土計画局" />
    <tag k="water" v="river" />
  </way>
  <node id="-1613" lat="33.5778299" lon="130.4145481" />
  <node id="-1614" lat="33.5778999" lon="130.4144788" />
  <node id="-1615" lat="33.5780781" lon="130.4143264" />
  <node id="-1616" lat="33.5782469" lon="130.4141893" />
  <node id="-1617" lat="33.5784093" lon="130.4140486" />
  <node id="-1618" lat="33.5784772" lon="130.4140152" />
  <node id="-1619" lat="33.5785135" lon="130.4140241" />
  <node id="-1620" lat="33.5785885" lon="130.4139957" />
  <node id="-1621" lat="33.5787972" lon="130.4138614" />
  <node id="-1622" lat="33.5788639" lon="130.4138173" />
  <node id="-1623" lat="33.5798308" lon="130.4131077" />
  <node id="-1624" lat="33.5807481" lon="130.4123485" />
  <node id="-1625" lat="33.5810325" lon="130.4121154" />
  <node id="-1626" lat="33.58149" lon="130.4116005" />
  <node id="-1627" lat="33.5818046" lon="130.4111812" />
  <node id="-1628" lat="33.5823389" lon="130.4106232" />
  <node id="-1629" lat="33.582449" lon="130.4104724" />
  <node id="-1630" lat="33.5826283" lon="130.410338" />
  <node id="-1631" lat="33.5829116" lon="130.4101482" />
  <node id="-1632" lat="33.583292" lon="130.4099676" />
  <node id="-1633" lat="33.5835118" lon="130.409925" />
  <node id="-1634" lat="33.5836137" lon="130.4099722" />
  <node id="-1635" lat="33.5840119" lon="130.4099378" />
  <node id="-1636" lat="33.5848439" lon="130.4098944" />
  <node id="-1637" lat="33.5854145" lon="130.4098869" />
  <node id="-1638" lat="33.5854401" lon="130.4098863" />
  <node id="-1639" lat="33.585555" lon="130.4098836" />
  <node id="-1640" lat="33.586048" lon="130.4099184" />
  <node id="-1641" lat="33.5860343" lon="130.4095832" />
  <node id="-1642" lat="33.5860058" lon="130.4090935" />
  <node id="-1643" lat="33.5856167" lon="130.4090828" />
  <node id="-1644" lat="33.5854999" lon="130.4090723" />
  <node id="-1645" lat="33.5843755" lon="130.4090948" />
  <node id="-1646" lat="33.5838738" lon="130.4091297" />
  <node id="-1647" lat="33.5838637" lon="130.4091458" />
  <node id="-1648" lat="33.5831795" lon="130.409202" />
  <node id="-1649" lat="33.583111" lon="130.4092233" />
  <node id="-1650" lat="33.5830749" lon="130.4092249" />
  <node id="-1651" lat="33.5830755" lon="130.409237" />
  <node id="-1652" lat="33.5830593" lon="130.4092444" />
  <node id="-1653" lat="33.583061" lon="130.4092479" />
  <node id="-1654" lat="33.582823" lon="130.4093494" />
  <node id="-1655" lat="33.5828087" lon="130.4093564" />
  <node id="-1656" lat="33.5827879" lon="130.4093746" />
  <node id="-1657" lat="33.582651" lon="130.4094538" />
  <node id="-1658" lat="33.5823483" lon="130.4096333" />
  <node id="-1659" lat="33.5822435" lon="130.4096698" />
  <node id="-1660" lat="33.5821533" lon="130.4097407" />
  <node id="-1661" lat="33.581996" lon="130.4099243" />
  <node id="-1662" lat="33.5819335" lon="130.4100099" />
  <node id="-1663" lat="33.5816966" lon="130.410301" />
  <node id="-1664" lat="33.5812437" lon="130.4108262" />
  <node id="-1665" lat="33.5808158" lon="130.4113796" />
  <node id="-1666" lat="33.5806616" lon="130.4115584" />
  <node id="-1667" lat="33.5803915" lon="130.4118439" />
  <node id="-1668" lat="33.5802035" lon="130.4120037" />
  <node id="-1669" lat="33.5801612" lon="130.4120387" />
  <node id="-1670" lat="33.5796404" lon="130.4124503" />
  <node id="-1671" lat="33.5791338" lon="130.4128169" />
  <node id="-1672" lat="33.5781853" lon="130.4134582" />
  <node id="-1673" lat="33.5781343" lon="130.4134923" />
  <node id="-1674" lat="33.5780236" lon="130.4136099" />
  <node id="-1675" lat="33.5778104" lon="130.4137658" />
  <node id="-1676" lat="33.577522" lon="130.4139765" />
  <node id="-1677" lat="33.5774218" lon="130.4141048" />
  <node id="-1678" lat="33.5776674" lon="130.4143267" />
  <node id="-1679" lat="33.5778299" lon="130.4145481" />
  <way id="46429276">
    <nd ref="-1680" />
    <nd ref="-1681" />
    <nd ref="-1682" />
    <nd ref="-1683" />
    <nd ref="-1684" />
    <nd ref="-1685" />
    <nd ref="-1686" />
    <nd ref="-1687" />
    <nd ref="-1688" />
    <nd ref="-1689" />
    <nd ref="-1690" />
    <nd ref="-1691" />
    <nd ref="-1692" />
    <nd ref="-1693" />
    <nd ref="-1694" />
    <nd ref="-1695" />
    <nd ref="-1696" />
    <nd ref="-1697" />
    <nd ref="-1698" />
    <nd ref="-1699" />
    <nd ref="-1700" />
    <nd ref="-1701" />
    <nd ref="-1702" />
    <nd ref="-1703" />
    <nd ref="-1704" />
    <nd ref="-1705" />
    <nd ref="-1706" />
    <nd ref="-1707" />
    <nd ref="-1708" />
    <nd ref="-1709" />
    <nd ref="-1710" />
    <nd ref="-1711" />
    <nd ref="-1712" />
    <nd ref="-1713" />
    <nd ref="-1714" />
    <nd ref="-1715" />
    <nd ref="-1716" />
    <nd ref="-1717" />
    <nd ref="-1718" />
    <nd ref="-1719" />
    <nd ref="-1720" />
    <nd ref="-1721" />
    <nd ref="-1722" />
    <nd ref="-1723" />
    <nd ref="-1724" />
    <nd ref="-1725" />
    <nd ref="-1726" />
    <nd ref="-1727" />
    <nd ref="-1728" />
    <nd ref="-1729" />
    <nd ref="-1730" />
    <nd ref="-1731" />
    <nd ref="-1732" />
    <nd ref="-1733" />
    <nd ref="-1734" />
    <nd ref="-1735" />
    <nd ref="-1736" />
    <nd ref="-1737" />
    <nd ref="-1738" />
    <nd ref="-1739" />
    <nd ref="-1740" />
    <nd ref="-1741" />
    <nd ref="-1742" />
    <nd ref="-1743" />
    <nd ref="-1744" />
    <nd ref="-1745" />
    <nd ref="-1746" />
    <nd ref="-1747" />
    <nd ref="-1748" />
    <nd ref="-1749" />
    <nd ref="-1750" />
    <nd ref="-1751" />
    <nd ref="-1752" />
    <nd ref="-1753" />
    <nd ref="-1754" />
    <nd ref="-1755" />
    <nd ref="-1756" />
    <nd ref="-1757" />
    <nd ref="-1758" />
    <nd ref="-1759" />
    <nd ref="-1760" />
    <nd ref="-1761" />
    <nd ref="-1762" />
    <nd ref="-1763" />
    <nd ref="-1764" />
    <nd ref="-1765" />
    <nd ref="-1766" />
    <nd ref="-1767" />
    <nd ref="-1768" />
    <nd ref="-1769" />
    <nd ref="-1770" />
    <nd ref="-1771" />
    <nd ref="-1772" />
    <nd ref="-1773" />
    <nd ref="-1774" />
    <nd ref="-1775" />
    <nd ref="-1776" />
    <nd ref="-1777" />
    <nd ref="-1778" />
    <nd ref="-1779" />
    <nd ref="-1780" />
    <nd ref="-1781" />
    <nd ref="-1782" />
    <nd ref="-1783" />
    <nd ref="-1784" />
    <nd ref="-1785" />
    <nd ref="-1786" />
    <nd ref="-1787" />
    <nd ref="-1788" />
    <nd ref="-1789" />
    <nd ref="-1790" />
    <nd ref="-1791" />
    <nd ref="-1792" />
    <nd ref="-1793" />
    <nd ref="-1794" />
    <tag k="natural" v="water" />
    <tag k="source" v="NRPB of MLIT Japan" />
    <tag k="source:ja" v="国土画像情報（オルソ化空中写真）国土計画局" />
    <tag k="water" v="river" />
  </way>
  <node id="-1680" lat="33.5695612" lon="130.4283566" />
  <node id="-1681" lat="33.5696164" lon="130.4282669" />
  <node id="-1682" lat="33.5701241" lon="130.4278151" />
  <node id="-1683" lat="33.5708297" lon="130.4272978" />
  <node id="-1684" lat="33.5714537" lon="130.4267973" />
  <node id="-1685" lat="33.571914" lon="130.4264218" />
  <node id="-1686" lat="33.572222" lon="130.426119" />
  <node id="-1687" lat="33.5724656" lon="130.4258795" />
  <node id="-1688" lat="33.5729684" lon="130.4253779" />
  <node id="-1689" lat="33.5732229" lon="130.4250952" />
  <node id="-1690" lat="33.5733667" lon="130.4249355" />
  <node id="-1691" lat="33.5735154" lon="130.4247802" />
  <node id="-1692" lat="33.5736091" lon="130.4246833" />
  <node id="-1693" lat="33.5736793" lon="130.4246382" />
  <node id="-1694" lat="33.5737567" lon="130.4245603" />
  <node id="-1695" lat="33.5737982" lon="130.424559" />
  <node id="-1696" lat="33.5737991" lon="130.4245228" />
  <node id="-1697" lat="33.5738125" lon="130.4245095" />
  <node id="-1698" lat="33.5738765" lon="130.424507" />
  <node id="-1699" lat="33.5738846" lon="130.4245225" />
  <node id="-1700" lat="33.57393" lon="130.4244769" />
  <node id="-1701" lat="33.5739562" lon="130.4244227" />
  <node id="-1702" lat="33.5739275" lon="130.4244219" />
  <node id="-1703" lat="33.5739099" lon="130.4244391" />
  <node id="-1704" lat="33.5739024" lon="130.4244616" />
  <node id="-1705" lat="33.5738793" lon="130.4244694" />
  <node id="-1706" lat="33.5738649" lon="130.4244597" />
  <node id="-1707" lat="33.5738647" lon="130.4244391" />
  <node id="-1708" lat="33.5738916" lon="130.4244143" />
  <node id="-1709" lat="33.5739094" lon="130.4243952" />
  <node id="-1710" lat="33.5739305" lon="130.4244063" />
  <node id="-1711" lat="33.5739629" lon="130.4244041" />
  <node id="-1712" lat="33.5739673" lon="130.4243523" />
  <node id="-1713" lat="33.5739714" lon="130.4243125" />
  <node id="-1714" lat="33.5740961" lon="130.4241014" />
  <node id="-1715" lat="33.57421" lon="130.4239086" />
  <node id="-1716" lat="33.5744499" lon="130.423237" />
  <node id="-1717" lat="33.5745613" lon="130.42281" />
  <node id="-1718" lat="33.5747012" lon="130.4222183" />
  <node id="-1719" lat="33.574732" lon="130.4219225" />
  <node id="-1720" lat="33.5747924" lon="130.4217084" />
  <node id="-1721" lat="33.5749124" lon="130.4212345" />
  <node id="-1722" lat="33.5752901" lon="130.420462" />
  <node id="-1723" lat="33.5753298" lon="130.4203335" />
  <node id="-1724" lat="33.5753639" lon="130.4202347" />
  <node id="-1725" lat="33.5754822" lon="130.4198697" />
  <node id="-1726" lat="33.5757996" lon="130.4188985" />
  <node id="-1727" lat="33.5759086" lon="130.4185335" />
  <node id="-1728" lat="33.5760794" lon="130.4180698" />
  <node id="-1729" lat="33.5761522" lon="130.4178254" />
  <node id="-1730" lat="33.5761812" lon="130.4177785" />
  <node id="-1731" lat="33.576225" lon="130.4177969" />
  <node id="-1732" lat="33.5762384" lon="130.4177634" />
  <node id="-1733" lat="33.5761968" lon="130.417745" />
  <node id="-1734" lat="33.5761991" lon="130.4176806" />
  <node id="-1735" lat="33.5762482" lon="130.4176632" />
  <node id="-1736" lat="33.5762985" lon="130.4174593" />
  <node id="-1737" lat="33.5763924" lon="130.4171857" />
  <node id="-1738" lat="33.5765367" lon="130.4167979" />
  <node id="-1739" lat="33.57681" lon="130.4159861" />
  <node id="-1740" lat="33.5769196" lon="130.4157712" />
  <node id="-1741" lat="33.5769689" lon="130.4156837" />
  <node id="-1742" lat="33.5771008" lon="130.415394" />
  <node id="-1743" lat="33.5772308" lon="130.4151983" />
  <node id="-1744" lat="33.5772702" lon="130.415153" />
  <node id="-1745" lat="33.5774695" lon="130.4149246" />
  <node id="-1746" lat="33.5775924" lon="130.4147449" />
  <node id="-1747" lat="33.5777188" lon="130.4146501" />
  <node id="-1748" lat="33.5778299" lon="130.4145481" />
  <node id="-1749" lat="33.5776674" lon="130.4143267" />
  <node id="-1750" lat="33.5774218" lon="130.4141048" />
  <node id="-1751" lat="33.5767212" lon="130.4150564" />
  <node id="-1752" lat="33.5766256" lon="130.4151392" />
  <node id="-1753" lat="33.5765244" lon="130.4153966" />
  <node id="-1754" lat="33.5764254" lon="130.4155989" />
  <node id="-1755" lat="33.5763338" lon="130.4157638" />
  <node id="-1756" lat="33.5760986" lon="130.4164577" />
  <node id="-1757" lat="33.5757405" lon="130.4176008" />
  <node id="-1758" lat="33.5753922" lon="130.4187207" />
  <node id="-1759" lat="33.5752762" lon="130.4191075" />
  <node id="-1760" lat="33.5752404" lon="130.4191773" />
  <node id="-1761" lat="33.5752125" lon="130.4192591" />
  <node id="-1762" lat="33.5751494" lon="130.4193718" />
  <node id="-1763" lat="33.5749544" lon="130.419933" />
  <node id="-1764" lat="33.5749192" lon="130.4200222" />
  <node id="-1765" lat="33.5748733" lon="130.4201636" />
  <node id="-1766" lat="33.5747209" lon="130.420528" />
  <node id="-1767" lat="33.5746787" lon="130.4206872" />
  <node id="-1768" lat="33.5745933" lon="130.4209988" />
  <node id="-1769" lat="33.5743949" lon="130.4212599" />
  <node id="-1770" lat="33.5743365" lon="130.4215819" />
  <node id="-1771" lat="33.5742591" lon="130.4218143" />
  <node id="-1772" lat="33.574186" lon="130.4220059" />
  <node id="-1773" lat="33.5741246" lon="130.4223992" />
  <node id="-1774" lat="33.5741455" lon="130.4224613" />
  <node id="-1775" lat="33.5740146" lon="130.4231101" />
  <node id="-1776" lat="33.5738375" lon="130.4236679" />
  <node id="-1777" lat="33.5735553" lon="130.4241577" />
  <node id="-1778" lat="33.5729709" lon="130.4247268" />
  <node id="-1779" lat="33.5726797" lon="130.4250104" />
  <node id="-1780" lat="33.5719543" lon="130.4257566" />
  <node id="-1781" lat="33.5718724" lon="130.4258438" />
  <node id="-1782" lat="33.5716068" lon="130.4260978" />
  <node id="-1783" lat="33.5712458" lon="130.4263678" />
  <node id="-1784" lat="33.5711045" lon="130.4264719" />
  <node id="-1785" lat="33.570865" lon="130.4266697" />
  <node id="-1786" lat="33.570789" lon="130.426728" />
  <node id="-1787" lat="33.5707592" lon="130.4267613" />
  <node id="-1788" lat="33.5707258" lon="130.4267793" />
  <node id="-1789" lat="33.5705905" lon="130.4269095" />
  <node id="-1790" lat="33.5703359" lon="130.4271194" />
  <node id="-1791" lat="33.5699854" lon="130.4273369" />
  <node id="-1792" lat="33.5699613" lon="130.4273978" />
  <node id="-1793" lat="33.5693025" lon="130.4279709" />
  <node id="-1794" lat="33.5695612" lon="130.4283566" />
  <way id="46429603">
    <nd ref="-1795" />
    <nd ref="-1796" />
    <nd ref="-1797" />
    <nd ref="-1798" />
    <nd ref="-1799" />
    <nd ref="-1800" />
    <nd ref="-1801" />
    <nd ref="-1802" />
    <nd ref="-1803" />
    <nd ref="-1804" />
    <nd ref="-1805" />
    <nd ref="-1806" />
    <nd ref="-1807" />
    <nd ref="-1808" />
    <nd ref="-1809" />
    <nd ref="-1810" />
    <nd ref="-1811" />
    <nd ref="-1812" />
    <nd ref="-1813" />
    <nd ref="-1814" />
    <nd ref="-1815" />
    <nd ref="-1816" />
    <nd ref="-1817" />
    <nd ref="-1818" />
    <nd ref="-1819" />
    <nd ref="-1820" />
    <nd ref="-1821" />
    <nd ref="-1822" />
    <nd ref="-1823" />
    <nd ref="-1824" />
    <nd ref="-1825" />
    <nd ref="-1826" />
    <nd ref="-1827" />
    <nd ref="-1828" />
    <nd ref="-1829" />
    <nd ref="-1830" />
    <nd ref="-1831" />
    <nd ref="-1832" />
    <nd ref="-1833" />
    <nd ref="-1834" />
    <nd ref="-1835" />
    <nd ref="-1836" />
    <nd ref="-1837" />
    <nd ref="-1838" />
    <nd ref="-1839" />
    <nd ref="-1840" />
    <nd ref="-1841" />
    <nd ref="-1842" />
    <nd ref="-1843" />
    <nd ref="-1844" />
    <nd ref="-1845" />
    <nd ref="-1846" />
    <nd ref="-1847" />
    <nd ref="-1848" />
    <nd ref="-1849" />
    <nd ref="-1850" />
    <nd ref="-1851" />
    <nd ref="-1852" />
    <nd ref="-1853" />
    <nd ref="-1854" />
    <nd ref="-1855" />
    <nd ref="-1856" />
    <nd ref="-1857" />
    <nd ref="-1858" />
    <nd ref="-1859" />
    <nd ref="-1860" />
    <nd ref="-1861" />
    <nd ref="-1862" />
    <nd ref="-1863" />
    <nd ref="-1864" />
    <nd ref="-1865" />
    <nd ref="-1866" />
    <nd ref="-1867" />
    <nd ref="-1868" />
    <nd ref="-1869" />
    <nd ref="-1870" />
    <nd ref="-1871" />
    <nd ref="-1872" />
    <nd ref="-1873" />
    <nd ref="-1874" />
    <nd ref="-1875" />
    <nd ref="-1876" />
    <nd ref="-1877" />
    <nd ref="-1878" />
    <nd ref="-1879" />
    <nd ref="-1880" />
    <nd ref="-1881" />
    <nd ref="-1882" />
    <nd ref="-1883" />
    <nd ref="-1884" />
    <nd ref="-1885" />
    <nd ref="-1886" />
    <nd ref="-1887" />
    <nd ref="-1888" />
    <nd ref="-1889" />
    <nd ref="-1890" />
    <nd ref="-1891" />
    <nd ref="-1892" />
    <nd ref="-1893" />
    <tag k="natural" v="water" />
    <tag k="source" v="NRPB of MLIT Japan" />
    <tag k="source:ja" v="国土画像情報（オルソ化空中写真）国土計画局" />
    <tag k="water" v="river" />
  </way>
  <node id="-1795" lat="33.5991149" lon="130.4162946" />
  <node id="-1796" lat="33.5993794" lon="130.4159134" />
  <node id="-1797" lat="33.5996355" lon="130.4154517" />
  <node id="-1798" lat="33.5997081" lon="130.415309" />
  <node id="-1799" lat="33.5997584" lon="130.4151124" />
  <node id="-1800" lat="33.5997914" lon="130.4149054" />
  <node id="-1801" lat="33.5998722" lon="130.4143515" />
  <node id="-1802" lat="33.5999759" lon="130.413725" />
  <node id="-1803" lat="33.600006" lon="130.4135766" />
  <node id="-1804" lat="33.6000799" lon="130.4134002" />
  <node id="-1805" lat="33.6000566" lon="130.4133646" />
  <node id="-1806" lat="33.6005098" lon="130.412461" />
  <node id="-1807" lat="33.6006675" lon="130.41213" />
  <node id="-1808" lat="33.6007881" lon="130.4118384" />
  <node id="-1809" lat="33.6010005" lon="130.4114445" />
  <node id="-1810" lat="33.6011171" lon="130.4112747" />
  <node id="-1811" lat="33.6011762" lon="130.4111927" />
  <node id="-1812" lat="33.60158" lon="130.4107146" />
  <node id="-1813" lat="33.6016121" lon="130.4106783" />
  <node id="-1814" lat="33.6018132" lon="130.4104508" />
  <node id="-1815" lat="33.6018528" lon="130.4104063" />
  <node id="-1816" lat="33.601864" lon="130.4103716" />
  <node id="-1817" lat="33.6019124" lon="130.4103531" />
  <node id="-1818" lat="33.6022733" lon="130.4099635" />
  <node id="-1819" lat="33.6026448" lon="130.4096836" />
  <node id="-1820" lat="33.6030123" lon="130.4095185" />
  <node id="-1821" lat="33.6036694" lon="130.4093151" />
  <node id="-1822" lat="33.6041636" lon="130.4091934" />
  <node id="-1823" lat="33.6046591" lon="130.4091069" />
  <node id="-1824" lat="33.6047277" lon="130.4090847" />
  <node id="-1825" lat="33.6048193" lon="130.4090551" />
  <node id="-1826" lat="33.6048962" lon="130.4090303" />
  <node id="-1827" lat="33.6052941" lon="130.408929" />
  <node id="-1828" lat="33.6055787" lon="130.4088684" />
  <node id="-1829" lat="33.6061229" lon="130.4087232" />
  <node id="-1830" lat="33.6066495" lon="130.4085954" />
  <node id="-1831" lat="33.6071301" lon="130.408494" />
  <node id="-1832" lat="33.6078083" lon="130.4083074" />
  <node id="-1833" lat="33.6083525" lon="130.407935" />
  <node id="-1834" lat="33.6084459" lon="130.4077739" />
  <node id="-1835" lat="33.608867" lon="130.4070955" />
  <node id="-1836" lat="33.6090606" lon="130.40677" />
  <node id="-1837" lat="33.6090786" lon="130.406743" />
  <node id="-1838" lat="33.6091004" lon="130.4067104" />
  <node id="-1839" lat="33.6091221" lon="130.4066779" />
  <node id="-1840" lat="33.6091306" lon="130.4066651" />
  <node id="-1841" lat="33.6091527" lon="130.4066321" />
  <node id="-1842" lat="33.6091748" lon="130.406599" />
  <node id="-1843" lat="33.6091948" lon="130.406569" />
  <node id="-1844" lat="33.6092891" lon="130.4064326" />
  <node id="-1845" lat="33.6083" lon="130.4055731" />
  <node id="-1846" lat="33.6081771" lon="130.4057689" />
  <node id="-1847" lat="33.6081559" lon="130.4058044" />
  <node id="-1848" lat="33.6081352" lon="130.4058389" />
  <node id="-1849" lat="33.6081146" lon="130.4058734" />
  <node id="-1850" lat="33.6081056" lon="130.4058885" />
  <node id="-1851" lat="33.6080839" lon="130.4059247" />
  <node id="-1852" lat="33.6080623" lon="130.4059609" />
  <node id="-1853" lat="33.6080464" lon="130.4059875" />
  <node id="-1854" lat="33.6076596" lon="130.4066337" />
  <node id="-1855" lat="33.6073871" lon="130.4069555" />
  <node id="-1856" lat="33.6069617" lon="130.4071012" />
  <node id="-1857" lat="33.6065409" lon="130.407255" />
  <node id="-1858" lat="33.6059212" lon="130.4074812" />
  <node id="-1859" lat="33.6052365" lon="130.4077425" />
  <node id="-1860" lat="33.6046505" lon="130.4079586" />
  <node id="-1861" lat="33.604575" lon="130.4079859" />
  <node id="-1862" lat="33.6044837" lon="130.4080188" />
  <node id="-1863" lat="33.6044071" lon="130.4080465" />
  <node id="-1864" lat="33.6040328" lon="130.4082052" />
  <node id="-1865" lat="33.6032263" lon="130.4085154" />
  <node id="-1866" lat="33.6029026" lon="130.4086697" />
  <node id="-1867" lat="33.6024836" lon="130.4089336" />
  <node id="-1868" lat="33.6022788" lon="130.4091171" />
  <node id="-1869" lat="33.6018694" lon="130.4094604" />
  <node id="-1870" lat="33.6016618" lon="130.4096648" />
  <node id="-1871" lat="33.6014637" lon="130.4098852" />
  <node id="-1872" lat="33.6012493" lon="130.4101645" />
  <node id="-1873" lat="33.601221" lon="130.4101976" />
  <node id="-1874" lat="33.6012102" lon="130.4102102" />
  <node id="-1875" lat="33.6011793" lon="130.4102106" />
  <node id="-1876" lat="33.6011379" lon="130.4102549" />
  <node id="-1877" lat="33.6007566" lon="130.4108265" />
  <node id="-1878" lat="33.6007064" lon="130.4109064" />
  <node id="-1879" lat="33.6004889" lon="130.4113586" />
  <node id="-1880" lat="33.6002984" lon="130.4118177" />
  <node id="-1881" lat="33.600184" lon="130.4120875" />
  <node id="-1882" lat="33.5998772" lon="130.4128356" />
  <node id="-1883" lat="33.5997426" lon="130.4131478" />
  <node id="-1884" lat="33.59968" lon="130.4132115" />
  <node id="-1885" lat="33.5995326" lon="130.4135193" />
  <node id="-1886" lat="33.5993145" lon="130.4141008" />
  <node id="-1887" lat="33.5993765" lon="130.4143392" />
  <node id="-1888" lat="33.5993291" lon="130.414717" />
  <node id="-1889" lat="33.5992594" lon="130.41502" />
  <node id="-1890" lat="33.5991419" lon="130.4153431" />
  <node id="-1891" lat="33.5990155" lon="130.4154999" />
  <node id="-1892" lat="33.5985412" lon="130.4161416" />
  <node id="-1893" lat="33.5991149" lon="130.4162946" />
  <way id="46429954">
    <nd ref="-1894" />
    <nd ref="-1895" />
    <nd ref="-1896" />
    <nd ref="-1897" />
    <nd ref="-1898" />
    <nd ref="-1899" />
    <nd ref="-1900" />
    <nd ref="-1901" />
    <nd ref="-1902" />
    <nd ref="-1903" />
    <nd ref="-1904" />
    <nd ref="-1905" />
    <nd ref="-1906" />
    <nd ref="-1907" />
    <nd ref="-1908" />
    <nd ref="-1909" />
    <nd ref="-1910" />
    <nd ref="-1911" />
    <nd ref="-1912" />
    <nd ref="-1913" />
    <nd ref="-1914" />
    <nd ref="-1915" />
    <nd ref="-1916" />
    <nd ref="-1917" />
    <nd ref="-1918" />
    <nd ref="-1919" />
    <nd ref="-1920" />
    <nd ref="-1921" />
    <nd ref="-1922" />
    <nd ref="-1923" />
    <nd ref="-1924" />
    <nd ref="-1925" />
    <tag k="natural" v="water" />
    <tag k="source" v="NRPB of MLIT Japan" />
    <tag k="source:ja" v="国土画像情報（オルソ化空中写真）国土計画局" />
    <tag k="water" v="river" />
  </way>
  <node id="-1894" lat="33.5908155" lon="130.4271308" />
  <node id="-1895" lat="33.5909328" lon="130.4270226" />
  <node id="-1896" lat="33.5911192" lon="130.4268249" />
  <node id="-1897" lat="33.591235" lon="130.4266575" />
  <node id="-1898" lat="33.5914288" lon="130.4263978" />
  <node id="-1899" lat="33.5916248" lon="130.4261499" />
  <node id="-1900" lat="33.5919041" lon="130.4258265" />
  <node id="-1901" lat="33.5921799" lon="130.4255106" />
  <node id="-1902" lat="33.5925595" lon="130.4250806" />
  <node id="-1903" lat="33.5930456" lon="130.42453" />
  <node id="-1904" lat="33.5932497" lon="130.424303" />
  <node id="-1905" lat="33.5934326" lon="130.4241046" />
  <node id="-1906" lat="33.5934938" lon="130.4240361" />
  <node id="-1907" lat="33.5935865" lon="130.4239221" />
  <node id="-1908" lat="33.5937642" lon="130.4236452" />
  <node id="-1909" lat="33.5937843" lon="130.4236633" />
  <node id="-1910" lat="33.5938228" lon="130.4235989" />
  <node id="-1911" lat="33.5938412" lon="130.4236083" />
  <node id="-1912" lat="33.593939" lon="130.4234393" />
  <node id="-1913" lat="33.5941689" lon="130.4231489" />
  <node id="-1914" lat="33.5944554" lon="130.4227202" />
  <node id="-1915" lat="33.5946786" lon="130.4223478" />
  <node id="-1916" lat="33.5946858" lon="130.4222162" />
  <node id="-1917" lat="33.5947576" lon="130.4220524" />
  <node id="-1918" lat="33.5943706" lon="130.4218542" />
  <node id="-1919" lat="33.5942071" lon="130.422192" />
  <node id="-1920" lat="33.5940252" lon="130.4225177" />
  <node id="-1921" lat="33.5931473" lon="130.4237308" />
  <node id="-1922" lat="33.5919303" lon="130.425088" />
  <node id="-1923" lat="33.5906803" lon="130.4264716" />
  <node id="-1924" lat="33.5904536" lon="130.426721" />
  <node id="-1925" lat="33.5908155" lon="130.4271308" />
  <way id="59967342">
    <nd ref="-1926" />
    <nd ref="-1927" />
    <nd ref="-1928" />
    <nd ref="-1929" />
    <nd ref="-1930" />
    <nd ref="-1931" />
    <nd ref="-1932" />
    <nd ref="-1933" />
    <nd ref="-1934" />
    <nd ref="-1935" />
    <nd ref="-1936" />
    <nd ref="-1937" />
    <nd ref="-1938" />
    <nd ref="-1939" />
    <nd ref="-1940" />
    <nd ref="-1941" />
    <nd ref="-1942" />
    <nd ref="-1943" />
    <nd ref="-1944" />
    <nd ref="-1945" />
    <nd ref="-1946" />
    <nd ref="-1947" />
    <nd ref="-1948" />
    <nd ref="-1949" />
    <nd ref="-1950" />
    <nd ref="-1951" />
    <nd ref="-1952" />
    <nd ref="-1953" />
    <nd ref="-1954" />
    <nd ref="-1955" />
    <nd ref="-1956" />
    <nd ref="-1957" />
    <nd ref="-1958" />
    <nd ref="-1959" />
    <nd ref="-1960" />
    <nd ref="-1961" />
    <nd ref="-1962" />
    <nd ref="-1963" />
    <nd ref="-1964" />
    <nd ref="-1965" />
    <nd ref="-1966" />
    <nd ref="-1967" />
    <nd ref="-1968" />
    <nd ref="-1969" />
    <nd ref="-1970" />
    <nd ref="-1971" />
    <nd ref="-1972" />
    <nd ref="-1973" />
    <nd ref="-1974" />
    <nd ref="-1975" />
    <nd ref="-1976" />
    <nd ref="-1977" />
    <nd ref="-1978" />
    <nd ref="-1979" />
    <nd ref="-1980" />
    <nd ref="-1981" />
    <nd ref="-1982" />
    <nd ref="-1983" />
    <nd ref="-1984" />
    <nd ref="-1985" />
    <nd ref="-1986" />
    <nd ref="-1987" />
    <nd ref="-1988" />
    <nd ref="-1989" />
    <nd ref="-1990" />
    <nd ref="-1991" />
    <nd ref="-1992" />
    <nd ref="-1993" />
    <nd ref="-1994" />
    <nd ref="-1995" />
    <nd ref="-1996" />
    <nd ref="-1997" />
    <nd ref="-1998" />
    <nd ref="-1999" />
    <nd ref="-2000" />
    <nd ref="-2001" />
    <nd ref="-2002" />
    <nd ref="-2003" />
    <nd ref="-2004" />
    <nd ref="-2005" />
    <nd ref="-2006" />
    <nd ref="-2007" />
    <nd ref="-2008" />
    <nd ref="-2009" />
    <nd ref="-2010" />
    <nd ref="-2011" />
    <nd ref="-2012" />
    <nd ref="-2013" />
    <nd ref="-2014" />
    <nd ref="-2015" />
    <nd ref="-2016" />
    <tag k="note" v="National-Land Numerical Information (River) 2006, MLIT Japan" />
    <tag k="note:ja" v="国土数値情報(河川データ)平成18年国土交通省" />
    <tag k="source" v="KSJ2" />
    <tag k="source_ref" v="http://nlftp.mlit.go.jp/ksj/jpgis/datalist/KsjTmplt-W05.html" />
    <tag k="waterway" v="stream" />
  </way>
  <node id="-1926" lat="33.5657411" lon="130.4151201" />
  <node id="-1927" lat="33.5657318" lon="130.4150537" />
  <node id="-1928" lat="33.5657644" lon="130.4148741" />
  <node id="-1929" lat="33.5657883" lon="130.4147876" />
  <node id="-1930" lat="33.5658114" lon="130.4147302" />
  <node id="-1931" lat="33.5658427" lon="130.4146705" />
  <node id="-1932" lat="33.5658767" lon="130.4146165" />
  <node id="-1933" lat="33.5659139" lon="130.4145709" />
  <node id="-1934" lat="33.5661266" lon="130.4143397" />
  <node id="-1935" lat="33.566162" lon="130.4142936" />
  <node id="-1936" lat="33.5667027" lon="130.4136927" />
  <node id="-1937" lat="33.5667522" lon="130.4136385" />
  <node id="-1938" lat="33.5671586" lon="130.4131848" />
  <node id="-1939" lat="33.5673925" lon="130.4129117" />
  <node id="-1940" lat="33.5674311" lon="130.4128723" />
  <node id="-1941" lat="33.5677116" lon="130.4125859" />
  <node id="-1942" lat="33.5677544" lon="130.4125477" />
  <node id="-1943" lat="33.5680537" lon="130.4122443" />
  <node id="-1944" lat="33.5680786" lon="130.4122285" />
  <node id="-1945" lat="33.5681435" lon="130.4121616" />
  <node id="-1946" lat="33.5682191" lon="130.4120893" />
  <node id="-1947" lat="33.5682585" lon="130.412049" />
  <node id="-1948" lat="33.568391" lon="130.4118981" />
  <node id="-1949" lat="33.5684512" lon="130.4118203" />
  <node id="-1950" lat="33.5685209" lon="130.4117539" />
  <node id="-1951" lat="33.5686079" lon="130.4116651" />
  <node id="-1952" lat="33.5687404" lon="130.4115154" />
  <node id="-1953" lat="33.5688555" lon="130.4113628" />
  <node id="-1954" lat="33.5689719" lon="130.4112121" />
  <node id="-1955" lat="33.5690178" lon="130.4111569" />
  <node id="-1956" lat="33.569054" lon="130.4111197" />
  <node id="-1957" lat="33.5692232" lon="130.4109523" />
  <node id="-1958" lat="33.5693882" lon="130.410783" />
  <node id="-1959" lat="33.5694175" lon="130.4107571" />
  <node id="-1960" lat="33.5695518" lon="130.4105141" />
  <node id="-1961" lat="33.5696168" lon="130.4103981" />
  <node id="-1962" lat="33.5696826" lon="130.4102833" />
  <node id="-1963" lat="33.5698155" lon="130.4100873" />
  <node id="-1964" lat="33.5700189" lon="130.4098062" />
  <node id="-1965" lat="33.570048" lon="130.4097543" />
  <node id="-1966" lat="33.5703133" lon="130.4093832" />
  <node id="-1967" lat="33.5703993" lon="130.4092534" />
  <node id="-1968" lat="33.5705182" lon="130.4090795" />
  <node id="-1969" lat="33.5705719" lon="130.4090197" />
  <node id="-1970" lat="33.5711173" lon="130.4082631" />
  <node id="-1971" lat="33.5714769" lon="130.4077925" />
  <node id="-1972" lat="33.5715105" lon="130.4077529" />
  <node id="-1973" lat="33.5724118" lon="130.4066213" />
  <node id="-1974" lat="33.5724568" lon="130.4065651" />
  <node id="-1975" lat="33.5731145" lon="130.4055677" />
  <node id="-1976" lat="33.5732611" lon="130.4053336" />
  <node id="-1977" lat="33.5732736" lon="130.4053078" />
  <node id="-1978" lat="33.5736416" lon="130.4046808" />
  <node id="-1979" lat="33.5737885" lon="130.404456" />
  <node id="-1980" lat="33.5738996" lon="130.4043047" />
  <node id="-1981" lat="33.5739087" lon="130.4042979" />
  <node id="-1982" lat="33.5745303" lon="130.4034676" />
  <node id="-1983" lat="33.5745656" lon="130.4034233" />
  <node id="-1984" lat="33.5749903" lon="130.4028542" />
  <node id="-1985" lat="33.5750113" lon="130.402826" />
  <node id="-1986" lat="33.5752816" lon="130.4024749" />
  <node id="-1987" lat="33.5753491" lon="130.4023672" />
  <node id="-1988" lat="33.5754188" lon="130.4022817" />
  <node id="-1989" lat="33.5759427" lon="130.4015684" />
  <node id="-1990" lat="33.5759633" lon="130.4015494" />
  <node id="-1991" lat="33.5761594" lon="130.4012872" />
  <node id="-1992" lat="33.5761925" lon="130.4012454" />
  <node id="-1993" lat="33.5764214" lon="130.4009349" />
  <node id="-1994" lat="33.576598" lon="130.4007092" />
  <node id="-1995" lat="33.5766614" lon="130.4006382" />
  <node id="-1996" lat="33.576715" lon="130.4006033" />
  <node id="-1997" lat="33.5767692" lon="130.4005805" />
  <node id="-1998" lat="33.5768601" lon="130.4005775" />
  <node id="-1999" lat="33.5769524" lon="130.4005839" />
  <node id="-2000" lat="33.5770971" lon="130.400611" />
  <node id="-2001" lat="33.5773664" lon="130.4006504" />
  <node id="-2002" lat="33.579019" lon="130.400827" />
  <node id="-2003" lat="33.5801823" lon="130.4009523" />
  <node id="-2004" lat="33.5802391" lon="130.4009505" />
  <node id="-2005" lat="33.5805138" lon="130.4009803" />
  <node id="-2006" lat="33.5809521" lon="130.4010275" />
  <node id="-2007" lat="33.5815728" lon="130.4011359" />
  <node id="-2008" lat="33.5819679" lon="130.4011566" />
  <node id="-2009" lat="33.5828476" lon="130.4012687" />
  <node id="-2010" lat="33.5836545" lon="130.4014119" />
  <node id="-2011" lat="33.5843694" lon="130.4014869" />
  <node id="-2012" lat="33.5846839" lon="130.4014636" />
  <node id="-2013" lat="33.5848976" lon="130.4014742" />
  <node id="-2014" lat="33.5850134" lon="130.4015013" />
  <node id="-2015" lat="33.5853373" lon="130.4017202" />
  <node id="-2016" lat="33.5856348" lon="130.4019212" />
  <way id="59967821">
    <nd ref="-2017" />
    <nd ref="-2018" />
    <nd ref="-2019" />
    <nd ref="-2020" />
    <nd ref="-2021" />
    <nd ref="-2022" />
    <nd ref="-2023" />
    <nd ref="-2024" />
    <nd ref="-2025" />
    <nd ref="-2026" />
    <nd ref="-2027" />
    <nd ref="-2028" />
    <nd ref="-2029" />
    <nd ref="-2030" />
    <nd ref="-2031" />
    <nd ref="-2032" />
    <nd ref="-2033" />
    <nd ref="-2034" />
    <nd ref="-2035" />
    <nd ref="-2036" />
    <nd ref="-2037" />
    <tag k="name" v="若久川" />
    <tag k="name:ja" v="若久川" />
    <tag k="note" v="National-Land Numerical Information (River) 2006, MLIT Japan" />
    <tag k="note:ja" v="国土数値情報(河川データ)平成18年国土交通省" />
    <tag k="source" v="KSJ2" />
    <tag k="source_ref" v="http://nlftp.mlit.go.jp/ksj/jpgis/datalist/KsjTmplt-W05.html" />
    <tag k="waterway" v="river" />
  </way>
  <node id="-2017" lat="33.5657411" lon="130.4151201" />
  <node id="-2018" lat="33.5661201" lon="130.415238" />
  <node id="-2019" lat="33.5664701" lon="130.4154439" />
  <node id="-2020" lat="33.567125" lon="130.4157188" />
  <node id="-2021" lat="33.5682248" lon="130.4162157" />
  <node id="-2022" lat="33.5695472" lon="130.4168157" />
  <node id="-2023" lat="33.5701164" lon="130.4170834" />
  <node id="-2024" lat="33.5704379" lon="130.4172389" />
  <node id="-2025" lat="33.5707971" lon="130.4174795" />
  <node id="-2026" lat="33.5708725" lon="130.4175485" />
  <node id="-2027" lat="33.5709419" lon="130.4176182" />
  <node id="-2028" lat="33.5711379" lon="130.4178849" />
  <node id="-2029" lat="33.5713673" lon="130.4182121" />
  <node id="-2030" lat="33.5717336" lon="130.4187536" />
  <node id="-2031" lat="33.5720513" lon="130.4190805" />
  <node id="-2032" lat="33.5738571" lon="130.4203432" />
  <node id="-2033" lat="33.5741225" lon="130.4205306" />
  <node id="-2034" lat="33.5742863" lon="130.4206095" />
  <node id="-2035" lat="33.5744557" lon="130.4206274" />
  <node id="-2036" lat="33.5748897" lon="130.4206766" />
  <node id="-2037" lat="33.5749077" lon="130.4206796" />
  <way id="59970621">
    <nd ref="-2038" />
    <nd ref="-2039" />
    <nd ref="-2040" />
    <nd ref="-2041" />
    <nd ref="-2042" />
    <nd ref="-2043" />
    <nd ref="-2044" />
    <nd ref="-2045" />
    <nd ref="-2046" />
    <nd ref="-2047" />
    <nd ref="-2048" />
    <nd ref="-2049" />
    <nd ref="-2050" />
    <nd ref="-2051" />
    <nd ref="-2052" />
    <nd ref="-2053" />
    <nd ref="-2054" />
    <nd ref="-2055" />
    <nd ref="-2056" />
    <nd ref="-2057" />
    <nd ref="-2058" />
    <nd ref="-2059" />
    <nd ref="-2060" />
    <nd ref="-2061" />
    <nd ref="-2062" />
    <tag k="name" v="那珂川" />
    <tag k="name:en" v="Naka River" />
    <tag k="name:ja" v="那珂川" />
    <tag k="note" v="National-Land Numerical Information (River) 2006, MLIT Japan" />
    <tag k="note:ja" v="国土数値情報(河川データ)平成18年国土交通省" />
    <tag k="source" v="KSJ2" />
    <tag k="source_ref" v="http://nlftp.mlit.go.jp/ksj/jpgis/datalist/KsjTmplt-W05.html" />
    <tag k="waterway" v="river" />
  </way>
  <node id="-2038" lat="33.5749077" lon="130.4206796" />
  <node id="-2039" lat="33.575286" lon="130.420069" />
  <node id="-2040" lat="33.57537" lon="130.419924" />
  <node id="-2041" lat="33.575468" lon="130.419756" />
  <node id="-2042" lat="33.575519" lon="130.419586" />
  <node id="-2043" lat="33.575654" lon="130.41914" />
  <node id="-2044" lat="33.575759" lon="130.418796" />
  <node id="-2045" lat="33.576158" lon="130.417411" />
  <node id="-2046" lat="33.576303" lon="130.416908" />
  <node id="-2047" lat="33.576693" lon="130.415688" />
  <node id="-2048" lat="33.576772" lon="130.415556" />
  <node id="-2049" lat="33.576974" lon="130.415224" />
  <node id="-2050" lat="33.577152" lon="130.41493" />
  <node id="-2051" lat="33.5776674" lon="130.4143267" />
  <node id="-2052" lat="33.577755" lon="130.4142242" />
  <node id="-2053" lat="33.579491" lon="130.413013" />
  <node id="-2054" lat="33.580587" lon="130.412177" />
  <node id="-2055" lat="33.581751" lon="130.410785" />
  <node id="-2056" lat="33.582865" lon="130.409821" />
  <node id="-2057" lat="33.583853" lon="130.409625" />
  <node id="-2058" lat="33.584464" lon="130.409613" />
  <node id="-2059" lat="33.5860343" lon="130.4095832" />
  <node id="-2060" lat="33.586258" lon="130.409579" />
  <node id="-2061" lat="33.586624" lon="130.409582" />
  <node id="-2062" lat="33.587846" lon="130.409544" />
  <way id="59971434">
    <nd ref="-2063" />
    <nd ref="-2064" />
    <nd ref="-2065" />
    <nd ref="-2066" />
    <nd ref="-2067" />
    <nd ref="-2068" />
    <nd ref="-2069" />
    <nd ref="-2070" />
    <nd ref="-2071" />
    <nd ref="-2072" />
    <nd ref="-2073" />
    <nd ref="-2074" />
    <nd ref="-2075" />
    <nd ref="-2076" />
    <nd ref="-2077" />
    <nd ref="-2078" />
    <nd ref="-2079" />
    <nd ref="-2080" />
    <nd ref="-2081" />
    <nd ref="-2082" />
    <nd ref="-2083" />
    <nd ref="-2084" />
    <nd ref="-2085" />
    <nd ref="-2086" />
    <nd ref="-2087" />
    <nd ref="-2088" />
    <nd ref="-2089" />
    <nd ref="-2090" />
    <nd ref="-2091" />
    <nd ref="-2092" />
    <nd ref="-2093" />
    <nd ref="-2094" />
    <nd ref="-2095" />
    <nd ref="-2096" />
    <nd ref="-2097" />
    <nd ref="-2098" />
    <nd ref="-2099" />
    <nd ref="-2100" />
    <nd ref="-2101" />
    <nd ref="-2102" />
    <nd ref="-2103" />
    <nd ref="-2104" />
    <nd ref="-2105" />
    <nd ref="-2106" />
    <nd ref="-2107" />
    <nd ref="-2108" />
    <nd ref="-2109" />
    <nd ref="-2110" />
    <nd ref="-2111" />
    <nd ref="-2112" />
    <nd ref="-2113" />
    <nd ref="-2114" />
    <nd ref="-2115" />
    <nd ref="-2116" />
    <nd ref="-2117" />
    <nd ref="-2118" />
    <nd ref="-2119" />
    <nd ref="-2120" />
    <nd ref="-2121" />
    <nd ref="-2122" />
    <nd ref="-2123" />
    <nd ref="-2124" />
    <nd ref="-2125" />
    <nd ref="-2126" />
    <nd ref="-2127" />
    <nd ref="-2128" />
    <nd ref="-2129" />
    <nd ref="-2130" />
    <nd ref="-2131" />
    <nd ref="-2132" />
    <tag k="name" v="那珂川" />
    <tag k="name:en" v="Naka River" />
    <tag k="name:ja" v="那珂川" />
    <tag k="note" v="National-Land Numerical Information (River) 2006, MLIT Japan" />
    <tag k="note:ja" v="国土数値情報(河川データ)平成18年国土交通省" />
    <tag k="source" v="KSJ2" />
    <tag k="source_ref" v="http://nlftp.mlit.go.jp/ksj/jpgis/datalist/KsjTmplt-W05.html" />
    <tag k="waterway" v="river" />
  </way>
  <node id="-2063" lat="33.533745" lon="130.4273374" />
  <node id="-2064" lat="33.5344146" lon="130.4276862" />
  <node id="-2065" lat="33.5351317" lon="130.4282809" />
  <node id="-2066" lat="33.5358542" lon="130.4287152" />
  <node id="-2067" lat="33.5364353" lon="130.4294018" />
  <node id="-2068" lat="33.5367999" lon="130.4298438" />
  <node id="-2069" lat="33.5373946" lon="130.4305087" />
  <node id="-2070" lat="33.5375449" lon="130.4306338" />
  <node id="-2071" lat="33.5377214" lon="130.4308612" />
  <node id="-2072" lat="33.5378646" lon="130.431051" />
  <node id="-2073" lat="33.5380529" lon="130.4312879" />
  <node id="-2074" lat="33.538341" lon="130.431519" />
  <node id="-2075" lat="33.538606" lon="130.43161" />
  <node id="-2076" lat="33.5386538" lon="130.4316199" />
  <node id="-2077" lat="33.5391671" lon="130.4317263" />
  <node id="-2078" lat="33.539308" lon="130.4318377" />
  <node id="-2079" lat="33.5395839" lon="130.431842" />
  <node id="-2080" lat="33.5396904" lon="130.4317367" />
  <node id="-2081" lat="33.5399961" lon="130.4317126" />
  <node id="-2082" lat="33.5407446" lon="130.4313978" />
  <node id="-2083" lat="33.5415" lon="130.430859" />
  <node id="-2084" lat="33.542474" lon="130.430364" />
  <node id="-2085" lat="33.54334" lon="130.4300808" />
  <node id="-2086" lat="33.5436923" lon="130.4300545" />
  <node id="-2087" lat="33.5441451" lon="130.4300952" />
  <node id="-2088" lat="33.5447666" lon="130.4303634" />
  <node id="-2089" lat="33.545484" lon="130.4306471" />
  <node id="-2090" lat="33.5464158" lon="130.4310884" />
  <node id="-2091" lat="33.5468218" lon="130.4312802" />
  <node id="-2092" lat="33.5472211" lon="130.4316115" />
  <node id="-2093" lat="33.5485287" lon="130.4326748" />
  <node id="-2094" lat="33.5494527" lon="130.4330782" />
  <node id="-2095" lat="33.5506043" lon="130.4331522" />
  <node id="-2096" lat="33.5514607" lon="130.4333646" />
  <node id="-2097" lat="33.5517476" lon="130.4335649" />
  <node id="-2098" lat="33.552594" lon="130.434156" />
  <node id="-2099" lat="33.552824" lon="130.434248" />
  <node id="-2100" lat="33.55362" lon="130.434568" />
  <node id="-2101" lat="33.555191" lon="130.434824" />
  <node id="-2102" lat="33.5557636" lon="130.4348227" />
  <node id="-2103" lat="33.558059" lon="130.433949" />
  <node id="-2104" lat="33.5591161" lon="130.4335328" />
  <node id="-2105" lat="33.5591675" lon="130.4335126" />
  <node id="-2106" lat="33.5607129" lon="130.4334265" />
  <node id="-2107" lat="33.5615933" lon="130.4335005" />
  <node id="-2108" lat="33.5620603" lon="130.4334827" />
  <node id="-2109" lat="33.563758" lon="130.433394" />
  <node id="-2110" lat="33.5647521" lon="130.4330059" />
  <node id="-2111" lat="33.5659624" lon="130.432486" />
  <node id="-2112" lat="33.5663147" lon="130.4323105" />
  <node id="-2113" lat="33.5669097" lon="130.43185" />
  <node id="-2114" lat="33.5673646" lon="130.431319" />
  <node id="-2115" lat="33.5679315" lon="130.4306047" />
  <node id="-2116" lat="33.5685428" lon="130.4294874" />
  <node id="-2117" lat="33.5692111" lon="130.4283811" />
  <node id="-2118" lat="33.569692" lon="130.4278763" />
  <node id="-2119" lat="33.5702853" lon="130.4274299" />
  <node id="-2120" lat="33.5712109" lon="130.4267426" />
  <node id="-2121" lat="33.5719857" lon="130.4260854" />
  <node id="-2122" lat="33.5728487" lon="130.4251767" />
  <node id="-2123" lat="33.573607" lon="130.424441" />
  <node id="-2124" lat="33.573899" lon="130.424052" />
  <node id="-2125" lat="33.573909" lon="130.424039" />
  <node id="-2126" lat="33.573912" lon="130.424031" />
  <node id="-2127" lat="33.574299" lon="130.422923" />
  <node id="-2128" lat="33.574531" lon="130.421642" />
  <node id="-2129" lat="33.574535" lon="130.421616" />
  <node id="-2130" lat="33.574536" lon="130.42161" />
  <node id="-2131" lat="33.574538" lon="130.421606" />
  <node id="-2132" lat="33.5749077" lon="130.4206796" />
  <way id="59972178">
    <nd ref="-2133" />
    <nd ref="-2134" />
    <nd ref="-2135" />
    <nd ref="-2136" />
    <nd ref="-2137" />
    <nd ref="-2138" />
    <nd ref="-2139" />
    <nd ref="-2140" />
    <nd ref="-2141" />
    <nd ref="-2142" />
    <nd ref="-2143" />
    <nd ref="-2144" />
    <nd ref="-2145" />
    <nd ref="-2146" />
    <nd ref="-2147" />
    <nd ref="-2148" />
    <nd ref="-2149" />
    <nd ref="-2150" />
    <tag k="name" v="薬院新川" />
    <tag k="name:en" v="Yakuin Shinkawa River" />
    <tag k="name:ja" v="薬院新川" />
    <tag k="note" v="National-Land Numerical Information (River) 2006, MLIT Japan" />
    <tag k="note:ja" v="国土数値情報(河川データ)平成18年国土交通省" />
    <tag k="source" v="KSJ2" />
    <tag k="source_ref" v="http://nlftp.mlit.go.jp/ksj/jpgis/datalist/KsjTmplt-W05.html" />
    <tag k="waterway" v="river" />
  </way>
  <node id="-2133" lat="33.5868047" lon="130.4026119" />
  <node id="-2134" lat="33.587005" lon="130.4027602" />
  <node id="-2135" lat="33.587716" lon="130.402914" />
  <node id="-2136" lat="33.5879901" lon="130.4030025" />
  <node id="-2137" lat="33.5882039" lon="130.4030851" />
  <node id="-2138" lat="33.5882537" lon="130.4031191" />
  <node id="-2139" lat="33.5883585" lon="130.4031876" />
  <node id="-2140" lat="33.5886582" lon="130.4034098" />
  <node id="-2141" lat="33.5886681" lon="130.4034239" />
  <node id="-2142" lat="33.5888138" lon="130.4035237" />
  <node id="-2143" lat="33.589408" lon="130.40381" />
  <node id="-2144" lat="33.5899115" lon="130.4039752" />
  <node id="-2145" lat="33.5903951" lon="130.403892" />
  <node id="-2146" lat="33.5906209" lon="130.4037894" />
  <node id="-2147" lat="33.5913209" lon="130.4034711" />
  <node id="-2148" lat="33.5920159" lon="130.4031705" />
  <node id="-2149" lat="33.5927118" lon="130.4028357" />
  <node id="-2150" lat="33.593395" lon="130.402504" />
  <way id="171479178">
    <nd ref="-2151" />
    <nd ref="-2152" />
    <nd ref="-2153" />
    <nd ref="-2154" />
    <nd ref="-2155" />
    <nd ref="-2156" />
    <nd ref="-2157" />
    <nd ref="-2158" />
    <nd ref="-2159" />
    <nd ref="-2160" />
    <nd ref="-2161" />
    <nd ref="-2162" />
    <nd ref="-2163" />
    <nd ref="-2164" />
    <nd ref="-2165" />
    <nd ref="-2166" />
    <nd ref="-2167" />
    <nd ref="-2168" />
    <nd ref="-2169" />
    <nd ref="-2170" />
    <nd ref="-2171" />
    <nd ref="-2172" />
    <nd ref="-2173" />
    <nd ref="-2174" />
    <nd ref="-2175" />
    <nd ref="-2176" />
    <nd ref="-2177" />
    <nd ref="-2178" />
    <nd ref="-2179" />
    <nd ref="-2180" />
    <nd ref="-2181" />
    <nd ref="-2182" />
    <nd ref="-2183" />
    <nd ref="-2184" />
    <nd ref="-2185" />
    <nd ref="-2186" />
    <nd ref="-2187" />
    <nd ref="-2188" />
    <nd ref="-2189" />
    <nd ref="-2190" />
    <nd ref="-2191" />
    <nd ref="-2192" />
    <tag k="name" v="御笠川" />
    <tag k="name:en" v="Mikasa River" />
    <tag k="name:ja" v="御笠川" />
    <tag k="name:ko" v="미카사 강" />
    <tag k="source" v="NRPB of MLIT Japan" />
    <tag k="source:ja" v="国土画像情報（オルソ化空中写真）国土計画局" />
    <tag k="waterway" v="river" />
  </way>
  <node id="-2151" lat="33.5764057" lon="130.4373615" />
  <node id="-2152" lat="33.5765965" lon="130.43722" />
  <node id="-2153" lat="33.5773208" lon="130.4368167" />
  <node id="-2154" lat="33.5778879" lon="130.4368273" />
  <node id="-2155" lat="33.5787318" lon="130.437062" />
  <node id="-2156" lat="33.5790489" lon="130.4370167" />
  <node id="-2157" lat="33.5796423" lon="130.4366874" />
  <node id="-2158" lat="33.5804581" lon="130.4360735" />
  <node id="-2159" lat="33.581249" lon="130.4355002" />
  <node id="-2160" lat="33.581902" lon="130.4350437" />
  <node id="-2161" lat="33.5829796" lon="130.4342793" />
  <node id="-2162" lat="33.5838767" lon="130.4335839" />
  <node id="-2163" lat="33.5843563" lon="130.4332135" />
  <node id="-2164" lat="33.5846624" lon="130.4329893" />
  <node id="-2165" lat="33.5855701" lon="130.4322674" />
  <node id="-2166" lat="33.5861729" lon="130.4317694" />
  <node id="-2167" lat="33.5865468" lon="130.4314605" />
  <node id="-2168" lat="33.5876172" lon="130.4305797" />
  <node id="-2169" lat="33.588381" lon="130.4297867" />
  <node id="-2170" lat="33.589203" lon="130.4287538" />
  <node id="-2171" lat="33.5899959" lon="130.4277717" />
  <node id="-2172" lat="33.5907525" lon="130.4269352" />
  <node id="-2173" lat="33.5918" lon="130.4257203" />
  <node id="-2174" lat="33.5926511" lon="130.4246655" />
  <node id="-2175" lat="33.5931819" lon="130.4240118" />
  <node id="-2176" lat="33.5935313" lon="130.4235816" />
  <node id="-2177" lat="33.5942442" lon="130.4227596" />
  <node id="-2178" lat="33.5947752" lon="130.421523" />
  <node id="-2179" lat="33.5953572" lon="130.4198571" />
  <node id="-2180" lat="33.5958373" lon="130.4184023" />
  <node id="-2181" lat="33.5962956" lon="130.4175002" />
  <node id="-2182" lat="33.5969067" lon="130.4170638" />
  <node id="-2183" lat="33.5975612" lon="130.4168562" />
  <node id="-2184" lat="33.5987677" lon="130.4163301" />
  <node id="-2185" lat="33.5994722" lon="130.4152974" />
  <node id="-2186" lat="33.5997328" lon="130.413507" />
  <node id="-2187" lat="33.6007077" lon="130.4114416" />
  <node id="-2188" lat="33.6025318" lon="130.4093665" />
  <node id="-2189" lat="33.6050895" lon="130.4084399" />
  <node id="-2190" lat="33.6074976" lon="130.4077353" />
  <node id="-2191" lat="33.6086111" lon="130.4067015" />
  <node id="-2192" lat="33.6095824" lon="130.4055009" />
  <way id="207916358">
    <nd ref="-2193" />
    <nd ref="-2194" />
    <nd ref="-2195" />
    <nd ref="-2196" />
    <nd ref="-2197" />
    <nd ref="-2198" />
    <nd ref="-2199" />
    <nd ref="-2200" />
    <nd ref="-2201" />
    <nd ref="-2202" />
    <nd ref="-2203" />
    <nd ref="-2204" />
    <nd ref="-2205" />
    <nd ref="-2206" />
    <nd ref="-2207" />
    <nd ref="-2208" />
    <nd ref="-2209" />
    <nd ref="-2210" />
    <nd ref="-2211" />
    <nd ref="-2212" />
    <nd ref="-2213" />
    <nd ref="-2214" />
    <nd ref="-2215" />
    <nd ref="-2216" />
    <nd ref="-2217" />
    <nd ref="-2218" />
    <nd ref="-2219" />
    <nd ref="-2220" />
    <nd ref="-2221" />
    <nd ref="-2222" />
    <nd ref="-2223" />
    <nd ref="-2224" />
    <nd ref="-2225" />
    <nd ref="-2226" />
    <nd ref="-2227" />
    <nd ref="-2228" />
    <nd ref="-2229" />
    <nd ref="-2230" />
    <nd ref="-2231" />
    <nd ref="-2232" />
    <nd ref="-2233" />
    <nd ref="-2234" />
    <nd ref="-2235" />
    <nd ref="-2236" />
    <nd ref="-2237" />
    <nd ref="-2238" />
    <nd ref="-2239" />
    <nd ref="-2240" />
    <nd ref="-2241" />
    <nd ref="-2242" />
    <nd ref="-2243" />
    <nd ref="-2244" />
    <nd ref="-2245" />
    <nd ref="-2246" />
    <nd ref="-2247" />
    <nd ref="-2248" />
    <nd ref="-2249" />
    <nd ref="-2250" />
    <nd ref="-2251" />
    <nd ref="-2252" />
    <nd ref="-2253" />
    <nd ref="-2254" />
    <nd ref="-2255" />
    <nd ref="-2256" />
    <nd ref="-2257" />
    <nd ref="-2258" />
    <nd ref="-2259" />
    <nd ref="-2260" />
    <nd ref="-2261" />
    <nd ref="-2262" />
    <nd ref="-2263" />
    <nd ref="-2264" />
    <nd ref="-2265" />
    <nd ref="-2266" />
    <nd ref="-2267" />
    <nd ref="-2268" />
    <nd ref="-2269" />
    <nd ref="-2270" />
    <nd ref="-2271" />
    <nd ref="-2272" />
    <nd ref="-2273" />
    <nd ref="-2274" />
    <nd ref="-2275" />
    <nd ref="-2276" />
    <tag k="natural" v="water" />
    <tag k="source" v="Bing" />
    <tag k="water" v="river" />
  </way>
  <node id="-2193" lat="33.5927719" lon="130.4026202" />
  <node id="-2194" lat="33.5928554" lon="130.4029468" />
  <node id="-2195" lat="33.5928246" lon="130.4029512" />
  <node id="-2196" lat="33.5926949" lon="130.4029941" />
  <node id="-2197" lat="33.5926381" lon="130.4030135" />
  <node id="-2198" lat="33.5924143" lon="130.4030952" />
  <node id="-2199" lat="33.5923779" lon="130.4031084" />
  <node id="-2200" lat="33.5923415" lon="130.4031216" />
  <node id="-2201" lat="33.592239" lon="130.4031604" />
  <node id="-2202" lat="33.5922035" lon="130.4031699" />
  <node id="-2203" lat="33.5921681" lon="130.4031794" />
  <node id="-2204" lat="33.591874" lon="130.4033144" />
  <node id="-2205" lat="33.5916051" lon="130.4034482" />
  <node id="-2206" lat="33.5913369" lon="130.4035762" />
  <node id="-2207" lat="33.5912358" lon="130.4036255" />
  <node id="-2208" lat="33.590942" lon="130.4037593" />
  <node id="-2209" lat="33.5907887" lon="130.4038347" />
  <node id="-2210" lat="33.5906688" lon="130.4038933" />
  <node id="-2211" lat="33.5905759" lon="130.4039363" />
  <node id="-2212" lat="33.5904974" lon="130.4039648" />
  <node id="-2213" lat="33.5904412" lon="130.4039822" />
  <node id="-2214" lat="33.5902725" lon="130.4040191" />
  <node id="-2215" lat="33.5900718" lon="130.4040382" />
  <node id="-2216" lat="33.5899486" lon="130.4040329" />
  <node id="-2217" lat="33.5897751" lon="130.4040033" />
  <node id="-2218" lat="33.5896179" lon="130.4039587" />
  <node id="-2219" lat="33.5895221" lon="130.4039332" />
  <node id="-2220" lat="33.5894066" lon="130.4039018" />
  <node id="-2221" lat="33.588993" lon="130.4037062" />
  <node id="-2222" lat="33.5887932" lon="130.4035856" />
  <node id="-2223" lat="33.5886446" lon="130.4034927" />
  <node id="-2224" lat="33.5886262" lon="130.4034794" />
  <node id="-2225" lat="33.5883224" lon="130.4032591" />
  <node id="-2226" lat="33.5882137" lon="130.4031752" />
  <node id="-2227" lat="33.5881689" lon="130.4031456" />
  <node id="-2228" lat="33.5880772" lon="130.403085" />
  <node id="-2229" lat="33.5879712" lon="130.403027" />
  <node id="-2230" lat="33.5877421" lon="130.4029747" />
  <node id="-2231" lat="33.5875265" lon="130.4029318" />
  <node id="-2232" lat="33.5871919" lon="130.4028594" />
  <node id="-2233" lat="33.5870774" lon="130.4028668" />
  <node id="-2234" lat="33.5869651" lon="130.4028098" />
  <node id="-2235" lat="33.5867468" lon="130.4026611" />
  <node id="-2236" lat="33.5868047" lon="130.4026119" />
  <node id="-2237" lat="33.5868511" lon="130.4025697" />
  <node id="-2238" lat="33.587026" lon="130.4026917" />
  <node id="-2239" lat="33.5873271" lon="130.4027434" />
  <node id="-2240" lat="33.587531" lon="130.4027809" />
  <node id="-2241" lat="33.5878594" lon="130.4028681" />
  <node id="-2242" lat="33.5880281" lon="130.4029244" />
  <node id="-2243" lat="33.5882388" lon="130.4030246" />
  <node id="-2244" lat="33.5882938" lon="130.403063" />
  <node id="-2245" lat="33.5883946" lon="130.4031162" />
  <node id="-2246" lat="33.5886901" lon="130.4033402" />
  <node id="-2247" lat="33.5886915" lon="130.4033551" />
  <node id="-2248" lat="33.5888342" lon="130.4034531" />
  <node id="-2249" lat="33.5888773" lon="130.403487" />
  <node id="-2250" lat="33.5889162" lon="130.403506" />
  <node id="-2251" lat="33.5895013" lon="130.4037688" />
  <node id="-2252" lat="33.5895109" lon="130.4037504" />
  <node id="-2253" lat="33.5895196" lon="130.4037529" />
  <node id="-2254" lat="33.5896606" lon="130.4037879" />
  <node id="-2255" lat="33.5898452" lon="130.4038353" />
  <node id="-2256" lat="33.5900107" lon="130.4038602" />
  <node id="-2257" lat="33.5900728" lon="130.4038575" />
  <node id="-2258" lat="33.5901355" lon="130.4038493" />
  <node id="-2259" lat="33.590232" lon="130.403824" />
  <node id="-2260" lat="33.5902896" lon="130.4038048" />
  <node id="-2261" lat="33.5905356" lon="130.4036862" />
  <node id="-2262" lat="33.5906829" lon="130.4036112" />
  <node id="-2263" lat="33.5911396" lon="130.4033776" />
  <node id="-2264" lat="33.5912158" lon="130.4033515" />
  <node id="-2265" lat="33.5912492" lon="130.4033286" />
  <node id="-2266" lat="33.5920912" lon="130.4029412" />
  <node id="-2267" lat="33.5921353" lon="130.4029241" />
  <node id="-2268" lat="33.5921656" lon="130.402912" />
  <node id="-2269" lat="33.5921959" lon="130.4029" />
  <node id="-2270" lat="33.5922467" lon="130.4028803" />
  <node id="-2271" lat="33.5922974" lon="130.4028607" />
  <node id="-2272" lat="33.5923351" lon="130.402846" />
  <node id="-2273" lat="33.5923728" lon="130.4028313" />
  <node id="-2274" lat="33.5923794" lon="130.4027843" />
  <node id="-2275" lat="33.592747" lon="130.4026334" />
  <node id="-2276" lat="33.5927719" lon="130.4026202" />
  <way id="207916359">
    <nd ref="-2277" />
    <nd ref="-2278" />
    <nd ref="-2279" />
    <nd ref="-2280" />
    <nd ref="-2281" />
    <nd ref="-2282" />
    <nd ref="-2283" />
    <nd ref="-2284" />
    <nd ref="-2285" />
    <nd ref="-2286" />
    <nd ref="-2287" />
    <nd ref="-2288" />
    <nd ref="-2289" />
    <nd ref="-2290" />
    <nd ref="-2291" />
    <nd ref="-2292" />
    <nd ref="-2293" />
    <nd ref="-2294" />
    <nd ref="-2295" />
    <nd ref="-2296" />
    <nd ref="-2297" />
    <nd ref="-2298" />
    <nd ref="-2299" />
    <nd ref="-2300" />
    <nd ref="-2301" />
    <nd ref="-2302" />
    <nd ref="-2303" />
    <nd ref="-2304" />
    <nd ref="-2305" />
    <nd ref="-2306" />
    <nd ref="-2307" />
    <nd ref="-2308" />
    <nd ref="-2309" />
    <nd ref="-2310" />
    <nd ref="-2311" />
    <nd ref="-2312" />
    <nd ref="-2313" />
    <nd ref="-2314" />
    <nd ref="-2315" />
    <nd ref="-2316" />
    <nd ref="-2317" />
    <nd ref="-2318" />
    <nd ref="-2319" />
    <nd ref="-2320" />
    <nd ref="-2321" />
    <nd ref="-2322" />
    <nd ref="-2323" />
    <nd ref="-2324" />
    <nd ref="-2325" />
    <nd ref="-2326" />
    <nd ref="-2327" />
    <nd ref="-2328" />
    <tag k="natural" v="water" />
    <tag k="source" v="Bing" />
  </way>
  <node id="-2277" lat="33.5816018" lon="130.4010366" />
  <node id="-2278" lat="33.5818945" lon="130.4010702" />
  <node id="-2279" lat="33.5826517" lon="130.4011974" />
  <node id="-2280" lat="33.5828526" lon="130.4012116" />
  <node id="-2281" lat="33.5830283" lon="130.4012241" />
  <node id="-2282" lat="33.5831469" lon="130.4012672" />
  <node id="-2283" lat="33.5833594" lon="130.4013061" />
  <node id="-2284" lat="33.5835048" lon="130.4013006" />
  <node id="-2285" lat="33.5843566" lon="130.4013981" />
  <node id="-2286" lat="33.5847882" lon="130.4013728" />
  <node id="-2287" lat="33.5849939" lon="130.4013951" />
  <node id="-2288" lat="33.5853672" lon="130.4016395" />
  <node id="-2289" lat="33.5855877" lon="130.4018159" />
  <node id="-2290" lat="33.5856348" lon="130.4019212" />
  <node id="-2291" lat="33.5856753" lon="130.4020212" />
  <node id="-2292" lat="33.585111" lon="130.4016831" />
  <node id="-2293" lat="33.5849631" lon="130.4015935" />
  <node id="-2294" lat="33.5848641" lon="130.4014996" />
  <node id="-2295" lat="33.5846235" lon="130.4015154" />
  <node id="-2296" lat="33.5843016" lon="130.4015152" />
  <node id="-2297" lat="33.5837445" lon="130.4014641" />
  <node id="-2298" lat="33.5835979" lon="130.4014402" />
  <node id="-2299" lat="33.5833825" lon="130.4014142" />
  <node id="-2300" lat="33.5830892" lon="130.4013495" />
  <node id="-2301" lat="33.5828425" lon="130.4013258" />
  <node id="-2302" lat="33.5824333" lon="130.4012702" />
  <node id="-2303" lat="33.5820549" lon="130.4012199" />
  <node id="-2304" lat="33.5818886" lon="130.4012153" />
  <node id="-2305" lat="33.5815145" lon="130.4011864" />
  <node id="-2306" lat="33.581351" lon="130.4013144" />
  <node id="-2307" lat="33.5813442" lon="130.4013508" />
  <node id="-2308" lat="33.5810832" lon="130.4015752" />
  <node id="-2309" lat="33.5810461" lon="130.4015449" />
  <node id="-2310" lat="33.5814082" lon="130.4012073" />
  <node id="-2311" lat="33.5813874" lon="130.4011676" />
  <node id="-2312" lat="33.5809979" lon="130.4010937" />
  <node id="-2313" lat="33.5809303" lon="130.4010843" />
  <node id="-2314" lat="33.5805083" lon="130.4010506" />
  <node id="-2315" lat="33.5802252" lon="130.4010061" />
  <node id="-2316" lat="33.5800815" lon="130.4009868" />
  <node id="-2317" lat="33.5789898" lon="130.4008713" />
  <node id="-2318" lat="33.5788497" lon="130.4008583" />
  <node id="-2319" lat="33.5773358" lon="130.4006698" />
  <node id="-2320" lat="33.5773695" lon="130.4006231" />
  <node id="-2321" lat="33.5789245" lon="130.4007941" />
  <node id="-2322" lat="33.5790851" lon="130.4008075" />
  <node id="-2323" lat="33.5800138" lon="130.4008769" />
  <node id="-2324" lat="33.5801665" lon="130.4008928" />
  <node id="-2325" lat="33.5805192" lon="130.4009101" />
  <node id="-2326" lat="33.5809391" lon="130.4009681" />
  <node id="-2327" lat="33.5810078" lon="130.4009739" />
  <node id="-2328" lat="33.5816018" lon="130.4010366" />
  <way id="210946913">
    <nd ref="-2329" />
    <nd ref="-2330" />
    <nd ref="-2331" />
    <nd ref="-2332" />
    <nd ref="-2333" />
    <nd ref="-2334" />
    <nd ref="-2335" />
    <nd ref="-2336" />
    <nd ref="-2337" />
    <nd ref="-2338" />
    <nd ref="-2339" />
    <nd ref="-2340" />
    <nd ref="-2341" />
    <nd ref="-2342" />
    <nd ref="-2343" />
    <nd ref="-2344" />
    <nd ref="-2345" />
    <nd ref="-2346" />
    <nd ref="-2347" />
    <nd ref="-2348" />
    <nd ref="-2349" />
    <nd ref="-2350" />
    <nd ref="-2351" />
    <nd ref="-2352" />
    <nd ref="-2353" />
    <nd ref="-2354" />
    <nd ref="-2355" />
    <nd ref="-2356" />
    <nd ref="-2357" />
    <nd ref="-2358" />
    <nd ref="-2359" />
    <nd ref="-2360" />
    <nd ref="-2361" />
    <nd ref="-2362" />
    <nd ref="-2363" />
    <nd ref="-2364" />
    <nd ref="-2365" />
    <nd ref="-2366" />
    <nd ref="-2367" />
    <nd ref="-2368" />
    <nd ref="-2369" />
    <nd ref="-2370" />
    <nd ref="-2371" />
    <nd ref="-2372" />
    <nd ref="-2373" />
    <nd ref="-2374" />
    <nd ref="-2375" />
    <nd ref="-2376" />
    <nd ref="-2377" />
    <nd ref="-2378" />
    <nd ref="-2379" />
    <nd ref="-2380" />
    <nd ref="-2381" />
    <nd ref="-2382" />
    <nd ref="-2383" />
    <nd ref="-2384" />
    <nd ref="-2385" />
    <nd ref="-2386" />
    <nd ref="-2387" />
    <nd ref="-2388" />
    <tag k="natural" v="water" />
    <tag k="water" v="river" />
  </way>
  <node id="-2329" lat="33.5656972" lon="130.4150695" />
  <node id="-2330" lat="33.5657638" lon="130.4150318" />
  <node id="-2331" lat="33.5658111" lon="130.4150641" />
  <node id="-2332" lat="33.5660374" lon="130.4151472" />
  <node id="-2333" lat="33.5661254" lon="130.415188" />
  <node id="-2334" lat="33.5666844" lon="130.415465" />
  <node id="-2335" lat="33.5671429" lon="130.4156671" />
  <node id="-2336" lat="33.5682418" lon="130.4161673" />
  <node id="-2337" lat="33.569569" lon="130.416774" />
  <node id="-2338" lat="33.5701374" lon="130.4170319" />
  <node id="-2339" lat="33.5704535" lon="130.4171838" />
  <node id="-2340" lat="33.5705826" lon="130.4172608" />
  <node id="-2341" lat="33.5706418" lon="130.4173004" />
  <node id="-2342" lat="33.5707602" lon="130.4173849" />
  <node id="-2343" lat="33.5708244" lon="130.4174338" />
  <node id="-2344" lat="33.5709005" lon="130.4175069" />
  <node id="-2345" lat="33.5709809" lon="130.4175966" />
  <node id="-2346" lat="33.5710396" lon="130.4176719" />
  <node id="-2347" lat="33.5710988" lon="130.4177523" />
  <node id="-2348" lat="33.5711721" lon="130.4178564" />
  <node id="-2349" lat="33.5713919" lon="130.4181733" />
  <node id="-2350" lat="33.5717542" lon="130.4187285" />
  <node id="-2351" lat="33.5720625" lon="130.41906" />
  <node id="-2352" lat="33.5738695" lon="130.4202909" />
  <node id="-2353" lat="33.5739727" lon="130.420369" />
  <node id="-2354" lat="33.5740553" lon="130.4204315" />
  <node id="-2355" lat="33.5741176" lon="130.4204787" />
  <node id="-2356" lat="33.5742897" lon="130.4205458" />
  <node id="-2357" lat="33.5744603" lon="130.4205846" />
  <node id="-2358" lat="33.5747209" lon="130.420528" />
  <node id="-2359" lat="33.5746787" lon="130.4206872" />
  <node id="-2360" lat="33.5744528" lon="130.4206541" />
  <node id="-2361" lat="33.5742769" lon="130.4206413" />
  <node id="-2362" lat="33.5741032" lon="130.4205791" />
  <node id="-2363" lat="33.5740131" lon="130.4205135" />
  <node id="-2364" lat="33.5739293" lon="130.4204526" />
  <node id="-2365" lat="33.5738365" lon="130.4203851" />
  <node id="-2366" lat="33.5720344" lon="130.4191105" />
  <node id="-2367" lat="33.5717175" lon="130.4187725" />
  <node id="-2368" lat="33.57133" lon="130.4182416" />
  <node id="-2369" lat="33.5710995" lon="130.4179196" />
  <node id="-2370" lat="33.5710335" lon="130.4178227" />
  <node id="-2371" lat="33.5709714" lon="130.4177362" />
  <node id="-2372" lat="33.5709063" lon="130.417654" />
  <node id="-2373" lat="33.5708418" lon="130.4175867" />
  <node id="-2374" lat="33.5707765" lon="130.4175263" />
  <node id="-2375" lat="33.5707088" lon="130.417468" />
  <node id="-2376" lat="33.5705999" lon="130.4173835" />
  <node id="-2377" lat="33.5705435" lon="130.4173467" />
  <node id="-2378" lat="33.5704288" lon="130.4172862" />
  <node id="-2379" lat="33.5700936" lon="130.4171258" />
  <node id="-2380" lat="33.5695335" lon="130.4168732" />
  <node id="-2381" lat="33.568212" lon="130.4162679" />
  <node id="-2382" lat="33.5671096" lon="130.4157667" />
  <node id="-2383" lat="33.5666099" lon="130.4155315" />
  <node id="-2384" lat="33.5663026" lon="130.4153741" />
  <node id="-2385" lat="33.5660865" lon="130.4152856" />
  <node id="-2386" lat="33.5659614" lon="130.4152264" />
  <node id="-2387" lat="33.5656993" lon="130.4151244" />
  <node id="-2388" lat="33.5656972" lon="130.4150695" />
  <way id="211052061">
    <nd ref="-2389" />
    <nd ref="-2390" />
    <nd ref="-2391" />
    <nd ref="-2392" />
    <nd ref="-2393" />
    <tag k="natural" v="water" />
  </way>
  <node id="-2389" lat="33.5768889" lon="130.4051028" />
  <node id="-2390" lat="33.5764442" lon="130.405473" />
  <node id="-2391" lat="33.5764665" lon="130.4055116" />
  <node id="-2392" lat="33.5769112" lon="130.4051414" />
  <node id="-2393" lat="33.5768889" lon="130.4051028" />
  <way id="211052062">
    <nd ref="-2394" />
    <nd ref="-2395" />
    <nd ref="-2396" />
    <nd ref="-2397" />
    <nd ref="-2398" />
    <tag k="natural" v="water" />
  </way>
  <node id="-2394" lat="33.5776272" lon="130.4044564" />
  <node id="-2395" lat="33.5773184" lon="130.4047259" />
  <node id="-2396" lat="33.5773433" lon="130.4047669" />
  <node id="-2397" lat="33.5776521" lon="130.4044974" />
  <node id="-2398" lat="33.5776272" lon="130.4044564" />
  <way id="211052063">
    <nd ref="-2399" />
    <nd ref="-2400" />
    <nd ref="-2401" />
    <nd ref="-2402" />
    <nd ref="-2403" />
    <tag k="natural" v="water" />
  </way>
  <node id="-2399" lat="33.5806524" lon="130.401891" />
  <node id="-2400" lat="33.5796769" lon="130.4026856" />
  <node id="-2401" lat="33.5797072" lon="130.4027392" />
  <node id="-2402" lat="33.5806827" lon="130.4019446" />
  <node id="-2403" lat="33.5806524" lon="130.401891" />
  <way id="211052064">
    <nd ref="-2404" />
    <nd ref="-2405" />
    <nd ref="-2406" />
    <nd ref="-2407" />
    <nd ref="-2408" />
    <tag k="natural" v="water" />
  </way>
  <node id="-2404" lat="33.5772625" lon="130.4047824" />
  <node id="-2405" lat="33.5769334" lon="130.4050615" />
  <node id="-2406" lat="33.5769572" lon="130.4051019" />
  <node id="-2407" lat="33.5772863" lon="130.4048229" />
  <node id="-2408" lat="33.5772625" lon="130.4047824" />
  <way id="211052065">
    <nd ref="-2409" />
    <nd ref="-2410" />
    <nd ref="-2411" />
    <nd ref="-2412" />
    <nd ref="-2413" />
    <tag k="natural" v="water" />
  </way>
  <node id="-2409" lat="33.57595" lon="130.4058877" />
  <node id="-2410" lat="33.5751784" lon="130.4065239" />
  <node id="-2411" lat="33.5752029" lon="130.4065668" />
  <node id="-2412" lat="33.5759745" lon="130.4059306" />
  <node id="-2413" lat="33.57595" lon="130.4058877" />
  <way id="211052066">
    <nd ref="-2414" />
    <nd ref="-2415" />
    <nd ref="-2416" />
    <nd ref="-2417" />
    <nd ref="-2418" />
    <tag k="natural" v="water" />
  </way>
  <node id="-2414" lat="33.5788797" lon="130.4033679" />
  <node id="-2415" lat="33.5785238" lon="130.4036763" />
  <node id="-2416" lat="33.5785531" lon="130.4037249" />
  <node id="-2417" lat="33.5789089" lon="130.4034165" />
  <node id="-2418" lat="33.5788797" lon="130.4033679" />
  <way id="211052068">
    <nd ref="-2419" />
    <nd ref="-2420" />
    <nd ref="-2421" />
    <nd ref="-2422" />
    <nd ref="-2423" />
    <tag k="natural" v="water" />
  </way>
  <node id="-2419" lat="33.5784507" lon="130.4037373" />
  <node id="-2420" lat="33.5781046" lon="130.4040285" />
  <node id="-2421" lat="33.5781334" lon="130.4040778" />
  <node id="-2422" lat="33.5784795" lon="130.4037866" />
  <node id="-2423" lat="33.5784507" lon="130.4037373" />
  <way id="211052070">
    <nd ref="-2424" />
    <nd ref="-2425" />
    <nd ref="-2426" />
    <nd ref="-2427" />
    <nd ref="-2428" />
    <tag k="natural" v="water" />
  </way>
  <node id="-2424" lat="33.5751464" lon="130.406551" />
  <node id="-2425" lat="33.5749142" lon="130.4067425" />
  <node id="-2426" lat="33.5749388" lon="130.4067854" />
  <node id="-2427" lat="33.575171" lon="130.4065939" />
  <node id="-2428" lat="33.5751464" lon="130.406551" />
  <way id="211052072">
    <nd ref="-2429" />
    <nd ref="-2430" />
    <nd ref="-2431" />
    <nd ref="-2432" />
    <nd ref="-2433" />
    <tag k="natural" v="water" />
  </way>
  <node id="-2429" lat="33.5792335" lon="130.4030596" />
  <node id="-2430" lat="33.578919" lon="130.4033246" />
  <node id="-2431" lat="33.5789494" lon="130.4033766" />
  <node id="-2432" lat="33.5792639" lon="130.4031115" />
  <node id="-2433" lat="33.5792335" lon="130.4030596" />
  <way id="211052073">
    <nd ref="-2434" />
    <nd ref="-2435" />
    <nd ref="-2436" />
    <nd ref="-2437" />
    <nd ref="-2438" />
    <tag k="natural" v="water" />
  </way>
  <node id="-2434" lat="33.5764056" lon="130.4055114" />
  <node id="-2435" lat="33.576042" lon="130.4058196" />
  <node id="-2436" lat="33.5760658" lon="130.4058601" />
  <node id="-2437" lat="33.5764294" lon="130.4055518" />
  <node id="-2438" lat="33.5764056" lon="130.4055114" />
  <way id="211052074">
    <nd ref="-2439" />
    <nd ref="-2440" />
    <nd ref="-2441" />
    <nd ref="-2442" />
    <nd ref="-2443" />
    <tag k="natural" v="water" />
  </way>
  <node id="-2439" lat="33.578069" lon="130.4040586" />
  <node id="-2440" lat="33.5776682" lon="130.404413" />
  <node id="-2441" lat="33.5776968" lon="130.4044595" />
  <node id="-2442" lat="33.5780976" lon="130.4041051" />
  <node id="-2443" lat="33.578069" lon="130.4040586" />
  <way id="211052075">
    <nd ref="-2444" />
    <nd ref="-2445" />
    <nd ref="-2446" />
    <nd ref="-2447" />
    <nd ref="-2448" />
    <tag k="natural" v="water" />
  </way>
  <node id="-2444" lat="33.5796044" lon="130.4027469" />
  <node id="-2445" lat="33.5792666" lon="130.4030221" />
  <node id="-2446" lat="33.5792969" lon="130.4030756" />
  <node id="-2447" lat="33.5796347" lon="130.4028004" />
  <node id="-2448" lat="33.5796044" lon="130.4027469" />
  <way id="380341522">
    <nd ref="-2449" />
    <nd ref="-2450" />
    <nd ref="-2451" />
    <nd ref="-2452" />
    <nd ref="-2453" />
    <nd ref="-2454" />
    <nd ref="-2455" />
    <nd ref="-2456" />
    <nd ref="-2457" />
    <nd ref="-2458" />
    <nd ref="-2459" />
    <nd ref="-2460" />
    <nd ref="-2461" />
    <nd ref="-2462" />
    <nd ref="-2463" />
    <nd ref="-2464" />
    <tag k="name" v="無染池" />
    <tag k="natural" v="water" />
    <tag k="source" v="GSImaps/ort" />
    <tag k="water" v="pond" />
    <tag k="wikidata" v="Q124540298" />
  </way>
  <node id="-2449" lat="33.5965662" lon="130.4136211" />
  <node id="-2450" lat="33.5965282" lon="130.4136694" />
  <node id="-2451" lat="33.5964634" lon="130.4137042" />
  <node id="-2452" lat="33.5964299" lon="130.4137766" />
  <node id="-2453" lat="33.5964366" lon="130.4138249" />
  <node id="-2454" lat="33.596488" lon="130.4138598" />
  <node id="-2455" lat="33.5965304" lon="130.413841" />
  <node id="-2456" lat="33.5965572" lon="130.4137954" />
  <node id="-2457" lat="33.596571" lon="130.413692" />
  <node id="-2458" lat="33.5965911" lon="130.4136547" />
  <node id="-2459" lat="33.596622" lon="130.4136533" />
  <node id="-2460" lat="33.5966421" lon="130.4136023" />
  <node id="-2461" lat="33.5966399" lon="130.4135513" />
  <node id="-2462" lat="33.5965885" lon="130.4135433" />
  <node id="-2463" lat="33.5965662" lon="130.4135943" />
  <node id="-2464" lat="33.5965662" lon="130.4136211" />
  <way id="425431906">
    <nd ref="-2465" />
    <nd ref="-2466" />
    <tag k="layer" v="-1" />
    <tag k="name" v="御笠川放水路" />
    <tag k="name:ja" v="御笠川放水路" />
    <tag k="note" v="National-Land Numerical Information (River) 2006, MLIT Japan" />
    <tag k="note:ja" v="国土数値情報(河川データ)平成18年国土交通省" />
    <tag k="source" v="KSJ2" />
    <tag k="source_ref" v="http://nlftp.mlit.go.jp/ksj/jpgis/datalist/KsjTmplt-W05.html" />
    <tag k="tunnel" v="culvert" />
    <tag k="waterway" v="river" />
  </way>
  <node id="-2465" lat="33.573342" lon="130.426177" />
  <node id="-2466" lat="33.573352" lon="130.4258508" />
  <way id="425431907">
    <nd ref="-2467" />
    <nd ref="-2468" />
    <tag k="name" v="御笠川放水路" />
    <tag k="name:ja" v="御笠川放水路" />
    <tag k="note" v="National-Land Numerical Information (River) 2006, MLIT Japan" />
    <tag k="note:ja" v="国土数値情報(河川データ)平成18年国土交通省" />
    <tag k="source" v="KSJ2" />
    <tag k="source_ref" v="http://nlftp.mlit.go.jp/ksj/jpgis/datalist/KsjTmplt-W05.html" />
    <tag k="waterway" v="river" />
  </way>
  <node id="-2467" lat="33.573352" lon="130.4258508" />
  <node id="-2468" lat="33.5728487" lon="130.4251767" />
  <way id="489707331">
    <nd ref="-2469" />
    <nd ref="-2470" />
    <nd ref="-2471" />
    <nd ref="-2472" />
    <nd ref="-2473" />
    <nd ref="-2474" />
    <nd ref="-2475" />
    <nd ref="-2476" />
    <nd ref="-2477" />
    <nd ref="-2478" />
    <tag k="natural" v="water" />
    <tag k="water" v="pond" />
  </way>
  <node id="-2469" lat="33.5923254" lon="130.4019865" />
  <node id="-2470" lat="33.5923115" lon="130.4019905" />
  <node id="-2471" lat="33.592312" lon="130.4020214" />
  <node id="-2472" lat="33.5922936" lon="130.4020267" />
  <node id="-2473" lat="33.5922807" lon="130.4020348" />
  <node id="-2474" lat="33.5922796" lon="130.4020488" />
  <node id="-2475" lat="33.5922891" lon="130.4020509" />
  <node id="-2476" lat="33.5923092" lon="130.4020421" />
  <node id="-2477" lat="33.5923355" lon="130.4020307" />
  <node id="-2478" lat="33.5923254" lon="130.4019865" />
  <way id="489707332">
    <nd ref="-2479" />
    <nd ref="-2480" />
    <nd ref="-2481" />
    <nd ref="-2482" />
    <nd ref="-2483" />
    <nd ref="-2484" />
    <tag k="natural" v="water" />
    <tag k="water" v="pond" />
  </way>
  <node id="-2479" lat="33.5923228" lon="130.4019716" />
  <node id="-2480" lat="33.5923161" lon="130.4019515" />
  <node id="-2481" lat="33.5923027" lon="130.4019468" />
  <node id="-2482" lat="33.5922965" lon="130.4019595" />
  <node id="-2483" lat="33.5923032" lon="130.4019837" />
  <node id="-2484" lat="33.5923228" lon="130.4019716" />
  <way id="683350324">
    <nd ref="-2485" />
    <nd ref="-2486" />
    <tag k="name" v="薬院新川" />
    <tag k="name:en" v="Yakuin Shinkawa River" />
    <tag k="name:ja" v="薬院新川" />
    <tag k="note" v="National-Land Numerical Information (River) 2006, MLIT Japan" />
    <tag k="note:ja" v="国土数値情報(河川データ)平成18年国土交通省" />
    <tag k="source" v="KSJ2" />
    <tag k="source_ref" v="http://nlftp.mlit.go.jp/ksj/jpgis/datalist/KsjTmplt-W05.html" />
    <tag k="waterway" v="river" />
  </way>
  <node id="-2485" lat="33.5857412" lon="130.4019847" />
  <node id="-2486" lat="33.5868047" lon="130.4026119" />
  <way id="683350325">
    <nd ref="-2487" />
    <nd ref="-2488" />
    <tag k="note" v="National-Land Numerical Information (River) 2006, MLIT Japan" />
    <tag k="note:ja" v="国土数値情報(河川データ)平成18年国土交通省" />
    <tag k="source" v="KSJ2" />
    <tag k="source_ref" v="http://nlftp.mlit.go.jp/ksj/jpgis/datalist/KsjTmplt-W05.html" />
    <tag k="waterway" v="stream" />
  </way>
  <node id="-2487" lat="33.5856348" lon="130.4019212" />
  <node id="-2488" lat="33.5857412" lon="130.4019847" />
  <way id="683350326">
    <nd ref="-2489" />
    <nd ref="-2490" />
    <nd ref="-2491" />
    <nd ref="-2492" />
    <nd ref="-2493" />
    <nd ref="-2494" />
    <nd ref="-2495" />
    <nd ref="-2496" />
    <tag k="natural" v="water" />
    <tag k="source" v="Bing" />
  </way>
  <node id="-2489" lat="33.5855877" lon="130.4018159" />
  <node id="-2490" lat="33.5868511" lon="130.4025697" />
  <node id="-2491" lat="33.5868047" lon="130.4026119" />
  <node id="-2492" lat="33.5867468" lon="130.4026611" />
  <node id="-2493" lat="33.586199" lon="130.4023096" />
  <node id="-2494" lat="33.5856753" lon="130.4020212" />
  <node id="-2495" lat="33.5856348" lon="130.4019212" />
  <node id="-2496" lat="33.5855877" lon="130.4018159" />
  <way id="761461113">
    <nd ref="-2497" />
    <nd ref="-2498" />
    <nd ref="-2499" />
    <nd ref="-2500" />
    <nd ref="-2501" />
    <nd ref="-2502" />
    <nd ref="-2503" />
    <nd ref="-2504" />
    <nd ref="-2505" />
    <nd ref="-2506" />
    <nd ref="-2507" />
    <nd ref="-2508" />
    <nd ref="-2509" />
    <nd ref="-2510" />
    <nd ref="-2511" />
    <nd ref="-2512" />
    <nd ref="-2513" />
    <nd ref="-2514" />
    <nd ref="-2515" />
    <nd ref="-2516" />
    <nd ref="-2517" />
    <nd ref="-2518" />
    <nd ref="-2519" />
    <nd ref="-2520" />
    <nd ref="-2521" />
    <nd ref="-2522" />
    <nd ref="-2523" />
    <nd ref="-2524" />
    <nd ref="-2525" />
    <nd ref="-2526" />
    <nd ref="-2527" />
    <nd ref="-2528" />
    <nd ref="-2529" />
    <nd ref="-2530" />
    <nd ref="-2531" />
    <nd ref="-2532" />
    <nd ref="-2533" />
    <nd ref="-2534" />
    <nd ref="-2535" />
    <nd ref="-2536" />
    <nd ref="-2537" />
    <nd ref="-2538" />
    <nd ref="-2539" />
    <nd ref="-2540" />
    <nd ref="-2541" />
    <nd ref="-2542" />
    <nd ref="-2543" />
    <nd ref="-2544" />
    <nd ref="-2545" />
    <nd ref="-2546" />
    <nd ref="-2547" />
    <nd ref="-2548" />
    <nd ref="-2549" />
    <nd ref="-2550" />
    <nd ref="-2551" />
    <nd ref="-2552" />
    <nd ref="-2553" />
    <nd ref="-2554" />
    <nd ref="-2555" />
    <nd ref="-2556" />
    <nd ref="-2557" />
    <nd ref="-2558" />
    <nd ref="-2559" />
    <nd ref="-2560" />
    <nd ref="-2561" />
    <nd ref="-2562" />
    <nd ref="-2563" />
    <nd ref="-2564" />
    <nd ref="-2565" />
    <nd ref="-2566" />
    <nd ref="-2567" />
    <nd ref="-2568" />
    <nd ref="-2569" />
    <nd ref="-2570" />
    <nd ref="-2571" />
    <nd ref="-2572" />
    <nd ref="-2573" />
    <nd ref="-2574" />
    <nd ref="-2575" />
    <nd ref="-2576" />
    <nd ref="-2577" />
    <nd ref="-2578" />
    <nd ref="-2579" />
    <nd ref="-2580" />
    <nd ref="-2581" />
    <nd ref="-2582" />
    <nd ref="-2583" />
    <nd ref="-2584" />
    <nd ref="-2585" />
    <nd ref="-2586" />
    <nd ref="-2587" />
    <nd ref="-2588" />
    <nd ref="-2589" />
    <nd ref="-2590" />
    <nd ref="-2591" />
    <tag k="natural" v="water" />
    <tag k="water" v="river" />
  </way>
  <node id="-2497" lat="33.5806806" lon="130.4261477" />
  <node id="-2498" lat="33.5813094" lon="130.4268695" />
  <node id="-2499" lat="33.5813448" lon="130.4269336" />
  <node id="-2500" lat="33.5813643" lon="130.4269547" />
  <node id="-2501" lat="33.5814079" lon="130.4270016" />
  <node id="-2502" lat="33.5814364" lon="130.4270322" />
  <node id="-2503" lat="33.5814431" lon="130.4270395" />
  <node id="-2504" lat="33.5814842" lon="130.4270837" />
  <node id="-2505" lat="33.5815071" lon="130.4270965" />
  <node id="-2506" lat="33.5823528" lon="130.4280675" />
  <node id="-2507" lat="33.5823665" lon="130.4280909" />
  <node id="-2508" lat="33.5823801" lon="130.4281142" />
  <node id="-2509" lat="33.5824161" lon="130.4281402" />
  <node id="-2510" lat="33.5826797" lon="130.4284396" />
  <node id="-2511" lat="33.5826934" lon="130.4284604" />
  <node id="-2512" lat="33.5827347" lon="130.4285278" />
  <node id="-2513" lat="33.5827484" lon="130.4285455" />
  <node id="-2514" lat="33.5827621" lon="130.4285633" />
  <node id="-2515" lat="33.5828878" lon="130.4287273" />
  <node id="-2516" lat="33.5829442" lon="130.4287782" />
  <node id="-2517" lat="33.5832364" lon="130.4291047" />
  <node id="-2518" lat="33.5832904" lon="130.4291687" />
  <node id="-2519" lat="33.5840851" lon="130.4300715" />
  <node id="-2520" lat="33.584097" lon="130.4300908" />
  <node id="-2521" lat="33.5841244" lon="130.4301249" />
  <node id="-2522" lat="33.5841828" lon="130.4301835" />
  <node id="-2523" lat="33.5845815" lon="130.4306449" />
  <node id="-2524" lat="33.584624" lon="130.4306921" />
  <node id="-2525" lat="33.5849664" lon="130.431091" />
  <node id="-2526" lat="33.5849675" lon="130.4311024" />
  <node id="-2527" lat="33.5850061" lon="130.431144" />
  <node id="-2528" lat="33.5850598" lon="130.4312066" />
  <node id="-2529" lat="33.5852424" lon="130.4314081" />
  <node id="-2530" lat="33.5852792" lon="130.4314397" />
  <node id="-2531" lat="33.5853893" lon="130.4315188" />
  <node id="-2532" lat="33.5854485" lon="130.431559" />
  <node id="-2533" lat="33.5855262" lon="130.4316247" />
  <node id="-2534" lat="33.5855384" lon="130.431608" />
  <node id="-2535" lat="33.5855496" lon="130.431557" />
  <node id="-2536" lat="33.5855407" lon="130.4315382" />
  <node id="-2537" lat="33.5854172" lon="130.4314705" />
  <node id="-2538" lat="33.5852658" lon="130.4313585" />
  <node id="-2539" lat="33.5850922" lon="130.4311622" />
  <node id="-2540" lat="33.5850379" lon="130.4311051" />
  <node id="-2541" lat="33.584653" lon="130.4306603" />
  <node id="-2542" lat="33.5846566" lon="130.4306556" />
  <node id="-2543" lat="33.5846103" lon="130.430604" />
  <node id="-2544" lat="33.5846065" lon="130.4306089" />
  <node id="-2545" lat="33.5842412" lon="130.4301893" />
  <node id="-2546" lat="33.5842367" lon="130.4301739" />
  <node id="-2547" lat="33.5842098" lon="130.4301478" />
  <node id="-2548" lat="33.5841553" lon="130.4300811" />
  <node id="-2549" lat="33.5841344" lon="130.4300573" />
  <node id="-2550" lat="33.584116" lon="130.4300452" />
  <node id="-2551" lat="33.5833146" lon="130.4291369" />
  <node id="-2552" lat="33.583261" lon="130.4290739" />
  <node id="-2553" lat="33.5829565" lon="130.4287273" />
  <node id="-2554" lat="33.5829559" lon="130.4287172" />
  <node id="-2555" lat="33.5829247" lon="130.4286844" />
  <node id="-2556" lat="33.5828939" lon="130.4286528" />
  <node id="-2557" lat="33.5827828" lon="130.4285375" />
  <node id="-2558" lat="33.5827681" lon="130.4285218" />
  <node id="-2559" lat="33.5827534" lon="130.428506" />
  <node id="-2560" lat="33.582394" lon="130.4280956" />
  <node id="-2561" lat="33.5823776" lon="130.4280767" />
  <node id="-2562" lat="33.5823612" lon="130.4280579" />
  <node id="-2563" lat="33.581516" lon="130.427087" />
  <node id="-2564" lat="33.5814972" lon="130.4270641" />
  <node id="-2565" lat="33.5814584" lon="130.4270199" />
  <node id="-2566" lat="33.5814523" lon="130.4270122" />
  <node id="-2567" lat="33.5814246" lon="130.426981" />
  <node id="-2568" lat="33.5813817" lon="130.4269325" />
  <node id="-2569" lat="33.5813602" lon="130.426908" />
  <node id="-2570" lat="33.5813168" lon="130.4268582" />
  <node id="-2571" lat="33.5806862" lon="130.4261406" />
  <node id="-2572" lat="33.5806288" lon="130.4260741" />
  <node id="-2573" lat="33.5805881" lon="130.4260197" />
  <node id="-2574" lat="33.5805854" lon="130.4260162" />
  <node id="-2575" lat="33.5805821" lon="130.4260128" />
  <node id="-2576" lat="33.5805108" lon="130.4259327" />
  <node id="-2577" lat="33.5801751" lon="130.4255495" />
  <node id="-2578" lat="33.5799619" lon="130.4252999" />
  <node id="-2579" lat="33.5799639" lon="130.4252974" />
  <node id="-2580" lat="33.5799348" lon="130.4252649" />
  <node id="-2581" lat="33.5799164" lon="130.4252914" />
  <node id="-2582" lat="33.5799427" lon="130.4253246" />
  <node id="-2583" lat="33.5799527" lon="130.4253199" />
  <node id="-2584" lat="33.5801625" lon="130.425567" />
  <node id="-2585" lat="33.5805033" lon="130.4259435" />
  <node id="-2586" lat="33.5805343" lon="130.4259941" />
  <node id="-2587" lat="33.5805648" lon="130.4260332" />
  <node id="-2588" lat="33.5805885" lon="130.4260636" />
  <node id="-2589" lat="33.5806122" lon="130.426094" />
  <node id="-2590" lat="33.580656" lon="130.4261369" />
  <node id="-2591" lat="33.5806806" lon="130.4261477" />
  <way id="761640378">
    <nd ref="-2592" />
    <nd ref="-2593" />
    <nd ref="-2594" />
    <nd ref="-2595" />
    <nd ref="-2596" />
    <nd ref="-2597" />
    <nd ref="-2598" />
    <nd ref="-2599" />
    <nd ref="-2600" />
    <nd ref="-2601" />
    <nd ref="-2602" />
    <nd ref="-2603" />
    <nd ref="-2604" />
    <nd ref="-2605" />
    <nd ref="-2606" />
    <nd ref="-2607" />
    <nd ref="-2608" />
    <nd ref="-2609" />
    <nd ref="-2610" />
    <nd ref="-2611" />
    <nd ref="-2612" />
    <tag k="natural" v="water" />
    <tag k="water" v="river" />
  </way>
  <node id="-2592" lat="33.6000823" lon="130.4169135" />
  <node id="-2593" lat="33.6000788" lon="130.4171697" />
  <node id="-2594" lat="33.6000845" lon="130.4173597" />
  <node id="-2595" lat="33.6000952" lon="130.4174523" />
  <node id="-2596" lat="33.6001346" lon="130.4176264" />
  <node id="-2597" lat="33.6001358" lon="130.4177624" />
  <node id="-2598" lat="33.6000879" lon="130.4178937" />
  <node id="-2599" lat="33.5999762" lon="130.4184302" />
  <node id="-2600" lat="33.5997522" lon="130.4201533" />
  <node id="-2601" lat="33.5997727" lon="130.4201583" />
  <node id="-2602" lat="33.5999906" lon="130.418445" />
  <node id="-2603" lat="33.6000129" lon="130.4182873" />
  <node id="-2604" lat="33.6000736" lon="130.4179977" />
  <node id="-2605" lat="33.6001142" lon="130.4178348" />
  <node id="-2606" lat="33.6001616" lon="130.4177651" />
  <node id="-2607" lat="33.6001616" lon="130.4176095" />
  <node id="-2608" lat="33.6001237" lon="130.4174405" />
  <node id="-2609" lat="33.6001147" lon="130.417352" />
  <node id="-2610" lat="33.6001069" lon="130.4171616" />
  <node id="-2611" lat="33.6001136" lon="130.4168987" />
  <node id="-2612" lat="33.6000823" lon="130.4169135" />
  <way id="826460756">
    <nd ref="-2613" />
    <nd ref="-2614" />
    <nd ref="-2615" />
    <nd ref="-2616" />
    <nd ref="-2617" />
    <nd ref="-2618" />
    <nd ref="-2619" />
    <nd ref="-2620" />
    <nd ref="-2621" />
    <nd ref="-2622" />
    <nd ref="-2623" />
    <nd ref="-2624" />
    <nd ref="-2625" />
    <nd ref="-2626" />
    <nd ref="-2627" />
    <nd ref="-2628" />
    <nd ref="-2629" />
    <nd ref="-2630" />
    <tag k="natural" v="water" />
    <tag k="water" v="pond" />
  </way>
  <node id="-2613" lat="33.5866914" lon="130.4134977" />
  <node id="-2614" lat="33.5866987" lon="130.4135171" />
  <node id="-2615" lat="33.5867227" lon="130.4135245" />
  <node id="-2616" lat="33.586745" lon="130.413544" />
  <node id="-2617" lat="33.5867663" lon="130.4135567" />
  <node id="-2618" lat="33.5868037" lon="130.4135721" />
  <node id="-2619" lat="33.5868372" lon="130.4135788" />
  <node id="-2620" lat="33.5868512" lon="130.4135574" />
  <node id="-2621" lat="33.5868445" lon="130.4135386" />
  <node id="-2622" lat="33.5868232" lon="130.4135144" />
  <node id="-2623" lat="33.5868059" lon="130.4134756" />
  <node id="-2624" lat="33.5867931" lon="130.4134447" />
  <node id="-2625" lat="33.5867657" lon="130.4134326" />
  <node id="-2626" lat="33.5867529" lon="130.4134427" />
  <node id="-2627" lat="33.5867355" lon="130.4134615" />
  <node id="-2628" lat="33.5867115" lon="130.4134588" />
  <node id="-2629" lat="33.5866981" lon="130.4134756" />
  <node id="-2630" lat="33.5866914" lon="130.4134977" />
  <way id="827521602">
    <nd ref="-2631" />
    <nd ref="-2632" />
    <nd ref="-2633" />
    <nd ref="-2634" />
    <nd ref="-2635" />
    <nd ref="-2636" />
    <nd ref="-2637" />
    <nd ref="-2638" />
    <nd ref="-2639" />
    <nd ref="-2640" />
    <nd ref="-2641" />
    <nd ref="-2642" />
    <nd ref="-2643" />
    <nd ref="-2644" />
    <nd ref="-2645" />
    <nd ref="-2646" />
    <nd ref="-2647" />
    <nd ref="-2648" />
    <nd ref="-2649" />
    <nd ref="-2650" />
    <nd ref="-2651" />
    <nd ref="-2652" />
    <nd ref="-2653" />
    <nd ref="-2654" />
    <nd ref="-2655" />
    <nd ref="-2656" />
    <nd ref="-2657" />
    <nd ref="-2658" />
    <nd ref="-2659" />
    <nd ref="-2660" />
    <nd ref="-2661" />
    <nd ref="-2662" />
    <nd ref="-2663" />
    <nd ref="-2664" />
    <nd ref="-2665" />
    <nd ref="-2666" />
    <nd ref="-2667" />
    <nd ref="-2668" />
    <nd ref="-2669" />
    <nd ref="-2670" />
    <nd ref="-2671" />
    <nd ref="-2672" />
    <nd ref="-2673" />
    <nd ref="-2674" />
    <nd ref="-2675" />
    <nd ref="-2676" />
    <nd ref="-2677" />
    <nd ref="-2678" />
    <nd ref="-2679" />
    <nd ref="-2680" />
    <nd ref="-2681" />
    <nd ref="-2682" />
    <nd ref="-2683" />
    <nd ref="-2684" />
    <nd ref="-2685" />
    <nd ref="-2686" />
    <nd ref="-2687" />
    <nd ref="-2688" />
    <nd ref="-2689" />
    <nd ref="-2690" />
    <nd ref="-2691" />
    <nd ref="-2692" />
    <nd ref="-2693" />
    <nd ref="-2694" />
    <nd ref="-2695" />
    <nd ref="-2696" />
    <nd ref="-2697" />
    <nd ref="-2698" />
    <nd ref="-2699" />
    <nd ref="-2700" />
    <nd ref="-2701" />
    <nd ref="-2702" />
    <nd ref="-2703" />
    <nd ref="-2704" />
    <nd ref="-2705" />
    <nd ref="-2706" />
    <nd ref="-2707" />
    <nd ref="-2708" />
    <nd ref="-2709" />
    <nd ref="-2710" />
    <nd ref="-2711" />
    <nd ref="-2712" />
    <nd ref="-2713" />
    <nd ref="-2714" />
    <nd ref="-2715" />
    <nd ref="-2716" />
    <nd ref="-2717" />
    <nd ref="-2718" />
    <nd ref="-2719" />
    <nd ref="-2720" />
    <nd ref="-2721" />
    <nd ref="-2722" />
    <nd ref="-2723" />
    <nd ref="-2724" />
    <nd ref="-2725" />
    <nd ref="-2726" />
    <nd ref="-2727" />
    <nd ref="-2728" />
    <nd ref="-2729" />
    <nd ref="-2730" />
    <nd ref="-2731" />
    <nd ref="-2732" />
    <nd ref="-2733" />
    <nd ref="-2734" />
    <nd ref="-2735" />
    <nd ref="-2736" />
    <nd ref="-2737" />
    <nd ref="-2738" />
    <nd ref="-2739" />
    <nd ref="-2740" />
    <nd ref="-2741" />
    <nd ref="-2742" />
    <nd ref="-2743" />
    <nd ref="-2744" />
    <nd ref="-2745" />
    <nd ref="-2746" />
    <nd ref="-2747" />
    <nd ref="-2748" />
    <nd ref="-2749" />
    <nd ref="-2750" />
    <nd ref="-2751" />
    <nd ref="-2752" />
    <nd ref="-2753" />
    <nd ref="-2754" />
    <nd ref="-2755" />
    <nd ref="-2756" />
    <nd ref="-2757" />
    <nd ref="-2758" />
    <nd ref="-2759" />
    <nd ref="-2760" />
    <nd ref="-2761" />
    <nd ref="-2762" />
    <nd ref="-2763" />
    <nd ref="-2764" />
    <nd ref="-2765" />
    <nd ref="-2766" />
    <nd ref="-2767" />
    <nd ref="-2768" />
    <nd ref="-2769" />
    <nd ref="-2770" />
    <nd ref="-2771" />
    <nd ref="-2772" />
    <nd ref="-2773" />
    <nd ref="-2774" />
    <nd ref="-2775" />
    <nd ref="-2776" />
    <nd ref="-2777" />
    <nd ref="-2778" />
    <nd ref="-2779" />
    <nd ref="-2780" />
    <nd ref="-2781" />
    <nd ref="-2782" />
    <tag k="natural" v="water" />
    <tag k="water" v="river" />
  </way>
  <node id="-2631" lat="33.5773695" lon="130.4006231" />
  <node id="-2632" lat="33.5773358" lon="130.4006698" />
  <node id="-2633" lat="33.5770814" lon="130.4006294" />
  <node id="-2634" lat="33.5769432" lon="130.4006097" />
  <node id="-2635" lat="33.5768546" lon="130.4006055" />
  <node id="-2636" lat="33.5767708" lon="130.4006202" />
  <node id="-2637" lat="33.5767181" lon="130.4006372" />
  <node id="-2638" lat="33.5766704" lon="130.4006704" />
  <node id="-2639" lat="33.5766099" lon="130.400733" />
  <node id="-2640" lat="33.5764388" lon="130.400955" />
  <node id="-2641" lat="33.5762123" lon="130.4012692" />
  <node id="-2642" lat="33.5761785" lon="130.4013097" />
  <node id="-2643" lat="33.5759845" lon="130.4015739" />
  <node id="-2644" lat="33.5759612" lon="130.4015884" />
  <node id="-2645" lat="33.5754399" lon="130.4022949" />
  <node id="-2646" lat="33.5753801" lon="130.402376" />
  <node id="-2647" lat="33.5753076" lon="130.4024817" />
  <node id="-2648" lat="33.5750278" lon="130.4028452" />
  <node id="-2649" lat="33.5750031" lon="130.4028729" />
  <node id="-2650" lat="33.5745793" lon="130.4034396" />
  <node id="-2651" lat="33.5745463" lon="130.4034881" />
  <node id="-2652" lat="33.5739198" lon="130.4043193" />
  <node id="-2653" lat="33.573913" lon="130.4043158" />
  <node id="-2654" lat="33.5737967" lon="130.4044763" />
  <node id="-2655" lat="33.5736495" lon="130.4047013" />
  <node id="-2656" lat="33.5732918" lon="130.4053065" />
  <node id="-2657" lat="33.5732668" lon="130.4053582" />
  <node id="-2658" lat="33.5731189" lon="130.4055867" />
  <node id="-2659" lat="33.5724684" lon="130.4065772" />
  <node id="-2660" lat="33.5724233" lon="130.4066373" />
  <node id="-2661" lat="33.5715214" lon="130.4077702" />
  <node id="-2662" lat="33.5714867" lon="130.4078069" />
  <node id="-2663" lat="33.5711273" lon="130.4082739" />
  <node id="-2664" lat="33.5705791" lon="130.4090446" />
  <node id="-2665" lat="33.5705242" lon="130.4090989" />
  <node id="-2666" lat="33.5704083" lon="130.4092638" />
  <node id="-2667" lat="33.5703189" lon="130.4093926" />
  <node id="-2668" lat="33.5700537" lon="130.4097621" />
  <node id="-2669" lat="33.5700319" lon="130.4098214" />
  <node id="-2670" lat="33.5698283" lon="130.4101027" />
  <node id="-2671" lat="33.5696937" lon="130.410302" />
  <node id="-2672" lat="33.5696311" lon="130.4104138" />
  <node id="-2673" lat="33.5695646" lon="130.4105271" />
  <node id="-2674" lat="33.569425" lon="130.4107694" />
  <node id="-2675" lat="33.5694211" lon="130.4107737" />
  <node id="-2676" lat="33.5693982" lon="130.4107991" />
  <node id="-2677" lat="33.5692333" lon="130.4109684" />
  <node id="-2678" lat="33.5690641" lon="130.4111368" />
  <node id="-2679" lat="33.5690315" lon="130.4111739" />
  <node id="-2680" lat="33.5689858" lon="130.4112274" />
  <node id="-2681" lat="33.568869" lon="130.4113774" />
  <node id="-2682" lat="33.5687541" lon="130.411532" />
  <node id="-2683" lat="33.568618" lon="130.4116811" />
  <node id="-2684" lat="33.5685304" lon="130.4117697" />
  <node id="-2685" lat="33.5684584" lon="130.4118326" />
  <node id="-2686" lat="33.5684025" lon="130.4119205" />
  <node id="-2687" lat="33.568277" lon="130.4120628" />
  <node id="-2688" lat="33.5682397" lon="130.4121032" />
  <node id="-2689" lat="33.5681544" lon="130.4121767" />
  <node id="-2690" lat="33.5680884" lon="130.4122412" />
  <node id="-2691" lat="33.5680601" lon="130.4122692" />
  <node id="-2692" lat="33.5677706" lon="130.4125706" />
  <node id="-2693" lat="33.567729" lon="130.4126088" />
  <node id="-2694" lat="33.5674488" lon="130.4128944" />
  <node id="-2695" lat="33.5674103" lon="130.4129337" />
  <node id="-2696" lat="33.5671716" lon="130.4132033" />
  <node id="-2697" lat="33.566765" lon="130.4136624" />
  <node id="-2698" lat="33.5667132" lon="130.4137101" />
  <node id="-2699" lat="33.5661773" lon="130.414312" />
  <node id="-2700" lat="33.5661409" lon="130.4143575" />
  <node id="-2701" lat="33.5659255" lon="130.4145911" />
  <node id="-2702" lat="33.565891" lon="130.4146336" />
  <node id="-2703" lat="33.5658591" lon="130.4146846" />
  <node id="-2704" lat="33.5658284" lon="130.4147429" />
  <node id="-2705" lat="33.5658058" lon="130.4148" />
  <node id="-2706" lat="33.5657853" lon="130.414873" />
  <node id="-2707" lat="33.5657638" lon="130.4150318" />
  <node id="-2708" lat="33.5656972" lon="130.4150695" />
  <node id="-2709" lat="33.5657435" lon="130.4148751" />
  <node id="-2710" lat="33.5657708" lon="130.4147753" />
  <node id="-2711" lat="33.5657943" lon="130.4147174" />
  <node id="-2712" lat="33.5658262" lon="130.4146564" />
  <node id="-2713" lat="33.5658625" lon="130.4145994" />
  <node id="-2714" lat="33.5659023" lon="130.4145506" />
  <node id="-2715" lat="33.5661122" lon="130.4143218" />
  <node id="-2716" lat="33.5661467" lon="130.4142753" />
  <node id="-2717" lat="33.5666923" lon="130.4136754" />
  <node id="-2718" lat="33.5667394" lon="130.4136145" />
  <node id="-2719" lat="33.5670457" lon="130.4132856" />
  <node id="-2720" lat="33.5673748" lon="130.4128897" />
  <node id="-2721" lat="33.5674126" lon="130.4128509" />
  <node id="-2722" lat="33.5676941" lon="130.412563" />
  <node id="-2723" lat="33.5677383" lon="130.4125249" />
  <node id="-2724" lat="33.5680479" lon="130.412216" />
  <node id="-2725" lat="33.5680688" lon="130.4122159" />
  <node id="-2726" lat="33.5681326" lon="130.4121465" />
  <node id="-2727" lat="33.5681984" lon="130.4120754" />
  <node id="-2728" lat="33.56824" lon="130.4120352" />
  <node id="-2729" lat="33.5683796" lon="130.4118756" />
  <node id="-2730" lat="33.568444" lon="130.411808" />
  <node id="-2731" lat="33.5685114" lon="130.4117382" />
  <node id="-2732" lat="33.5685978" lon="130.411649" />
  <node id="-2733" lat="33.5687267" lon="130.4114989" />
  <node id="-2734" lat="33.568842" lon="130.4113483" />
  <node id="-2735" lat="33.5689581" lon="130.4111968" />
  <node id="-2736" lat="33.5690054" lon="130.4111412" />
  <node id="-2737" lat="33.5690439" lon="130.4111026" />
  <node id="-2738" lat="33.5692132" lon="130.4109362" />
  <node id="-2739" lat="33.5693782" lon="130.4107669" />
  <node id="-2740" lat="33.5694042" lon="130.410747" />
  <node id="-2741" lat="33.5694097" lon="130.4107428" />
  <node id="-2742" lat="33.5695389" lon="130.410501" />
  <node id="-2743" lat="33.5696026" lon="130.4103823" />
  <node id="-2744" lat="33.5696715" lon="130.4102647" />
  <node id="-2745" lat="33.5698026" lon="130.4100718" />
  <node id="-2746" lat="33.5700059" lon="130.4097911" />
  <node id="-2747" lat="33.5700422" lon="130.4097466" />
  <node id="-2748" lat="33.5703077" lon="130.4093738" />
  <node id="-2749" lat="33.5703904" lon="130.409243" />
  <node id="-2750" lat="33.5705123" lon="130.4090601" />
  <node id="-2751" lat="33.5705646" lon="130.4089949" />
  <node id="-2752" lat="33.5711072" lon="130.4082523" />
  <node id="-2753" lat="33.5714671" lon="130.407778" />
  <node id="-2754" lat="33.5714997" lon="130.4077356" />
  <node id="-2755" lat="33.5724002" lon="130.4066053" />
  <node id="-2756" lat="33.5724451" lon="130.406553" />
  <node id="-2757" lat="33.5731101" lon="130.4055487" />
  <node id="-2758" lat="33.5732555" lon="130.4053091" />
  <node id="-2759" lat="33.5736337" lon="130.4046603" />
  <node id="-2760" lat="33.5737803" lon="130.4044357" />
  <node id="-2761" lat="33.5738861" lon="130.4042936" />
  <node id="-2762" lat="33.5738975" lon="130.4042765" />
  <node id="-2763" lat="33.5745143" lon="130.403447" />
  <node id="-2764" lat="33.574552" lon="130.4034071" />
  <node id="-2765" lat="33.5749729" lon="130.4028366" />
  <node id="-2766" lat="33.5749948" lon="130.4028069" />
  <node id="-2767" lat="33.5752557" lon="130.4024681" />
  <node id="-2768" lat="33.5753182" lon="130.4023583" />
  <node id="-2769" lat="33.5753976" lon="130.4022684" />
  <node id="-2770" lat="33.5759241" lon="130.4015483" />
  <node id="-2771" lat="33.575942" lon="130.4015249" />
  <node id="-2772" lat="33.5761403" lon="130.4012648" />
  <node id="-2773" lat="33.5761728" lon="130.4012217" />
  <node id="-2774" lat="33.5764041" lon="130.4009148" />
  <node id="-2775" lat="33.5765862" lon="130.4006855" />
  <node id="-2776" lat="33.5766523" lon="130.4006061" />
  <node id="-2777" lat="33.5767119" lon="130.4005694" />
  <node id="-2778" lat="33.5767676" lon="130.4005407" />
  <node id="-2779" lat="33.5768657" lon="130.4005496" />
  <node id="-2780" lat="33.5769617" lon="130.400558" />
  <node id="-2781" lat="33.5771124" lon="130.4005873" />
  <node id="-2782" lat="33.5773695" lon="130.4006231" />
  <way id="1379181145">
    <nd ref="-2783" />
    <nd ref="-2784" />
    <nd ref="-2785" />
    <nd ref="-2786" />
    <nd ref="-2787" />
    <tag k="natural" v="water" />
  </way>
  <node id="-2783" lat="33.5746954" lon="130.4069684" />
  <node id="-2784" lat="33.5747012" lon="130.4070094" />
  <node id="-2785" lat="33.5744485" lon="130.4072211" />
  <node id="-2786" lat="33.5744347" lon="130.4071932" />
  <node id="-2787" lat="33.5746954" lon="130.4069684" />
  <way id="1379181147">
    <nd ref="-2788" />
    <nd ref="-2789" />
    <nd ref="-2790" />
    <nd ref="-2791" />
    <nd ref="-2792" />
    <tag k="natural" v="water" />
  </way>
  <node id="-2788" lat="33.5743907" lon="130.4072319" />
  <node id="-2789" lat="33.5744045" lon="130.407255" />
  <node id="-2790" lat="33.5739724" lon="130.4076274" />
  <node id="-2791" lat="33.5739585" lon="130.4076042" />
  <node id="-2792" lat="33.5743907" lon="130.4072319" />
  <way id="1379181150">
    <nd ref="-2793" />
    <nd ref="-2794" />
    <nd ref="-2795" />
    <nd ref="-2796" />
    <nd ref="-2797" />
    <tag k="natural" v="water" />
  </way>
  <node id="-2793" lat="33.5739039" lon="130.4078702" />
  <node id="-2794" lat="33.5739662" lon="130.408129" />
  <node id="-2795" lat="33.5739427" lon="130.4081404" />
  <node id="-2796" lat="33.573887" lon="130.4078786" />
  <node id="-2797" lat="33.5739039" lon="130.4078702" />
  <way id="1416118926">
    <nd ref="-2798" />
    <nd ref="-2799" />
    <nd ref="-2800" />
    <nd ref="-2801" />
    <nd ref="-2802" />
    <tag k="natural" v="water" />
    <tag k="water" v="pond" />
  </way>
  <node id="-2798" lat="33.5931503" lon="130.4103438" />
  <node id="-2799" lat="33.5931003" lon="130.410237" />
  <node id="-2800" lat="33.5931206" lon="130.4102233" />
  <node id="-2801" lat="33.5931706" lon="130.4103301" />
  <node id="-2802" lat="33.5931503" lon="130.4103438" />
  <way id="1485950187">
    <nd ref="-2803" />
    <nd ref="-2804" />
    <nd ref="-2805" />
    <nd ref="-2806" />
    <nd ref="-2807" />
    <nd ref="-2808" />
    <nd ref="-2809" />
    <tag k="natural" v="water" />
    <tag k="water" v="river" />
  </way>
  <node id="-2803" lat="33.6001292" lon="130.4165661" />
  <node id="-2804" lat="33.6001304" lon="130.4161718" />
  <node id="-2805" lat="33.599974" lon="130.4158419" />
  <node id="-2806" lat="33.5999491" lon="130.4158598" />
  <node id="-2807" lat="33.6000819" lon="130.4161635" />
  <node id="-2808" lat="33.6000941" lon="130.4165863" />
  <node id="-2809" lat="33.6001292" lon="130.4165661" />
  <way id="1537429798">
    <nd ref="-2810" />
    <nd ref="-2811" />
    <nd ref="-2812" />
    <nd ref="-2813" />
    <tag k="waterway" v="stream" />
  </way>
  <node id="-2810" lat="33.5799579" lon="130.4253101" />
  <node id="-2811" lat="33.5801688" lon="130.4255582" />
  <node id="-2812" lat="33.580507" lon="130.4259381" />
  <node id="-2813" lat="33.5805724" lon="130.4260225" />
</osm>