<?xml version='1.0' encoding='utf-8'?>
<osm version="0.6" generator="Travel handbook local OSM overview">
  <way id="33197959">
    <nd ref="-1" />
    <nd ref="-2" />
    <nd ref="-3" />
    <nd ref="-4" />
    <nd ref="-5" />
    <nd ref="-6" />
    <nd ref="-7" />
    <nd ref="-8" />
    <nd ref="-9" />
    <nd ref="-10" />
    <nd ref="-11" />
    <nd ref="-12" />
    <nd ref="-13" />
    <nd ref="-14" />
    <nd ref="-15" />
    <nd ref="-16" />
    <nd ref="-17" />
    <nd ref="-18" />
    <nd ref="-19" />
    <nd ref="-20" />
    <nd ref="-21" />
    <nd ref="-22" />
    <nd ref="-23" />
    <nd ref="-24" />
    <nd ref="-25" />
    <nd ref="-26" />
    <nd ref="-27" />
    <nd ref="-28" />
    <nd ref="-29" />
    <nd ref="-30" />
    <nd ref="-31" />
    <tag k="natural" v="water" />
  </way>
  <node id="-1" lat="33.5826467" lon="130.3817583" />
  <node id="-2" lat="33.5826238" lon="130.3817594" />
  <node id="-3" lat="33.5826425" lon="130.3819415" />
  <node id="-4" lat="33.5827276" lon="130.3819307" />
  <node id="-5" lat="33.5827544" lon="130.3817326" />
  <node id="-6" lat="33.5827353" lon="130.3817325" />
  <node id="-7" lat="33.5827277" lon="130.3817221" />
  <node id="-8" lat="33.582723" lon="130.381631" />
  <node id="-9" lat="33.5828423" lon="130.3816099" />
  <node id="-10" lat="33.5828867" lon="130.3815667" />
  <node id="-11" lat="33.5829367" lon="130.3815496" />
  <node id="-12" lat="33.5829671" lon="130.3815325" />
  <node id="-13" lat="33.5829858" lon="130.3815174" />
  <node id="-14" lat="33.5830048" lon="130.3814899" />
  <node id="-15" lat="33.5830135" lon="130.3814681" />
  <node id="-16" lat="33.5830177" lon="130.3814386" />
  <node id="-17" lat="33.5830235" lon="130.3814312" />
  <node id="-18" lat="33.5830626" lon="130.3814211" />
  <node id="-19" lat="33.5830393" lon="130.3812299" />
  <node id="-20" lat="33.5830498" lon="130.3812267" />
  <node id="-21" lat="33.5830286" lon="130.3810886" />
  <node id="-22" lat="33.5830106" lon="130.3810643" />
  <node id="-23" lat="33.5829878" lon="130.3810463" />
  <node id="-24" lat="33.5829593" lon="130.3810336" />
  <node id="-25" lat="33.5829068" lon="130.3810222" />
  <node id="-26" lat="33.5825859" lon="130.3810624" />
  <node id="-27" lat="33.5825484" lon="130.3810942" />
  <node id="-28" lat="33.5825973" lon="130.3814959" />
  <node id="-29" lat="33.5826213" lon="130.3815204" />
  <node id="-30" lat="33.5826336" lon="130.3816568" />
  <node id="-31" lat="33.5826467" lon="130.3817583" />
  <way id="59969710">
    <nd ref="-32" />
    <nd ref="-33" />
    <nd ref="-34" />
    <nd ref="-35" />
    <nd ref="-36" />
    <nd ref="-37" />
    <nd ref="-38" />
    <nd ref="-39" />
    <nd ref="-40" />
    <nd ref="-41" />
    <nd ref="-42" />
    <nd ref="-43" />
    <nd ref="-44" />
    <nd ref="-45" />
    <nd ref="-46" />
    <nd ref="-47" />
    <tag k="name" v="那珂川" />
    <tag k="name:en" v="Naka River" />
    <tag k="name:ja" v="那珂川" />
    <tag k="name:ko" v="나카 강" />
    <tag k="note" v="National-Land Numerical Information (River) 2006, MLIT Japan" />
    <tag k="note:ja" v="国土数値情報(河川データ)平成18年国土交通省" />
    <tag k="source" v="KSJ2" />
    <tag k="source_ref" v="http://nlftp.mlit.go.jp/ksj/jpgis/datalist/KsjTmplt-W05.html" />
    <tag k="waterway" v="river" />
    <tag k="wikidata" v="Q11642765" />
    <tag k="wikipedia" v="ja:那珂川 (九州)" />
  </way>
  <node id="-32" lat="33.587846" lon="130.409544" />
  <node id="-33" lat="33.589356" lon="130.408797" />
  <node id="-34" lat="33.589526" lon="130.408713" />
  <node id="-35" lat="33.590076" lon="130.408084" />
  <node id="-36" lat="33.590303" lon="130.407785" />
  <node id="-37" lat="33.591295" lon="130.40648" />
  <node id="-38" lat="33.591862" lon="130.405735" />
  <node id="-39" lat="33.593171" lon="130.402976" />
  <node id="-40" lat="33.593395" lon="130.402504" />
  <node id="-41" lat="33.594078" lon="130.401843" />
  <node id="-42" lat="33.594167" lon="130.401758" />
  <node id="-43" lat="33.594756" lon="130.401188" />
  <node id="-44" lat="33.595556" lon="130.400842" />
  <node id="-45" lat="33.597027" lon="130.400408" />
  <node id="-46" lat="33.599325" lon="130.399335" />
  <node id="-47" lat="33.6000039" lon="130.3990174" />
  <way id="163537317">
    <nd ref="-48" />
    <nd ref="-49" />
    <nd ref="-50" />
    <nd ref="-51" />
    <nd ref="-52" />
    <nd ref="-53" />
    <nd ref="-54" />
    <nd ref="-55" />
    <nd ref="-56" />
    <nd ref="-57" />
    <nd ref="-58" />
    <nd ref="-59" />
    <nd ref="-60" />
    <nd ref="-61" />
    <nd ref="-62" />
    <nd ref="-63" />
    <nd ref="-64" />
    <nd ref="-65" />
    <nd ref="-66" />
    <nd ref="-67" />
    <tag k="natural" v="water" />
    <tag k="water" v="reservoir" />
  </way>
  <node id="-48" lat="33.5886209" lon="130.381776" />
  <node id="-49" lat="33.5889353" lon="130.381852" />
  <node id="-50" lat="33.5889736" lon="130.3818549" />
  <node id="-51" lat="33.5886979" lon="130.3835052" />
  <node id="-52" lat="33.5884231" lon="130.3857315" />
  <node id="-53" lat="33.5883549" lon="130.3866608" />
  <node id="-54" lat="33.5883529" lon="130.3869889" />
  <node id="-55" lat="33.5881371" lon="130.3870142" />
  <node id="-56" lat="33.5881119" lon="130.3869988" />
  <node id="-57" lat="33.5880745" lon="130.3866166" />
  <node id="-58" lat="33.5880041" lon="130.3863329" />
  <node id="-59" lat="33.5879851" lon="130.3850126" />
  <node id="-60" lat="33.5880921" lon="130.3850142" />
  <node id="-61" lat="33.588177" lon="130.3841934" />
  <node id="-62" lat="33.5883248" lon="130.3837037" />
  <node id="-63" lat="33.5883571" lon="130.3835279" />
  <node id="-64" lat="33.5883482" lon="130.3824216" />
  <node id="-65" lat="33.588437" lon="130.3822466" />
  <node id="-66" lat="33.5884977" lon="130.3822394" />
  <node id="-67" lat="33.5886209" lon="130.381776" />
  <way id="276434629">
    <nd ref="-68" />
    <nd ref="-69" />
    <nd ref="-70" />
    <nd ref="-71" />
    <nd ref="-72" />
    <nd ref="-73" />
    <nd ref="-74" />
    <nd ref="-75" />
    <nd ref="-76" />
    <nd ref="-77" />
    <tag k="natural" v="water" />
    <tag k="water" v="pond" />
  </way>
  <node id="-68" lat="33.5714788" lon="130.3916636" />
  <node id="-69" lat="33.5714407" lon="130.3916482" />
  <node id="-70" lat="33.5713977" lon="130.3917536" />
  <node id="-71" lat="33.5714279" lon="130.3918414" />
  <node id="-72" lat="33.5714966" lon="130.3917953" />
  <node id="-73" lat="33.571524" lon="130.3917497" />
  <node id="-74" lat="33.5714771" lon="130.3917207" />
  <node id="-75" lat="33.5714838" lon="130.3916986" />
  <node id="-76" lat="33.5714765" lon="130.3916838" />
  <node id="-77" lat="33.5714788" lon="130.3916636" />
  <way id="276434631">
    <nd ref="-78" />
    <nd ref="-79" />
    <nd ref="-80" />
    <nd ref="-81" />
    <nd ref="-82" />
    <nd ref="-83" />
    <nd ref="-84" />
    <nd ref="-85" />
    <nd ref="-86" />
    <nd ref="-87" />
    <tag k="natural" v="water" />
    <tag k="water" v="pond" />
  </way>
  <node id="-78" lat="33.5710333" lon="130.3912738" />
  <node id="-79" lat="33.5710301" lon="130.3912944" />
  <node id="-80" lat="33.5710228" lon="130.3913225" />
  <node id="-81" lat="33.5710059" lon="130.3913455" />
  <node id="-82" lat="33.5709647" lon="130.3913601" />
  <node id="-83" lat="33.5709428" lon="130.3913636" />
  <node id="-84" lat="33.5709227" lon="130.3913127" />
  <node id="-85" lat="33.5709718" lon="130.3912315" />
  <node id="-86" lat="33.5710268" lon="130.3912561" />
  <node id="-87" lat="33.5710333" lon="130.3912738" />
  <way id="276434632">
    <nd ref="-88" />
    <nd ref="-89" />
    <nd ref="-90" />
    <nd ref="-91" />
    <nd ref="-92" />
    <nd ref="-93" />
    <nd ref="-94" />
    <nd ref="-95" />
    <nd ref="-96" />
    <tag k="natural" v="water" />
    <tag k="water" v="pond" />
  </way>
  <node id="-88" lat="33.5709271" lon="130.3912051" />
  <node id="-89" lat="33.5709206" lon="130.3911881" />
  <node id="-90" lat="33.5708779" lon="130.3911646" />
  <node id="-91" lat="33.5708667" lon="130.3911711" />
  <node id="-92" lat="33.5708491" lon="130.3912199" />
  <node id="-93" lat="33.5708495" lon="130.39124" />
  <node id="-94" lat="33.5708899" lon="130.3912649" />
  <node id="-95" lat="33.5709044" lon="130.3912583" />
  <node id="-96" lat="33.5709271" lon="130.3912051" />
  <way id="276434633">
    <nd ref="-97" />
    <nd ref="-98" />
    <nd ref="-99" />
    <nd ref="-100" />
    <nd ref="-101" />
    <nd ref="-102" />
    <nd ref="-103" />
    <nd ref="-104" />
    <nd ref="-105" />
    <nd ref="-106" />
    <nd ref="-107" />
    <nd ref="-108" />
    <nd ref="-109" />
    <nd ref="-110" />
    <nd ref="-111" />
    <nd ref="-112" />
    <nd ref="-113" />
    <nd ref="-114" />
    <nd ref="-115" />
    <nd ref="-116" />
    <nd ref="-117" />
    <nd ref="-118" />
    <nd ref="-119" />
    <nd ref="-120" />
    <nd ref="-121" />
    <tag k="natural" v="water" />
    <tag k="water" v="pond" />
  </way>
  <node id="-97" lat="33.5709015" lon="130.3913264" />
  <node id="-98" lat="33.5709139" lon="130.3913695" />
  <node id="-99" lat="33.5709143" lon="130.3913881" />
  <node id="-100" lat="33.5709055" lon="130.3913919" />
  <node id="-101" lat="33.5708938" lon="130.3913886" />
  <node id="-102" lat="33.570868" lon="130.391378" />
  <node id="-103" lat="33.5707807" lon="130.3913183" />
  <node id="-104" lat="33.5707803" lon="130.3912994" />
  <node id="-105" lat="33.5707947" lon="130.39126" />
  <node id="-106" lat="33.5707709" lon="130.3912424" />
  <node id="-107" lat="33.570758" lon="130.3912253" />
  <node id="-108" lat="33.5707519" lon="130.3912085" />
  <node id="-109" lat="33.5707452" lon="130.3911784" />
  <node id="-110" lat="33.5707413" lon="130.3911549" />
  <node id="-111" lat="33.5707586" lon="130.3911486" />
  <node id="-112" lat="33.5707614" lon="130.3911703" />
  <node id="-113" lat="33.570772" lon="130.3912049" />
  <node id="-114" lat="33.5708033" lon="130.3912417" />
  <node id="-115" lat="33.5708119" lon="130.3912136" />
  <node id="-116" lat="33.5708195" lon="130.3912189" />
  <node id="-117" lat="33.57082" lon="130.3912293" />
  <node id="-118" lat="33.5708138" lon="130.3912455" />
  <node id="-119" lat="33.5708139" lon="130.3912649" />
  <node id="-120" lat="33.5708312" lon="130.3912807" />
  <node id="-121" lat="33.5709015" lon="130.3913264" />
  <way id="487961857">
    <nd ref="-122" />
    <nd ref="-123" />
    <nd ref="-124" />
    <nd ref="-125" />
    <nd ref="-126" />
    <nd ref="-127" />
    <nd ref="-128" />
    <nd ref="-129" />
    <nd ref="-130" />
    <nd ref="-131" />
    <nd ref="-132" />
    <nd ref="-133" />
    <nd ref="-134" />
    <tag k="natural" v="water" />
  </way>
  <node id="-122" lat="33.5726904" lon="130.3868906" />
  <node id="-123" lat="33.5726883" lon="130.3868701" />
  <node id="-124" lat="33.5726783" lon="130.3868546" />
  <node id="-125" lat="33.572639" lon="130.3868389" />
  <node id="-126" lat="33.5726215" lon="130.3868834" />
  <node id="-127" lat="33.5726378" lon="130.3869368" />
  <node id="-128" lat="33.5726524" lon="130.3869801" />
  <node id="-129" lat="33.5726816" lon="130.3870015" />
  <node id="-130" lat="33.5727068" lon="130.3869968" />
  <node id="-131" lat="33.5727139" lon="130.3869784" />
  <node id="-132" lat="33.5727146" lon="130.3869519" />
  <node id="-133" lat="33.5727084" lon="130.3869311" />
  <node id="-134" lat="33.5726904" lon="130.3868906" />
  <way id="487961889">
    <nd ref="-135" />
    <nd ref="-136" />
    <nd ref="-137" />
    <nd ref="-138" />
    <nd ref="-139" />
    <nd ref="-140" />
    <nd ref="-141" />
    <nd ref="-142" />
    <nd ref="-143" />
    <nd ref="-144" />
    <nd ref="-145" />
    <nd ref="-146" />
    <nd ref="-147" />
    <nd ref="-148" />
    <nd ref="-149" />
    <nd ref="-150" />
    <tag k="natural" v="water" />
  </way>
  <node id="-135" lat="33.5730786" lon="130.390235" />
  <node id="-136" lat="33.5731006" lon="130.390192" />
  <node id="-137" lat="33.5730861" lon="130.390137" />
  <node id="-138" lat="33.5730504" lon="130.3901102" />
  <node id="-139" lat="33.5730325" lon="130.3901343" />
  <node id="-140" lat="33.572987" lon="130.3901384" />
  <node id="-141" lat="33.5729453" lon="130.3902027" />
  <node id="-142" lat="33.5728872" lon="130.390259" />
  <node id="-143" lat="33.5728763" lon="130.3902662" />
  <node id="-144" lat="33.5728261" lon="130.3902993" />
  <node id="-145" lat="33.5728264" lon="130.3903052" />
  <node id="-146" lat="33.572828" lon="130.3903395" />
  <node id="-147" lat="33.572844" lon="130.3903691" />
  <node id="-148" lat="33.5728973" lon="130.3903717" />
  <node id="-149" lat="33.5729747" lon="130.3903074" />
  <node id="-150" lat="33.5730786" lon="130.390235" />
  <way id="495189387">
    <nd ref="-151" />
    <nd ref="-152" />
    <nd ref="-153" />
    <nd ref="-154" />
    <nd ref="-155" />
    <nd ref="-156" />
    <nd ref="-157" />
    <nd ref="-158" />
    <nd ref="-159" />
    <nd ref="-160" />
    <nd ref="-161" />
    <nd ref="-162" />
    <nd ref="-163" />
    <nd ref="-164" />
    <nd ref="-165" />
    <nd ref="-166" />
    <nd ref="-167" />
    <nd ref="-168" />
    <nd ref="-169" />
    <tag k="natural" v="water" />
    <tag k="water" v="river" />
  </way>
  <node id="-151" lat="33.5709083" lon="130.3909457" />
  <node id="-152" lat="33.5709239" lon="130.390941" />
  <node id="-153" lat="33.5709485" lon="130.3909182" />
  <node id="-154" lat="33.5709194" lon="130.3908907" />
  <node id="-155" lat="33.570877" lon="130.3909396" />
  <node id="-156" lat="33.5708468" lon="130.3909752" />
  <node id="-157" lat="33.5707966" lon="130.3909966" />
  <node id="-158" lat="33.5707608" lon="130.391006" />
  <node id="-159" lat="33.5707429" lon="130.3910154" />
  <node id="-160" lat="33.5707296" lon="130.3910322" />
  <node id="-161" lat="33.5707083" lon="130.3910798" />
  <node id="-162" lat="33.5707155" lon="130.3911052" />
  <node id="-163" lat="33.5707346" lon="130.3910932" />
  <node id="-164" lat="33.5707373" lon="130.3910717" />
  <node id="-165" lat="33.570748" lon="130.3910516" />
  <node id="-166" lat="33.5707697" lon="130.3910302" />
  <node id="-167" lat="33.5708575" lon="130.3909906" />
  <node id="-168" lat="33.5708893" lon="130.3909537" />
  <node id="-169" lat="33.5709083" lon="130.3909457" />
  <way id="506716274">
    <nd ref="-170" />
    <nd ref="-171" />
    <nd ref="-172" />
    <nd ref="-173" />
    <nd ref="-174" />
    <nd ref="-175" />
    <nd ref="-176" />
    <nd ref="-177" />
    <nd ref="-178" />
    <nd ref="-179" />
    <tag k="natural" v="water" />
    <tag k="water" v="reservoir" />
  </way>
  <node id="-170" lat="33.5883495" lon="130.3871489" />
  <node id="-171" lat="33.5884328" lon="130.3879119" />
  <node id="-172" lat="33.5884186" lon="130.3879698" />
  <node id="-173" lat="33.5883862" lon="130.3879724" />
  <node id="-174" lat="33.5883482" lon="130.3879215" />
  <node id="-175" lat="33.5879279" lon="130.3879407" />
  <node id="-176" lat="33.5878924" lon="130.3878839" />
  <node id="-177" lat="33.5878368" lon="130.3872106" />
  <node id="-178" lat="33.5881228" lon="130.3871758" />
  <node id="-179" lat="33.5883495" lon="130.3871489" />
  <way id="506716275">
    <nd ref="-180" />
    <nd ref="-181" />
    <nd ref="-182" />
    <nd ref="-183" />
    <nd ref="-184" />
    <nd ref="-185" />
    <nd ref="-186" />
    <nd ref="-187" />
    <nd ref="-188" />
    <nd ref="-189" />
    <tag k="natural" v="water" />
    <tag k="water" v="reservoir" />
  </way>
  <node id="-180" lat="33.5879724" lon="130.3882687" />
  <node id="-181" lat="33.5883851" lon="130.3881991" />
  <node id="-182" lat="33.5884007" lon="130.3881428" />
  <node id="-183" lat="33.5884242" lon="130.3881421" />
  <node id="-184" lat="33.5884657" lon="130.3882151" />
  <node id="-185" lat="33.5885629" lon="130.3890077" />
  <node id="-186" lat="33.5885247" lon="130.3890601" />
  <node id="-187" lat="33.5880974" lon="130.3891164" />
  <node id="-188" lat="33.5880592" lon="130.3890983" />
  <node id="-189" lat="33.5879724" lon="130.3882687" />
  <way id="672808142">
    <nd ref="-190" />
    <nd ref="-191" />
    <nd ref="-192" />
    <nd ref="-193" />
    <nd ref="-194" />
    <nd ref="-195" />
    <nd ref="-196" />
    <nd ref="-197" />
    <nd ref="-198" />
    <nd ref="-199" />
    <nd ref="-200" />
    <nd ref="-201" />
    <nd ref="-202" />
    <nd ref="-203" />
    <nd ref="-204" />
    <nd ref="-205" />
    <nd ref="-206" />
    <nd ref="-207" />
    <nd ref="-208" />
    <nd ref="-209" />
    <nd ref="-210" />
    <nd ref="-211" />
    <nd ref="-212" />
    <nd ref="-213" />
    <nd ref="-214" />
    <nd ref="-215" />
    <nd ref="-216" />
    <nd ref="-217" />
    <nd ref="-218" />
    <nd ref="-219" />
    <nd ref="-220" />
    <nd ref="-221" />
    <nd ref="-222" />
    <nd ref="-223" />
    <nd ref="-224" />
    <nd ref="-225" />
    <nd ref="-226" />
    <nd ref="-227" />
    <nd ref="-228" />
    <nd ref="-229" />
    <nd ref="-230" />
    <nd ref="-231" />
    <nd ref="-232" />
    <nd ref="-233" />
    <nd ref="-234" />
    <nd ref="-235" />
    <nd ref="-236" />
    <nd ref="-237" />
    <nd ref="-238" />
    <nd ref="-239" />
    <nd ref="-240" />
    <tag k="natural" v="coastline" />
    <tag k="source" v="YahooJapan/ALPSMAP" />
  </way>
  <node id="-190" lat="33.5988102" lon="130.392303" />
  <node id="-191" lat="33.5973194" lon="130.3932184" />
  <node id="-192" lat="33.597076" lon="130.392648" />
  <node id="-193" lat="33.5954791" lon="130.3889055" />
  <node id="-194" lat="33.5973037" lon="130.3877986" />
  <node id="-195" lat="33.596866" lon="130.3867815" />
  <node id="-196" lat="33.5951076" lon="130.3878533" />
  <node id="-197" lat="33.5941591" lon="130.3856818" />
  <node id="-198" lat="33.5960884" lon="130.3839315" />
  <node id="-199" lat="33.5955747" lon="130.3831326" />
  <node id="-200" lat="33.5948849" lon="130.3837945" />
  <node id="-201" lat="33.5944018" lon="130.3836404" />
  <node id="-202" lat="33.5938437" lon="130.3810108" />
  <node id="-203" lat="33.5957503" lon="130.38006" />
  <node id="-204" lat="33.5960084" lon="130.3793505" />
  <node id="-205" lat="33.5970685" lon="130.3788745" />
  <node id="-206" lat="33.5973634" lon="130.380296" />
  <node id="-207" lat="33.5964843" lon="130.3805924" />
  <node id="-208" lat="33.5966351" lon="130.3818921" />
  <node id="-209" lat="33.5966985" lon="130.3827301" />
  <node id="-210" lat="33.5967334" lon="130.3831913" />
  <node id="-211" lat="33.5967834" lon="130.383184" />
  <node id="-212" lat="33.5968529" lon="130.3830593" />
  <node id="-213" lat="33.5978036" lon="130.3827679" />
  <node id="-214" lat="33.59811" lon="130.382674" />
  <node id="-215" lat="33.5986439" lon="130.3825103" />
  <node id="-216" lat="33.5986961" lon="130.3824943" />
  <node id="-217" lat="33.5989507" lon="130.3824163" />
  <node id="-218" lat="33.5988881" lon="130.3821283" />
  <node id="-219" lat="33.5992889" lon="130.3820071" />
  <node id="-220" lat="33.5993563" lon="130.3822781" />
  <node id="-221" lat="33.5993931" lon="130.382271" />
  <node id="-222" lat="33.5998411" lon="130.3821266" />
  <node id="-223" lat="33.5998679" lon="130.382262" />
  <node id="-224" lat="33.5998142" lon="130.3822781" />
  <node id="-225" lat="33.5998299" lon="130.3823358" />
  <node id="-226" lat="33.5999192" lon="130.3823116" />
  <node id="-227" lat="33.5998768" lon="130.3821225" />
  <node id="-228" lat="33.6002253" lon="130.3820193" />
  <node id="-229" lat="33.6002499" lon="130.382148" />
  <node id="-230" lat="33.600222" lon="130.3821601" />
  <node id="-231" lat="33.6002331" lon="130.3822191" />
  <node id="-232" lat="33.6003325" lon="130.3821829" />
  <node id="-233" lat="33.600299" lon="130.3819938" />
  <node id="-234" lat="33.6007302" lon="130.3818651" />
  <node id="-235" lat="33.6007782" lon="130.3820528" />
  <node id="-236" lat="33.600871" lon="130.382026" />
  <node id="-237" lat="33.600852" lon="130.3819536" />
  <node id="-238" lat="33.6008218" lon="130.3819589" />
  <node id="-239" lat="33.6007961" lon="130.3818409" />
  <node id="-240" lat="33.6011485" lon="130.381728" />
  <way id="755160587">
    <nd ref="-241" />
    <nd ref="-242" />
    <nd ref="-243" />
    <nd ref="-244" />
    <nd ref="-245" />
    <nd ref="-246" />
    <nd ref="-247" />
    <nd ref="-248" />
    <nd ref="-249" />
    <nd ref="-250" />
    <nd ref="-251" />
    <nd ref="-252" />
    <nd ref="-253" />
    <nd ref="-254" />
    <nd ref="-255" />
    <nd ref="-256" />
    <tag k="natural" v="water" />
    <tag k="water" v="pond" />
  </way>
  <node id="-241" lat="33.5713262" lon="130.3903797" />
  <node id="-242" lat="33.5713508" lon="130.3903985" />
  <node id="-243" lat="33.5713402" lon="130.3904334" />
  <node id="-244" lat="33.5713184" lon="130.3904575" />
  <node id="-245" lat="33.5712902" lon="130.3904686" />
  <node id="-246" lat="33.571267" lon="130.3904756" />
  <node id="-247" lat="33.57126" lon="130.3904719" />
  <node id="-248" lat="33.5712575" lon="130.3904347" />
  <node id="-249" lat="33.5712337" lon="130.3904166" />
  <node id="-250" lat="33.5712326" lon="130.3903918" />
  <node id="-251" lat="33.57125" lon="130.3903744" />
  <node id="-252" lat="33.5712759" lon="130.3903747" />
  <node id="-253" lat="33.5712916" lon="130.3904015" />
  <node id="-254" lat="33.5713" lon="130.3904055" />
  <node id="-255" lat="33.5713131" lon="130.3904035" />
  <node id="-256" lat="33.5713262" lon="130.3903797" />
  <way id="755227494">
    <nd ref="-257" />
    <nd ref="-258" />
    <nd ref="-259" />
    <nd ref="-260" />
    <nd ref="-261" />
    <nd ref="-262" />
    <nd ref="-263" />
    <nd ref="-264" />
    <nd ref="-265" />
    <nd ref="-266" />
    <nd ref="-267" />
    <nd ref="-268" />
    <nd ref="-269" />
    <nd ref="-270" />
    <nd ref="-271" />
    <nd ref="-272" />
    <nd ref="-273" />
    <nd ref="-274" />
    <nd ref="-275" />
    <nd ref="-276" />
    <nd ref="-277" />
    <nd ref="-278" />
    <nd ref="-279" />
    <nd ref="-280" />
    <nd ref="-281" />
    <nd ref="-282" />
    <nd ref="-283" />
    <nd ref="-284" />
    <nd ref="-285" />
    <nd ref="-286" />
    <nd ref="-287" />
    <nd ref="-288" />
    <nd ref="-289" />
    <nd ref="-290" />
    <nd ref="-291" />
    <nd ref="-292" />
    <nd ref="-293" />
    <nd ref="-294" />
    <nd ref="-295" />
    <nd ref="-296" />
    <nd ref="-297" />
    <nd ref="-298" />
    <nd ref="-299" />
    <nd ref="-300" />
    <nd ref="-301" />
    <nd ref="-302" />
    <nd ref="-303" />
    <nd ref="-304" />
    <nd ref="-305" />
    <nd ref="-306" />
    <nd ref="-307" />
    <nd ref="-308" />
    <nd ref="-309" />
    <nd ref="-310" />
    <nd ref="-311" />
    <nd ref="-312" />
    <nd ref="-313" />
    <nd ref="-314" />
    <nd ref="-315" />
    <nd ref="-316" />
    <nd ref="-317" />
    <nd ref="-318" />
    <nd ref="-319" />
    <nd ref="-320" />
    <nd ref="-321" />
    <nd ref="-322" />
    <nd ref="-323" />
    <nd ref="-324" />
    <nd ref="-325" />
    <nd ref="-326" />
    <nd ref="-327" />
    <nd ref="-328" />
    <nd ref="-329" />
    <nd ref="-330" />
    <nd ref="-331" />
    <nd ref="-332" />
    <nd ref="-333" />
    <nd ref="-334" />
    <nd ref="-335" />
    <nd ref="-336" />
    <nd ref="-337" />
    <nd ref="-338" />
    <nd ref="-339" />
    <nd ref="-340" />
    <nd ref="-341" />
    <nd ref="-342" />
    <nd ref="-343" />
    <nd ref="-344" />
    <nd ref="-345" />
    <nd ref="-346" />
    <nd ref="-347" />
    <nd ref="-348" />
    <nd ref="-349" />
    <nd ref="-350" />
    <nd ref="-351" />
    <nd ref="-352" />
    <nd ref="-353" />
    <nd ref="-354" />
    <nd ref="-355" />
    <nd ref="-356" />
    <nd ref="-357" />
    <tag k="natural" v="coastline" />
    <tag k="source" v="YahooJapan/ALPSMAP" />
  </way>
  <node id="-257" lat="33.6171858" lon="130.4142419" />
  <node id="-258" lat="33.6169461" lon="130.4141708" />
  <node id="-259" lat="33.6175814" lon="130.4120256" />
  <node id="-260" lat="33.6177264" lon="130.4114816" />
  <node id="-261" lat="33.618721" lon="130.407903" />
  <node id="-262" lat="33.6184704" lon="130.4077994" />
  <node id="-263" lat="33.6193793" lon="130.4045425" />
  <node id="-264" lat="33.6184747" lon="130.4013418" />
  <node id="-265" lat="33.615169" lon="130.3999005" />
  <node id="-266" lat="33.6124207" lon="130.4032292" />
  <node id="-267" lat="33.6115185" lon="130.404711" />
  <node id="-268" lat="33.6109409" lon="130.4056298" />
  <node id="-269" lat="33.6108509" lon="130.4055393" />
  <node id="-270" lat="33.6108329" lon="130.4055688" />
  <node id="-271" lat="33.610776" lon="130.4056617" />
  <node id="-272" lat="33.6118265" lon="130.4066605" />
  <node id="-273" lat="33.6108671" lon="130.4080848" />
  <node id="-274" lat="33.6105304" lon="130.407743" />
  <node id="-275" lat="33.6101862" lon="130.4074089" />
  <node id="-276" lat="33.6098465" lon="130.4070908" />
  <node id="-277" lat="33.6098274" lon="130.4070711" />
  <node id="-278" lat="33.609267" lon="130.4065178" />
  <node id="-279" lat="33.609695" lon="130.4058634" />
  <node id="-280" lat="33.6097086" lon="130.4058773" />
  <node id="-281" lat="33.6097348" lon="130.4058378" />
  <node id="-282" lat="33.6097067" lon="130.4058092" />
  <node id="-283" lat="33.6092418" lon="130.4065006" />
  <node id="-284" lat="33.6082771" lon="130.4056114" />
  <node id="-285" lat="33.609381" lon="130.403809" />
  <node id="-286" lat="33.609489" lon="130.403654" />
  <node id="-287" lat="33.6096223" lon="130.4037526" />
  <node id="-288" lat="33.610878" lon="130.4018223" />
  <node id="-289" lat="33.6129709" lon="130.3987171" />
  <node id="-290" lat="33.6115972" lon="130.3973336" />
  <node id="-291" lat="33.610341" lon="130.3960878" />
  <node id="-292" lat="33.6122354" lon="130.3933684" />
  <node id="-293" lat="33.612101" lon="130.3932474" />
  <node id="-294" lat="33.6102065" lon="130.3959544" />
  <node id="-295" lat="33.6081145" lon="130.398918" />
  <node id="-296" lat="33.60737" lon="130.4000158" />
  <node id="-297" lat="33.6073443" lon="130.4000503" />
  <node id="-298" lat="33.6075177" lon="130.4002161" />
  <node id="-299" lat="33.6070565" lon="130.4010604" />
  <node id="-300" lat="33.6057472" lon="130.3997317" />
  <node id="-301" lat="33.6055953" lon="130.4000143" />
  <node id="-302" lat="33.6058399" lon="130.4005421" />
  <node id="-303" lat="33.6059712" lon="130.4008312" />
  <node id="-304" lat="33.6060794" lon="130.4010692" />
  <node id="-305" lat="33.605763" lon="130.4013621" />
  <node id="-306" lat="33.6056536" lon="130.4014633" />
  <node id="-307" lat="33.6055124" lon="130.401594" />
  <node id="-308" lat="33.6054038" lon="130.4016944" />
  <node id="-309" lat="33.6050192" lon="130.4020504" />
  <node id="-310" lat="33.6033768" lon="130.3996535" />
  <node id="-311" lat="33.6033741" lon="130.3995775" />
  <node id="-312" lat="33.603525" lon="130.3994147" />
  <node id="-313" lat="33.6035445" lon="130.3994013" />
  <node id="-314" lat="33.6039627" lon="130.3989882" />
  <node id="-315" lat="33.6041591" lon="130.399125" />
  <node id="-316" lat="33.6042012" lon="130.3991565" />
  <node id="-317" lat="33.6042432" lon="130.3991879" />
  <node id="-318" lat="33.6049293" lon="130.3996503" />
  <node id="-319" lat="33.6050887" lon="130.3993364" />
  <node id="-320" lat="33.6050166" lon="130.3992757" />
  <node id="-321" lat="33.604949" lon="130.3992233" />
  <node id="-322" lat="33.6055091" lon="130.3981736" />
  <node id="-323" lat="33.6054275" lon="130.3981114" />
  <node id="-324" lat="33.6054037" lon="130.398083" />
  <node id="-325" lat="33.6054115" lon="130.3980616" />
  <node id="-326" lat="33.6053029" lon="130.3979736" />
  <node id="-327" lat="33.605716" lon="130.3971729" />
  <node id="-328" lat="33.605215" lon="130.3964388" />
  <node id="-329" lat="33.6041792" lon="130.3970617" />
  <node id="-330" lat="33.6034989" lon="130.3977358" />
  <node id="-331" lat="33.6027437" lon="130.3981996" />
  <node id="-332" lat="33.6027042" lon="130.3982235" />
  <node id="-333" lat="33.6016205" lon="130.3988931" />
  <node id="-334" lat="33.6006282" lon="130.3994815" />
  <node id="-335" lat="33.6000039" lon="130.3990174" />
  <node id="-336" lat="33.5995264" lon="130.3986624" />
  <node id="-337" lat="33.6001745" lon="130.3982873" />
  <node id="-338" lat="33.5987214" lon="130.394961" />
  <node id="-339" lat="33.6003726" lon="130.3939576" />
  <node id="-340" lat="33.6003817" lon="130.3939884" />
  <node id="-341" lat="33.6002828" lon="130.3940482" />
  <node id="-342" lat="33.6006616" lon="130.3949373" />
  <node id="-343" lat="33.6007646" lon="130.3948725" />
  <node id="-344" lat="33.6009407" lon="130.3952883" />
  <node id="-345" lat="33.6016363" lon="130.3969146" />
  <node id="-346" lat="33.6029994" lon="130.3960582" />
  <node id="-347" lat="33.6023435" lon="130.3945261" />
  <node id="-348" lat="33.6040401" lon="130.3934929" />
  <node id="-349" lat="33.6097757" lon="130.3899995" />
  <node id="-350" lat="33.6074993" lon="130.3847417" />
  <node id="-351" lat="33.6046032" lon="130.3864869" />
  <node id="-352" lat="33.6016872" lon="130.3882711" />
  <node id="-353" lat="33.6001183" lon="130.3846497" />
  <node id="-354" lat="33.6000356" lon="130.3846696" />
  <node id="-355" lat="33.5986887" lon="130.3879714" />
  <node id="-356" lat="33.6001831" lon="130.3914599" />
  <node id="-357" lat="33.5988102" lon="130.392303" />
  <way id="806652354">
    <nd ref="-358" />
    <nd ref="-359" />
    <nd ref="-360" />
    <nd ref="-361" />
    <nd ref="-362" />
    <nd ref="-363" />
    <nd ref="-364" />
    <nd ref="-365" />
    <nd ref="-366" />
    <nd ref="-367" />
    <nd ref="-368" />
    <nd ref="-369" />
    <nd ref="-370" />
    <nd ref="-371" />
    <nd ref="-372" />
    <nd ref="-373" />
    <nd ref="-374" />
    <nd ref="-375" />
    <nd ref="-376" />
    <nd ref="-377" />
    <tag k="natural" v="water" />
    <tag k="water" v="river" />
  </way>
  <node id="-358" lat="33.5709597" lon="130.3909001" />
  <node id="-359" lat="33.5709753" lon="130.39088" />
  <node id="-360" lat="33.5710117" lon="130.3907935" />
  <node id="-361" lat="33.571024" lon="130.3907304" />
  <node id="-362" lat="33.5710312" lon="130.3906319" />
  <node id="-363" lat="33.5710396" lon="130.3905018" />
  <node id="-364" lat="33.5710485" lon="130.3904817" />
  <node id="-365" lat="33.5710798" lon="130.3904649" />
  <node id="-366" lat="33.5711424" lon="130.3904609" />
  <node id="-367" lat="33.5711463" lon="130.3904407" />
  <node id="-368" lat="33.571067" lon="130.3904253" />
  <node id="-369" lat="33.571048" lon="130.3904293" />
  <node id="-370" lat="33.5710335" lon="130.3904428" />
  <node id="-371" lat="33.5710178" lon="130.3904984" />
  <node id="-372" lat="33.5710167" lon="130.3905588" />
  <node id="-373" lat="33.5710094" lon="130.3906875" />
  <node id="-374" lat="33.5710033" lon="130.3907686" />
  <node id="-375" lat="33.5709726" lon="130.3908391" />
  <node id="-376" lat="33.5709402" lon="130.3908693" />
  <node id="-377" lat="33.5709597" lon="130.3909001" />
  <way id="809893397">
    <nd ref="-378" />
    <nd ref="-379" />
    <nd ref="-380" />
    <nd ref="-381" />
    <nd ref="-382" />
    <nd ref="-383" />
    <nd ref="-384" />
    <nd ref="-385" />
    <nd ref="-386" />
    <nd ref="-387" />
    <nd ref="-388" />
    <nd ref="-389" />
    <nd ref="-390" />
    <nd ref="-391" />
    <nd ref="-392" />
    <nd ref="-393" />
    <tag k="natural" v="water" />
    <tag k="water" v="pond" />
  </way>
  <node id="-378" lat="33.5632989" lon="130.399709" />
  <node id="-379" lat="33.5632126" lon="130.3997071" />
  <node id="-380" lat="33.5631172" lon="130.3996727" />
  <node id="-381" lat="33.5630932" lon="130.3996303" />
  <node id="-382" lat="33.563077" lon="130.3995829" />
  <node id="-383" lat="33.5630694" lon="130.3995324" />
  <node id="-384" lat="33.5630708" lon="130.3994812" />
  <node id="-385" lat="33.563081" lon="130.3994314" />
  <node id="-386" lat="33.5630996" lon="130.3993853" />
  <node id="-387" lat="33.5631257" lon="130.3993448" />
  <node id="-388" lat="33.5631584" lon="130.3993117" />
  <node id="-389" lat="33.563196" lon="130.3992874" />
  <node id="-390" lat="33.5633051" lon="130.3992498" />
  <node id="-391" lat="33.5633856" lon="130.3994831" />
  <node id="-392" lat="33.56341" lon="130.3996426" />
  <node id="-393" lat="33.5632989" lon="130.399709" />
  <way id="810195520">
    <nd ref="-394" />
    <nd ref="-395" />
    <nd ref="-396" />
    <nd ref="-397" />
    <nd ref="-398" />
    <nd ref="-399" />
    <nd ref="-400" />
    <nd ref="-401" />
    <nd ref="-402" />
    <nd ref="-403" />
    <nd ref="-404" />
    <nd ref="-405" />
    <nd ref="-406" />
    <nd ref="-407" />
    <nd ref="-408" />
    <tag k="source" v="GSImaps/std" />
    <tag k="waterway" v="stream" />
  </way>
  <node id="-394" lat="33.5638292" lon="130.3964214" />
  <node id="-395" lat="33.5640807" lon="130.3961626" />
  <node id="-396" lat="33.5647824" lon="130.3958099" />
  <node id="-397" lat="33.5648763" lon="130.3957455" />
  <node id="-398" lat="33.5650059" lon="130.3956355" />
  <node id="-399" lat="33.565121" lon="130.3955416" />
  <node id="-400" lat="33.5652317" lon="130.3954491" />
  <node id="-401" lat="33.5653166" lon="130.3953888" />
  <node id="-402" lat="33.5657122" lon="130.3951567" />
  <node id="-403" lat="33.5657949" lon="130.3951219" />
  <node id="-404" lat="33.56631" lon="130.3949422" />
  <node id="-405" lat="33.5663883" lon="130.3949153" />
  <node id="-406" lat="33.5667995" lon="130.3947665" />
  <node id="-407" lat="33.5669403" lon="130.3947115" />
  <node id="-408" lat="33.5673672" lon="130.3945854" />
  <way id="810195941">
    <nd ref="-409" />
    <nd ref="-410" />
    <nd ref="-411" />
    <nd ref="-412" />
    <nd ref="-413" />
    <nd ref="-414" />
    <nd ref="-415" />
    <nd ref="-416" />
    <nd ref="-417" />
    <nd ref="-418" />
    <nd ref="-419" />
    <nd ref="-420" />
    <nd ref="-421" />
    <nd ref="-422" />
    <nd ref="-423" />
    <tag k="layer" v="-1" />
    <tag k="source" v="GSImaps/std" />
    <tag k="tunnel" v="culvert" />
    <tag k="waterway" v="stream" />
  </way>
  <node id="-409" lat="33.5682939" lon="130.3955474" />
  <node id="-410" lat="33.568327" lon="130.3955926" />
  <node id="-411" lat="33.5684835" lon="130.3959145" />
  <node id="-412" lat="33.5689942" lon="130.3969713" />
  <node id="-413" lat="33.568993" lon="130.3971228" />
  <node id="-414" lat="33.5693853" lon="130.3976512" />
  <node id="-415" lat="33.5700512" lon="130.3984264" />
  <node id="-416" lat="33.5700725" lon="130.398425" />
  <node id="-417" lat="33.5701082" lon="130.3984264" />
  <node id="-418" lat="33.5701887" lon="130.3984196" />
  <node id="-419" lat="33.5702122" lon="130.3984223" />
  <node id="-420" lat="33.5705317" lon="130.3987227" />
  <node id="-421" lat="33.5707485" lon="130.3990835" />
  <node id="-422" lat="33.5707999" lon="130.399168" />
  <node id="-423" lat="33.5715039" lon="130.4003562" />
  <way id="1011742045">
    <nd ref="-424" />
    <nd ref="-425" />
    <nd ref="-426" />
    <nd ref="-427" />
    <nd ref="-428" />
    <nd ref="-429" />
    <nd ref="-430" />
    <nd ref="-431" />
    <nd ref="-432" />
    <nd ref="-433" />
    <nd ref="-434" />
    <nd ref="-435" />
    <nd ref="-436" />
    <nd ref="-437" />
    <nd ref="-438" />
    <nd ref="-439" />
    <nd ref="-440" />
    <nd ref="-441" />
    <nd ref="-442" />
    <nd ref="-443" />
    <nd ref="-444" />
    <nd ref="-445" />
    <nd ref="-446" />
    <nd ref="-447" />
    <tag k="intermittent" v="no" />
    <tag k="name" v="平尾大池" />
    <tag k="natural" v="water" />
    <tag k="source" v="survey;aerial imagery" />
    <tag k="water" v="reservoir" />
  </way>
  <node id="-424" lat="33.5682302" lon="130.3955849" />
  <node id="-425" lat="33.5682939" lon="130.3955474" />
  <node id="-426" lat="33.5683875" lon="130.395484" />
  <node id="-427" lat="33.5684177" lon="130.3954379" />
  <node id="-428" lat="33.5684167" lon="130.3953899" />
  <node id="-429" lat="33.5682857" lon="130.3952316" />
  <node id="-430" lat="33.5681882" lon="130.3951194" />
  <node id="-431" lat="33.5680604" lon="130.3950022" />
  <node id="-432" lat="33.5679376" lon="130.3948824" />
  <node id="-433" lat="33.5677553" lon="130.3947112" />
  <node id="-434" lat="33.5677527" lon="130.3946219" />
  <node id="-435" lat="33.5677236" lon="130.3945954" />
  <node id="-436" lat="33.5676777" lon="130.3946673" />
  <node id="-437" lat="33.5676103" lon="130.3945776" />
  <node id="-438" lat="33.5675412" lon="130.394659" />
  <node id="-439" lat="33.5676335" lon="130.3950966" />
  <node id="-440" lat="33.5677782" lon="130.395499" />
  <node id="-441" lat="33.5678417" lon="130.395466" />
  <node id="-442" lat="33.5679005" lon="130.3955104" />
  <node id="-443" lat="33.567983" lon="130.3955804" />
  <node id="-444" lat="33.5680592" lon="130.3956313" />
  <node id="-445" lat="33.5680939" lon="130.3956247" />
  <node id="-446" lat="33.5681608" lon="130.3956287" />
  <node id="-447" lat="33.5682302" lon="130.3955849" />
  <way id="1444271131">
    <nd ref="-448" />
    <nd ref="-449" />
    <nd ref="-450" />
    <nd ref="-451" />
    <nd ref="-452" />
    <nd ref="-453" />
    <nd ref="-454" />
    <nd ref="-455" />
    <nd ref="-456" />
    <nd ref="-457" />
    <nd ref="-458" />
    <nd ref="-459" />
    <nd ref="-460" />
    <tag k="name" v="ゾウ用泥浴び場" />
    <tag k="natural" v="water" />
  </way>
  <node id="-448" lat="33.5733642" lon="130.3900205" />
  <node id="-449" lat="33.5733882" lon="130.3900919" />
  <node id="-450" lat="33.573346" lon="130.3901887" />
  <node id="-451" lat="33.5733469" lon="130.3902164" />
  <node id="-452" lat="33.573321" lon="130.3902486" />
  <node id="-453" lat="33.5732999" lon="130.3902521" />
  <node id="-454" lat="33.5732951" lon="130.390221" />
  <node id="-455" lat="33.5733095" lon="130.3902198" />
  <node id="-456" lat="33.5733066" lon="130.3901737" />
  <node id="-457" lat="33.5733412" lon="130.3901161" />
  <node id="-458" lat="33.5733143" lon="130.3900182" />
  <node id="-459" lat="33.573346" lon="130.3899997" />
  <node id="-460" lat="33.5733642" lon="130.3900205" />
  <way id="32009520">
    <nd ref="-461" />
    <nd ref="-462" />
    <nd ref="-463" />
    <nd ref="-464" />
    <nd ref="-465" />
    <nd ref="-466" />
    <nd ref="-467" />
    <nd ref="-468" />
    <nd ref="-469" />
    <nd ref="-470" />
    <nd ref="-471" />
    <nd ref="-472" />
    <nd ref="-473" />
    <nd ref="-474" />
    <nd ref="-475" />
    <nd ref="-476" />
    <nd ref="-477" />
    <nd ref="-478" />
    <nd ref="-479" />
    <nd ref="-480" />
    <nd ref="-481" />
    <nd ref="-482" />
    <nd ref="-483" />
    <nd ref="-484" />
    <nd ref="-485" />
    <nd ref="-486" />
    <nd ref="-487" />
    <nd ref="-488" />
    <nd ref="-489" />
    <nd ref="-490" />
    <nd ref="-491" />
    <nd ref="-492" />
    <nd ref="-493" />
    <nd ref="-494" />
    <nd ref="-495" />
    <nd ref="-496" />
    <nd ref="-497" />
    <nd ref="-498" />
    <nd ref="-499" />
    <nd ref="-500" />
    <nd ref="-501" />
    <nd ref="-502" />
    <nd ref="-503" />
    <nd ref="-504" />
    <nd ref="-505" />
    <nd ref="-506" />
    <nd ref="-507" />
    <nd ref="-508" />
    <nd ref="-509" />
    <nd ref="-510" />
    <nd ref="-511" />
    <nd ref="-512" />
    <nd ref="-513" />
    <nd ref="-514" />
    <nd ref="-515" />
    <nd ref="-516" />
    <nd ref="-517" />
    <nd ref="-518" />
    <nd ref="-519" />
    <nd ref="-520" />
    <nd ref="-521" />
    <nd ref="-522" />
    <nd ref="-523" />
    <tag k="boat" v="no" />
    <tag k="natural" v="water" />
    <tag k="water" v="pond" />
  </way>
  <node id="-461" lat="33.5892239" lon="130.4104416" />
  <node id="-462" lat="33.5892241" lon="130.410503" />
  <node id="-463" lat="33.5892343" lon="130.4105023" />
  <node id="-464" lat="33.5892341" lon="130.4105164" />
  <node id="-465" lat="33.5892671" lon="130.4105178" />
  <node id="-466" lat="33.5893008" lon="130.4105955" />
  <node id="-467" lat="33.5893498" lon="130.4105647" />
  <node id="-468" lat="33.5893699" lon="130.4106076" />
  <node id="-469" lat="33.5893542" lon="130.4106177" />
  <node id="-470" lat="33.5893866" lon="130.410672" />
  <node id="-471" lat="33.5894427" lon="130.4107492" />
  <node id="-472" lat="33.5895006" lon="130.410798" />
  <node id="-473" lat="33.5895877" lon="130.410851" />
  <node id="-474" lat="33.589598" lon="130.4108547" />
  <node id="-475" lat="33.5896374" lon="130.4108691" />
  <node id="-476" lat="33.5896869" lon="130.4108796" />
  <node id="-477" lat="33.5897201" lon="130.4108617" />
  <node id="-478" lat="33.5897508" lon="130.4108584" />
  <node id="-479" lat="33.5897888" lon="130.4108597" />
  <node id="-480" lat="33.5898249" lon="130.4108739" />
  <node id="-481" lat="33.5898815" lon="130.4108517" />
  <node id="-482" lat="33.5899385" lon="130.4108249" />
  <node id="-483" lat="33.5899871" lon="130.4107927" />
  <node id="-484" lat="33.5900463" lon="130.410741" />
  <node id="-485" lat="33.5900314" lon="130.4107249" />
  <node id="-486" lat="33.5901368" lon="130.4105754" />
  <node id="-487" lat="33.5901557" lon="130.410537" />
  <node id="-488" lat="33.590272" lon="130.4105445" />
  <node id="-489" lat="33.590256" lon="130.4105957" />
  <node id="-490" lat="33.5902072" lon="130.4106961" />
  <node id="-491" lat="33.5901726" lon="130.4107511" />
  <node id="-492" lat="33.5901189" lon="130.4108074" />
  <node id="-493" lat="33.5900247" lon="130.4108824" />
  <node id="-494" lat="33.5899324" lon="130.4109402" />
  <node id="-495" lat="33.5899076" lon="130.4109635" />
  <node id="-496" lat="33.5896858" lon="130.4109928" />
  <node id="-497" lat="33.5896586" lon="130.410963" />
  <node id="-498" lat="33.589614" lon="130.4109536" />
  <node id="-499" lat="33.5895827" lon="130.4109208" />
  <node id="-500" lat="33.5895564" lon="130.4109134" />
  <node id="-501" lat="33.5895313" lon="130.410914" />
  <node id="-502" lat="33.5894905" lon="130.4109241" />
  <node id="-503" lat="33.5894486" lon="130.4109462" />
  <node id="-504" lat="33.5893615" lon="130.4108872" />
  <node id="-505" lat="33.5892933" lon="130.4107179" />
  <node id="-506" lat="33.5892749" lon="130.4107022" />
  <node id="-507" lat="33.5892498" lon="130.4106887" />
  <node id="-508" lat="33.5892302" lon="130.4106787" />
  <node id="-509" lat="33.5891983" lon="130.4106814" />
  <node id="-510" lat="33.5891699" lon="130.4106709" />
  <node id="-511" lat="33.589152" lon="130.4106599" />
  <node id="-512" lat="33.5891364" lon="130.4106472" />
  <node id="-513" lat="33.5891205" lon="130.4106256" />
  <node id="-514" lat="33.5891079" lon="130.4106049" />
  <node id="-515" lat="33.5891023" lon="130.4105774" />
  <node id="-516" lat="33.5891135" lon="130.4105533" />
  <node id="-517" lat="33.5891277" lon="130.4105181" />
  <node id="-518" lat="33.5891347" lon="130.4104809" />
  <node id="-519" lat="33.589133" lon="130.4104252" />
  <node id="-520" lat="33.5891269" lon="130.4103789" />
  <node id="-521" lat="33.5891124" lon="130.4103427" />
  <node id="-522" lat="33.5891962" lon="130.4103414" />
  <node id="-523" lat="33.5892239" lon="130.4104416" />
  <way id="44960671">
    <nd ref="-524" />
    <nd ref="-525" />
    <nd ref="-526" />
    <nd ref="-527" />
    <nd ref="-528" />
    <nd ref="-529" />
    <nd ref="-530" />
    <nd ref="-531" />
    <nd ref="-532" />
    <nd ref="-533" />
    <nd ref="-534" />
    <nd ref="-535" />
    <nd ref="-536" />
    <nd ref="-537" />
    <nd ref="-538" />
    <nd ref="-539" />
    <nd ref="-540" />
    <nd ref="-541" />
    <nd ref="-542" />
    <nd ref="-543" />
    <nd ref="-544" />
    <nd ref="-545" />
    <nd ref="-546" />
    <nd ref="-547" />
    <nd ref="-548" />
    <nd ref="-549" />
    <nd ref="-550" />
    <nd ref="-551" />
    <nd ref="-552" />
    <nd ref="-553" />
    <nd ref="-554" />
    <nd ref="-555" />
    <nd ref="-556" />
    <nd ref="-557" />
    <nd ref="-558" />
    <nd ref="-559" />
    <nd ref="-560" />
    <tag k="natural" v="water" />
    <tag k="source" v="NRPB of MLIT Japan" />
    <tag k="source:ja" v="国土画像情報（オルソ化空中写真）国土計画局" />
    <tag k="water" v="river" />
  </way>
  <node id="-524" lat="33.5947617" lon="130.4220505" />
  <node id="-525" lat="33.5950077" lon="130.4215641" />
  <node id="-526" lat="33.5953266" lon="130.4208384" />
  <node id="-527" lat="33.595494" lon="130.4200636" />
  <node id="-528" lat="33.5956277" lon="130.4195601" />
  <node id="-529" lat="33.5957681" lon="130.4190874" />
  <node id="-530" lat="33.5958731" lon="130.4187073" />
  <node id="-531" lat="33.5959868" lon="130.4183479" />
  <node id="-532" lat="33.5961325" lon="130.4180242" />
  <node id="-533" lat="33.5965826" lon="130.4174828" />
  <node id="-534" lat="33.596833" lon="130.417388" />
  <node id="-535" lat="33.5971696" lon="130.4172289" />
  <node id="-536" lat="33.5974456" lon="130.4171188" />
  <node id="-537" lat="33.5981902" lon="130.4168756" />
  <node id="-538" lat="33.5986342" lon="130.4166737" />
  <node id="-539" lat="33.5990001" lon="130.4164526" />
  <node id="-540" lat="33.5991113" lon="130.4163012" />
  <node id="-541" lat="33.598534" lon="130.4161438" />
  <node id="-542" lat="33.5983153" lon="130.4163127" />
  <node id="-543" lat="33.5980708" lon="130.4164391" />
  <node id="-544" lat="33.5975657" lon="130.4165915" />
  <node id="-545" lat="33.5971122" lon="130.4167362" />
  <node id="-546" lat="33.5968067" lon="130.4168116" />
  <node id="-547" lat="33.5964504" lon="130.416949" />
  <node id="-548" lat="33.596257" lon="130.4171039" />
  <node id="-549" lat="33.5962406" lon="130.4171128" />
  <node id="-550" lat="33.5958595" lon="130.4175921" />
  <node id="-551" lat="33.5957616" lon="130.4177345" />
  <node id="-552" lat="33.5956234" lon="130.4179661" />
  <node id="-553" lat="33.5955487" lon="130.4181466" />
  <node id="-554" lat="33.5953611" lon="130.4188394" />
  <node id="-555" lat="33.5952149" lon="130.4193048" />
  <node id="-556" lat="33.5950514" lon="130.4199027" />
  <node id="-557" lat="33.5948487" lon="130.420774" />
  <node id="-558" lat="33.5946663" lon="130.4212821" />
  <node id="-559" lat="33.5943709" lon="130.4218478" />
  <node id="-560" lat="33.5947617" lon="130.4220505" />
  <way id="46428314">
    <nd ref="-561" />
    <nd ref="-562" />
    <nd ref="-563" />
    <nd ref="-564" />
    <nd ref="-565" />
    <nd ref="-566" />
    <nd ref="-567" />
    <nd ref="-568" />
    <nd ref="-569" />
    <nd ref="-570" />
    <nd ref="-571" />
    <nd ref="-572" />
    <nd ref="-573" />
    <nd ref="-574" />
    <nd ref="-575" />
    <nd ref="-576" />
    <nd ref="-577" />
    <nd ref="-578" />
    <nd ref="-579" />
    <nd ref="-580" />
    <nd ref="-581" />
    <tag k="name" v="博多川" />
    <tag k="name:en" v="Hakata River" />
    <tag k="name:ja" v="博多川" />
    <tag k="note" v="KSJ2 said &quot;那珂川&quot;" />
    <tag k="waterway" v="river" />
    <tag k="wikipedia" v="ja:博多川" />
  </way>
  <node id="-561" lat="33.587846" lon="130.409544" />
  <node id="-562" lat="33.5890921" lon="130.4098233" />
  <node id="-563" lat="33.5905402" lon="130.4098525" />
  <node id="-564" lat="33.5916438" lon="130.4099051" />
  <node id="-565" lat="33.5918535" lon="130.4099063" />
  <node id="-566" lat="33.5922219" lon="130.4098" />
  <node id="-567" lat="33.5927736" lon="130.4092302" />
  <node id="-568" lat="33.5931095" lon="130.4084569" />
  <node id="-569" lat="33.5935797" lon="130.4076397" />
  <node id="-570" lat="33.593703" lon="130.4073747" />
  <node id="-571" lat="33.5938597" lon="130.4069575" />
  <node id="-572" lat="33.5942282" lon="130.4060653" />
  <node id="-573" lat="33.5943843" lon="130.405732" />
  <node id="-574" lat="33.5944934" lon="130.4055023" />
  <node id="-575" lat="33.5950014" lon="130.4045329" />
  <node id="-576" lat="33.5951029" lon="130.404396" />
  <node id="-577" lat="33.5954141" lon="130.4038153" />
  <node id="-578" lat="33.5958248" lon="130.4026527" />
  <node id="-579" lat="33.5960421" lon="130.4021153" />
  <node id="-580" lat="33.5962102" lon="130.4017243" />
  <node id="-581" lat="33.597027" lon="130.400408" />
  <way id="46429020">
    <nd ref="-582" />
    <nd ref="-583" />
    <nd ref="-584" />
    <nd ref="-585" />
    <nd ref="-586" />
    <nd ref="-587" />
    <nd ref="-588" />
    <nd ref="-589" />
    <nd ref="-590" />
    <nd ref="-591" />
    <nd ref="-592" />
    <nd ref="-593" />
    <nd ref="-594" />
    <nd ref="-595" />
    <nd ref="-596" />
    <nd ref="-597" />
    <nd ref="-598" />
    <nd ref="-599" />
    <nd ref="-600" />
    <nd ref="-601" />
    <nd ref="-602" />
    <nd ref="-603" />
    <nd ref="-604" />
    <nd ref="-605" />
    <nd ref="-606" />
    <nd ref="-607" />
    <nd ref="-608" />
    <nd ref="-609" />
    <nd ref="-610" />
    <nd ref="-611" />
    <nd ref="-612" />
    <nd ref="-613" />
    <nd ref="-614" />
    <nd ref="-615" />
    <nd ref="-616" />
    <nd ref="-617" />
    <nd ref="-618" />
    <nd ref="-619" />
    <nd ref="-620" />
    <nd ref="-621" />
    <nd ref="-622" />
    <nd ref="-623" />
    <nd ref="-624" />
    <nd ref="-625" />
    <nd ref="-626" />
    <nd ref="-627" />
    <nd ref="-628" />
    <nd ref="-629" />
    <nd ref="-630" />
    <nd ref="-631" />
    <nd ref="-632" />
    <nd ref="-633" />
    <nd ref="-634" />
    <nd ref="-635" />
    <nd ref="-636" />
    <nd ref="-637" />
    <nd ref="-638" />
    <nd ref="-639" />
    <nd ref="-640" />
    <nd ref="-641" />
    <nd ref="-642" />
    <nd ref="-643" />
    <nd ref="-644" />
    <nd ref="-645" />
    <nd ref="-646" />
    <nd ref="-647" />
    <nd ref="-648" />
    <tag k="natural" v="water" />
    <tag k="source" v="NRPB of MLIT Japan" />
    <tag k="source:ja" v="国土画像情報（オルソ化空中写真）国土計画局" />
    <tag k="water" v="river" />
  </way>
  <node id="-582" lat="33.5778299" lon="130.4145481" />
  <node id="-583" lat="33.5778999" lon="130.4144788" />
  <node id="-584" lat="33.5780781" lon="130.4143264" />
  <node id="-585" lat="33.5782469" lon="130.4141893" />
  <node id="-586" lat="33.5784093" lon="130.4140486" />
  <node id="-587" lat="33.5784772" lon="130.4140152" />
  <node id="-588" lat="33.5785135" lon="130.4140241" />
  <node id="-589" lat="33.5785885" lon="130.4139957" />
  <node id="-590" lat="33.5787972" lon="130.4138614" />
  <node id="-591" lat="33.5788639" lon="130.4138173" />
  <node id="-592" lat="33.5798308" lon="130.4131077" />
  <node id="-593" lat="33.5807481" lon="130.4123485" />
  <node id="-594" lat="33.5810325" lon="130.4121154" />
  <node id="-595" lat="33.58149" lon="130.4116005" />
  <node id="-596" lat="33.5818046" lon="130.4111812" />
  <node id="-597" lat="33.5823389" lon="130.4106232" />
  <node id="-598" lat="33.582449" lon="130.4104724" />
  <node id="-599" lat="33.5826283" lon="130.410338" />
  <node id="-600" lat="33.5829116" lon="130.4101482" />
  <node id="-601" lat="33.583292" lon="130.4099676" />
  <node id="-602" lat="33.5835118" lon="130.409925" />
  <node id="-603" lat="33.5836137" lon="130.4099722" />
  <node id="-604" lat="33.5840119" lon="130.4099378" />
  <node id="-605" lat="33.5848439" lon="130.4098944" />
  <node id="-606" lat="33.5854145" lon="130.4098869" />
  <node id="-607" lat="33.5854401" lon="130.4098863" />
  <node id="-608" lat="33.585555" lon="130.4098836" />
  <node id="-609" lat="33.586048" lon="130.4099184" />
  <node id="-610" lat="33.5860343" lon="130.4095832" />
  <node id="-611" lat="33.5860058" lon="130.4090935" />
  <node id="-612" lat="33.5856167" lon="130.4090828" />
  <node id="-613" lat="33.5854999" lon="130.4090723" />
  <node id="-614" lat="33.5843755" lon="130.4090948" />
  <node id="-615" lat="33.5838738" lon="130.4091297" />
  <node id="-616" lat="33.5838637" lon="130.4091458" />
  <node id="-617" lat="33.5831795" lon="130.409202" />
  <node id="-618" lat="33.583111" lon="130.4092233" />
  <node id="-619" lat="33.5830749" lon="130.4092249" />
  <node id="-620" lat="33.5830755" lon="130.409237" />
  <node id="-621" lat="33.5830593" lon="130.4092444" />
  <node id="-622" lat="33.583061" lon="130.4092479" />
  <node id="-623" lat="33.582823" lon="130.4093494" />
  <node id="-624" lat="33.5828087" lon="130.4093564" />
  <node id="-625" lat="33.5827879" lon="130.4093746" />
  <node id="-626" lat="33.582651" lon="130.4094538" />
  <node id="-627" lat="33.5823483" lon="130.4096333" />
  <node id="-628" lat="33.5822435" lon="130.4096698" />
  <node id="-629" lat="33.5821533" lon="130.4097407" />
  <node id="-630" lat="33.581996" lon="130.4099243" />
  <node id="-631" lat="33.5819335" lon="130.4100099" />
  <node id="-632" lat="33.5816966" lon="130.410301" />
  <node id="-633" lat="33.5812437" lon="130.4108262" />
  <node id="-634" lat="33.5808158" lon="130.4113796" />
  <node id="-635" lat="33.5806616" lon="130.4115584" />
  <node id="-636" lat="33.5803915" lon="130.4118439" />
  <node id="-637" lat="33.5802035" lon="130.4120037" />
  <node id="-638" lat="33.5801612" lon="130.4120387" />
  <node id="-639" lat="33.5796404" lon="130.4124503" />
  <node id="-640" lat="33.5791338" lon="130.4128169" />
  <node id="-641" lat="33.5781853" lon="130.4134582" />
  <node id="-642" lat="33.5781343" lon="130.4134923" />
  <node id="-643" lat="33.5780236" lon="130.4136099" />
  <node id="-644" lat="33.5778104" lon="130.4137658" />
  <node id="-645" lat="33.577522" lon="130.4139765" />
  <node id="-646" lat="33.5774218" lon="130.4141048" />
  <node id="-647" lat="33.5776674" lon="130.4143267" />
  <node id="-648" lat="33.5778299" lon="130.4145481" />
  <way id="46429276">
    <nd ref="-649" />
    <nd ref="-650" />
    <nd ref="-651" />
    <nd ref="-652" />
    <nd ref="-653" />
    <nd ref="-654" />
    <nd ref="-655" />
    <nd ref="-656" />
    <nd ref="-657" />
    <nd ref="-658" />
    <nd ref="-659" />
    <nd ref="-660" />
    <nd ref="-661" />
    <nd ref="-662" />
    <nd ref="-663" />
    <nd ref="-664" />
    <nd ref="-665" />
    <nd ref="-666" />
    <nd ref="-667" />
    <nd ref="-668" />
    <nd ref="-669" />
    <nd ref="-670" />
    <nd ref="-671" />
    <nd ref="-672" />
    <nd ref="-673" />
    <nd ref="-674" />
    <nd ref="-675" />
    <nd ref="-676" />
    <nd ref="-677" />
    <nd ref="-678" />
    <nd ref="-679" />
    <nd ref="-680" />
    <nd ref="-681" />
    <nd ref="-682" />
    <nd ref="-683" />
    <nd ref="-684" />
    <nd ref="-685" />
    <nd ref="-686" />
    <nd ref="-687" />
    <nd ref="-688" />
    <nd ref="-689" />
    <nd ref="-690" />
    <nd ref="-691" />
    <nd ref="-692" />
    <nd ref="-693" />
    <nd ref="-694" />
    <nd ref="-695" />
    <nd ref="-696" />
    <nd ref="-697" />
    <nd ref="-698" />
    <nd ref="-699" />
    <nd ref="-700" />
    <nd ref="-701" />
    <nd ref="-702" />
    <nd ref="-703" />
    <nd ref="-704" />
    <nd ref="-705" />
    <nd ref="-706" />
    <nd ref="-707" />
    <nd ref="-708" />
    <nd ref="-709" />
    <nd ref="-710" />
    <nd ref="-711" />
    <nd ref="-712" />
    <nd ref="-713" />
    <nd ref="-714" />
    <nd ref="-715" />
    <nd ref="-716" />
    <nd ref="-717" />
    <nd ref="-718" />
    <nd ref="-719" />
    <nd ref="-720" />
    <nd ref="-721" />
    <nd ref="-722" />
    <nd ref="-723" />
    <nd ref="-724" />
    <nd ref="-725" />
    <nd ref="-726" />
    <nd ref="-727" />
    <nd ref="-728" />
    <nd ref="-729" />
    <nd ref="-730" />
    <nd ref="-731" />
    <nd ref="-732" />
    <nd ref="-733" />
    <nd ref="-734" />
    <nd ref="-735" />
    <nd ref="-736" />
    <nd ref="-737" />
    <nd ref="-738" />
    <nd ref="-739" />
    <nd ref="-740" />
    <nd ref="-741" />
    <nd ref="-742" />
    <nd ref="-743" />
    <nd ref="-744" />
    <nd ref="-745" />
    <nd ref="-746" />
    <nd ref="-747" />
    <nd ref="-748" />
    <nd ref="-749" />
    <nd ref="-750" />
    <nd ref="-751" />
    <nd ref="-752" />
    <nd ref="-753" />
    <nd ref="-754" />
    <nd ref="-755" />
    <nd ref="-756" />
    <nd ref="-757" />
    <nd ref="-758" />
    <nd ref="-759" />
    <nd ref="-760" />
    <nd ref="-761" />
    <nd ref="-762" />
    <nd ref="-763" />
    <tag k="natural" v="water" />
    <tag k="source" v="NRPB of MLIT Japan" />
    <tag k="source:ja" v="国土画像情報（オルソ化空中写真）国土計画局" />
    <tag k="water" v="river" />
  </way>
  <node id="-649" lat="33.5695612" lon="130.4283566" />
  <node id="-650" lat="33.5696164" lon="130.4282669" />
  <node id="-651" lat="33.5701241" lon="130.4278151" />
  <node id="-652" lat="33.5708297" lon="130.4272978" />
  <node id="-653" lat="33.5714537" lon="130.4267973" />
  <node id="-654" lat="33.571914" lon="130.4264218" />
  <node id="-655" lat="33.572222" lon="130.426119" />
  <node id="-656" lat="33.5724656" lon="130.4258795" />
  <node id="-657" lat="33.5729684" lon="130.4253779" />
  <node id="-658" lat="33.5732229" lon="130.4250952" />
  <node id="-659" lat="33.5733667" lon="130.4249355" />
  <node id="-660" lat="33.5735154" lon="130.4247802" />
  <node id="-661" lat="33.5736091" lon="130.4246833" />
  <node id="-662" lat="33.5736793" lon="130.4246382" />
  <node id="-663" lat="33.5737567" lon="130.4245603" />
  <node id="-664" lat="33.5737982" lon="130.424559" />
  <node id="-665" lat="33.5737991" lon="130.4245228" />
  <node id="-666" lat="33.5738125" lon="130.4245095" />
  <node id="-667" lat="33.5738765" lon="130.424507" />
  <node id="-668" lat="33.5738846" lon="130.4245225" />
  <node id="-669" lat="33.57393" lon="130.4244769" />
  <node id="-670" lat="33.5739562" lon="130.4244227" />
  <node id="-671" lat="33.5739275" lon="130.4244219" />
  <node id="-672" lat="33.5739099" lon="130.4244391" />
  <node id="-673" lat="33.5739024" lon="130.4244616" />
  <node id="-674" lat="33.5738793" lon="130.4244694" />
  <node id="-675" lat="33.5738649" lon="130.4244597" />
  <node id="-676" lat="33.5738647" lon="130.4244391" />
  <node id="-677" lat="33.5738916" lon="130.4244143" />
  <node id="-678" lat="33.5739094" lon="130.4243952" />
  <node id="-679" lat="33.5739305" lon="130.4244063" />
  <node id="-680" lat="33.5739629" lon="130.4244041" />
  <node id="-681" lat="33.5739673" lon="130.4243523" />
  <node id="-682" lat="33.5739714" lon="130.4243125" />
  <node id="-683" lat="33.5740961" lon="130.4241014" />
  <node id="-684" lat="33.57421" lon="130.4239086" />
  <node id="-685" lat="33.5744499" lon="130.423237" />
  <node id="-686" lat="33.5745613" lon="130.42281" />
  <node id="-687" lat="33.5747012" lon="130.4222183" />
  <node id="-688" lat="33.574732" lon="130.4219225" />
  <node id="-689" lat="33.5747924" lon="130.4217084" />
  <node id="-690" lat="33.5749124" lon="130.4212345" />
  <node id="-691" lat="33.5752901" lon="130.420462" />
  <node id="-692" lat="33.5753298" lon="130.4203335" />
  <node id="-693" lat="33.5753639" lon="130.4202347" />
  <node id="-694" lat="33.5754822" lon="130.4198697" />
  <node id="-695" lat="33.5757996" lon="130.4188985" />
  <node id="-696" lat="33.5759086" lon="130.4185335" />
  <node id="-697" lat="33.5760794" lon="130.4180698" />
  <node id="-698" lat="33.5761522" lon="130.4178254" />
  <node id="-699" lat="33.5761812" lon="130.4177785" />
  <node id="-700" lat="33.576225" lon="130.4177969" />
  <node id="-701" lat="33.5762384" lon="130.4177634" />
  <node id="-702" lat="33.5761968" lon="130.417745" />
  <node id="-703" lat="33.5761991" lon="130.4176806" />
  <node id="-704" lat="33.5762482" lon="130.4176632" />
  <node id="-705" lat="33.5762985" lon="130.4174593" />
  <node id="-706" lat="33.5763924" lon="130.4171857" />
  <node id="-707" lat="33.5765367" lon="130.4167979" />
  <node id="-708" lat="33.57681" lon="130.4159861" />
  <node id="-709" lat="33.5769196" lon="130.4157712" />
  <node id="-710" lat="33.5769689" lon="130.4156837" />
  <node id="-711" lat="33.5771008" lon="130.415394" />
  <node id="-712" lat="33.5772308" lon="130.4151983" />
  <node id="-713" lat="33.5772702" lon="130.415153" />
  <node id="-714" lat="33.5774695" lon="130.4149246" />
  <node id="-715" lat="33.5775924" lon="130.4147449" />
  <node id="-716" lat="33.5777188" lon="130.4146501" />
  <node id="-717" lat="33.5778299" lon="130.4145481" />
  <node id="-718" lat="33.5776674" lon="130.4143267" />
  <node id="-719" lat="33.5774218" lon="130.4141048" />
  <node id="-720" lat="33.5767212" lon="130.4150564" />
  <node id="-721" lat="33.5766256" lon="130.4151392" />
  <node id="-722" lat="33.5765244" lon="130.4153966" />
  <node id="-723" lat="33.5764254" lon="130.4155989" />
  <node id="-724" lat="33.5763338" lon="130.4157638" />
  <node id="-725" lat="33.5760986" lon="130.4164577" />
  <node id="-726" lat="33.5757405" lon="130.4176008" />
  <node id="-727" lat="33.5753922" lon="130.4187207" />
  <node id="-728" lat="33.5752762" lon="130.4191075" />
  <node id="-729" lat="33.5752404" lon="130.4191773" />
  <node id="-730" lat="33.5752125" lon="130.4192591" />
  <node id="-731" lat="33.5751494" lon="130.4193718" />
  <node id="-732" lat="33.5749544" lon="130.419933" />
  <node id="-733" lat="33.5749192" lon="130.4200222" />
  <node id="-734" lat="33.5748733" lon="130.4201636" />
  <node id="-735" lat="33.5747209" lon="130.420528" />
  <node id="-736" lat="33.5746787" lon="130.4206872" />
  <node id="-737" lat="33.5745933" lon="130.4209988" />
  <node id="-738" lat="33.5743949" lon="130.4212599" />
  <node id="-739" lat="33.5743365" lon="130.4215819" />
  <node id="-740" lat="33.5742591" lon="130.4218143" />
  <node id="-741" lat="33.574186" lon="130.4220059" />
  <node id="-742" lat="33.5741246" lon="130.4223992" />
  <node id="-743" lat="33.5741455" lon="130.4224613" />
  <node id="-744" lat="33.5740146" lon="130.4231101" />
  <node id="-745" lat="33.5738375" lon="130.4236679" />
  <node id="-746" lat="33.5735553" lon="130.4241577" />
  <node id="-747" lat="33.5729709" lon="130.4247268" />
  <node id="-748" lat="33.5726797" lon="130.4250104" />
  <node id="-749" lat="33.5719543" lon="130.4257566" />
  <node id="-750" lat="33.5718724" lon="130.4258438" />
  <node id="-751" lat="33.5716068" lon="130.4260978" />
  <node id="-752" lat="33.5712458" lon="130.4263678" />
  <node id="-753" lat="33.5711045" lon="130.4264719" />
  <node id="-754" lat="33.570865" lon="130.4266697" />
  <node id="-755" lat="33.570789" lon="130.426728" />
  <node id="-756" lat="33.5707592" lon="130.4267613" />
  <node id="-757" lat="33.5707258" lon="130.4267793" />
  <node id="-758" lat="33.5705905" lon="130.4269095" />
  <node id="-759" lat="33.5703359" lon="130.4271194" />
  <node id="-760" lat="33.5699854" lon="130.4273369" />
  <node id="-761" lat="33.5699613" lon="130.4273978" />
  <node id="-762" lat="33.5693025" lon="130.4279709" />
  <node id="-763" lat="33.5695612" lon="130.4283566" />
  <way id="46429603">
    <nd ref="-764" />
    <nd ref="-765" />
    <nd ref="-766" />
    <nd ref="-767" />
    <nd ref="-768" />
    <nd ref="-769" />
    <nd ref="-770" />
    <nd ref="-771" />
    <nd ref="-772" />
    <nd ref="-773" />
    <nd ref="-774" />
    <nd ref="-775" />
    <nd ref="-776" />
    <nd ref="-777" />
    <nd ref="-778" />
    <nd ref="-779" />
    <nd ref="-780" />
    <nd ref="-781" />
    <nd ref="-782" />
    <nd ref="-783" />
    <nd ref="-784" />
    <nd ref="-785" />
    <nd ref="-786" />
    <nd ref="-787" />
    <nd ref="-788" />
    <nd ref="-789" />
    <nd ref="-790" />
    <nd ref="-791" />
    <nd ref="-792" />
    <nd ref="-793" />
    <nd ref="-794" />
    <nd ref="-795" />
    <nd ref="-796" />
    <nd ref="-797" />
    <nd ref="-798" />
    <nd ref="-799" />
    <nd ref="-800" />
    <nd ref="-801" />
    <nd ref="-802" />
    <nd ref="-803" />
    <nd ref="-804" />
    <nd ref="-805" />
    <nd ref="-806" />
    <nd ref="-807" />
    <nd ref="-808" />
    <nd ref="-809" />
    <nd ref="-810" />
    <nd ref="-811" />
    <nd ref="-812" />
    <nd ref="-813" />
    <nd ref="-814" />
    <nd ref="-815" />
    <nd ref="-816" />
    <nd ref="-817" />
    <nd ref="-818" />
    <nd ref="-819" />
    <nd ref="-820" />
    <nd ref="-821" />
    <nd ref="-822" />
    <nd ref="-823" />
    <nd ref="-824" />
    <nd ref="-825" />
    <nd ref="-826" />
    <nd ref="-827" />
    <nd ref="-828" />
    <nd ref="-829" />
    <nd ref="-830" />
    <nd ref="-831" />
    <nd ref="-832" />
    <nd ref="-833" />
    <nd ref="-834" />
    <nd ref="-835" />
    <nd ref="-836" />
    <nd ref="-837" />
    <nd ref="-838" />
    <nd ref="-839" />
    <nd ref="-840" />
    <nd ref="-841" />
    <nd ref="-842" />
    <nd ref="-843" />
    <nd ref="-844" />
    <nd ref="-845" />
    <nd ref="-846" />
    <nd ref="-847" />
    <nd ref="-848" />
    <nd ref="-849" />
    <nd ref="-850" />
    <nd ref="-851" />
    <nd ref="-852" />
    <nd ref="-853" />
    <nd ref="-854" />
    <nd ref="-855" />
    <nd ref="-856" />
    <nd ref="-857" />
    <nd ref="-858" />
    <nd ref="-859" />
    <nd ref="-860" />
    <nd ref="-861" />
    <nd ref="-862" />
    <tag k="natural" v="water" />
    <tag k="source" v="NRPB of MLIT Japan" />
    <tag k="source:ja" v="国土画像情報（オルソ化空中写真）国土計画局" />
    <tag k="water" v="river" />
  </way>
  <node id="-764" lat="33.5991149" lon="130.4162946" />
  <node id="-765" lat="33.5993794" lon="130.4159134" />
  <node id="-766" lat="33.5996355" lon="130.4154517" />
  <node id="-767" lat="33.5997081" lon="130.415309" />
  <node id="-768" lat="33.5997584" lon="130.4151124" />
  <node id="-769" lat="33.5997914" lon="130.4149054" />
  <node id="-770" lat="33.5998722" lon="130.4143515" />
  <node id="-771" lat="33.5999759" lon="130.413725" />
  <node id="-772" lat="33.600006" lon="130.4135766" />
  <node id="-773" lat="33.6000799" lon="130.4134002" />
  <node id="-774" lat="33.6000566" lon="130.4133646" />
  <node id="-775" lat="33.6005098" lon="130.412461" />
  <node id="-776" lat="33.6006675" lon="130.41213" />
  <node id="-777" lat="33.6007881" lon="130.4118384" />
  <node id="-778" lat="33.6010005" lon="130.4114445" />
  <node id="-779" lat="33.6011171" lon="130.4112747" />
  <node id="-780" lat="33.6011762" lon="130.4111927" />
  <node id="-781" lat="33.60158" lon="130.4107146" />
  <node id="-782" lat="33.6016121" lon="130.4106783" />
  <node id="-783" lat="33.6018132" lon="130.4104508" />
  <node id="-784" lat="33.6018528" lon="130.4104063" />
  <node id="-785" lat="33.601864" lon="130.4103716" />
  <node id="-786" lat="33.6019124" lon="130.4103531" />
  <node id="-787" lat="33.6022733" lon="130.4099635" />
  <node id="-788" lat="33.6026448" lon="130.4096836" />
  <node id="-789" lat="33.6030123" lon="130.4095185" />
  <node id="-790" lat="33.6036694" lon="130.4093151" />
  <node id="-791" lat="33.6041636" lon="130.4091934" />
  <node id="-792" lat="33.6046591" lon="130.4091069" />
  <node id="-793" lat="33.6047277" lon="130.4090847" />
  <node id="-794" lat="33.6048193" lon="130.4090551" />
  <node id="-795" lat="33.6048962" lon="130.4090303" />
  <node id="-796" lat="33.6052941" lon="130.408929" />
  <node id="-797" lat="33.6055787" lon="130.4088684" />
  <node id="-798" lat="33.6061229" lon="130.4087232" />
  <node id="-799" lat="33.6066495" lon="130.4085954" />
  <node id="-800" lat="33.6071301" lon="130.408494" />
  <node id="-801" lat="33.6078083" lon="130.4083074" />
  <node id="-802" lat="33.6083525" lon="130.407935" />
  <node id="-803" lat="33.6084459" lon="130.4077739" />
  <node id="-804" lat="33.608867" lon="130.4070955" />
  <node id="-805" lat="33.6090606" lon="130.40677" />
  <node id="-806" lat="33.6090786" lon="130.406743" />
  <node id="-807" lat="33.6091004" lon="130.4067104" />
  <node id="-808" lat="33.6091221" lon="130.4066779" />
  <node id="-809" lat="33.6091306" lon="130.4066651" />
  <node id="-810" lat="33.6091527" lon="130.4066321" />
  <node id="-811" lat="33.6091748" lon="130.406599" />
  <node id="-812" lat="33.6091948" lon="130.406569" />
  <node id="-813" lat="33.6092891" lon="130.4064326" />
  <node id="-814" lat="33.6083" lon="130.4055731" />
  <node id="-815" lat="33.6081771" lon="130.4057689" />
  <node id="-816" lat="33.6081559" lon="130.4058044" />
  <node id="-817" lat="33.6081352" lon="130.4058389" />
  <node id="-818" lat="33.6081146" lon="130.4058734" />
  <node id="-819" lat="33.6081056" lon="130.4058885" />
  <node id="-820" lat="33.6080839" lon="130.4059247" />
  <node id="-821" lat="33.6080623" lon="130.4059609" />
  <node id="-822" lat="33.6080464" lon="130.4059875" />
  <node id="-823" lat="33.6076596" lon="130.4066337" />
  <node id="-824" lat="33.6073871" lon="130.4069555" />
  <node id="-825" lat="33.6069617" lon="130.4071012" />
  <node id="-826" lat="33.6065409" lon="130.407255" />
  <node id="-827" lat="33.6059212" lon="130.4074812" />
  <node id="-828" lat="33.6052365" lon="130.4077425" />
  <node id="-829" lat="33.6046505" lon="130.4079586" />
  <node id="-830" lat="33.604575" lon="130.4079859" />
  <node id="-831" lat="33.6044837" lon="130.4080188" />
  <node id="-832" lat="33.6044071" lon="130.4080465" />
  <node id="-833" lat="33.6040328" lon="130.4082052" />
  <node id="-834" lat="33.6032263" lon="130.4085154" />
  <node id="-835" lat="33.6029026" lon="130.4086697" />
  <node id="-836" lat="33.6024836" lon="130.4089336" />
  <node id="-837" lat="33.6022788" lon="130.4091171" />
  <node id="-838" lat="33.6018694" lon="130.4094604" />
  <node id="-839" lat="33.6016618" lon="130.4096648" />
  <node id="-840" lat="33.6014637" lon="130.4098852" />
  <node id="-841" lat="33.6012493" lon="130.4101645" />
  <node id="-842" lat="33.601221" lon="130.4101976" />
  <node id="-843" lat="33.6012102" lon="130.4102102" />
  <node id="-844" lat="33.6011793" lon="130.4102106" />
  <node id="-845" lat="33.6011379" lon="130.4102549" />
  <node id="-846" lat="33.6007566" lon="130.4108265" />
  <node id="-847" lat="33.6007064" lon="130.4109064" />
  <node id="-848" lat="33.6004889" lon="130.4113586" />
  <node id="-849" lat="33.6002984" lon="130.4118177" />
  <node id="-850" lat="33.600184" lon="130.4120875" />
  <node id="-851" lat="33.5998772" lon="130.4128356" />
  <node id="-852" lat="33.5997426" lon="130.4131478" />
  <node id="-853" lat="33.59968" lon="130.4132115" />
  <node id="-854" lat="33.5995326" lon="130.4135193" />
  <node id="-855" lat="33.5993145" lon="130.4141008" />
  <node id="-856" lat="33.5993765" lon="130.4143392" />
  <node id="-857" lat="33.5993291" lon="130.414717" />
  <node id="-858" lat="33.5992594" lon="130.41502" />
  <node id="-859" lat="33.5991419" lon="130.4153431" />
  <node id="-860" lat="33.5990155" lon="130.4154999" />
  <node id="-861" lat="33.5985412" lon="130.4161416" />
  <node id="-862" lat="33.5991149" lon="130.4162946" />
  <way id="46429954">
    <nd ref="-863" />
    <nd ref="-864" />
    <nd ref="-865" />
    <nd ref="-866" />
    <nd ref="-867" />
    <nd ref="-868" />
    <nd ref="-869" />
    <nd ref="-870" />
    <nd ref="-871" />
    <nd ref="-872" />
    <nd ref="-873" />
    <nd ref="-874" />
    <nd ref="-875" />
    <nd ref="-876" />
    <nd ref="-877" />
    <nd ref="-878" />
    <nd ref="-879" />
    <nd ref="-880" />
    <nd ref="-881" />
    <nd ref="-882" />
    <nd ref="-883" />
    <nd ref="-884" />
    <nd ref="-885" />
    <nd ref="-886" />
    <nd ref="-887" />
    <nd ref="-888" />
    <nd ref="-889" />
    <nd ref="-890" />
    <nd ref="-891" />
    <nd ref="-892" />
    <nd ref="-893" />
    <nd ref="-894" />
    <tag k="natural" v="water" />
    <tag k="source" v="NRPB of MLIT Japan" />
    <tag k="source:ja" v="国土画像情報（オルソ化空中写真）国土計画局" />
    <tag k="water" v="river" />
  </way>
  <node id="-863" lat="33.5908155" lon="130.4271308" />
  <node id="-864" lat="33.5909328" lon="130.4270226" />
  <node id="-865" lat="33.5911192" lon="130.4268249" />
  <node id="-866" lat="33.591235" lon="130.4266575" />
  <node id="-867" lat="33.5914288" lon="130.4263978" />
  <node id="-868" lat="33.5916248" lon="130.4261499" />
  <node id="-869" lat="33.5919041" lon="130.4258265" />
  <node id="-870" lat="33.5921799" lon="130.4255106" />
  <node id="-871" lat="33.5925595" lon="130.4250806" />
  <node id="-872" lat="33.5930456" lon="130.42453" />
  <node id="-873" lat="33.5932497" lon="130.424303" />
  <node id="-874" lat="33.5934326" lon="130.4241046" />
  <node id="-875" lat="33.5934938" lon="130.4240361" />
  <node id="-876" lat="33.5935865" lon="130.4239221" />
  <node id="-877" lat="33.5937642" lon="130.4236452" />
  <node id="-878" lat="33.5937843" lon="130.4236633" />
  <node id="-879" lat="33.5938228" lon="130.4235989" />
  <node id="-880" lat="33.5938412" lon="130.4236083" />
  <node id="-881" lat="33.593939" lon="130.4234393" />
  <node id="-882" lat="33.5941689" lon="130.4231489" />
  <node id="-883" lat="33.5944554" lon="130.4227202" />
  <node id="-884" lat="33.5946786" lon="130.4223478" />
  <node id="-885" lat="33.5946858" lon="130.4222162" />
  <node id="-886" lat="33.5947576" lon="130.4220524" />
  <node id="-887" lat="33.5943706" lon="130.4218542" />
  <node id="-888" lat="33.5942071" lon="130.422192" />
  <node id="-889" lat="33.5940252" lon="130.4225177" />
  <node id="-890" lat="33.5931473" lon="130.4237308" />
  <node id="-891" lat="33.5919303" lon="130.425088" />
  <node id="-892" lat="33.5906803" lon="130.4264716" />
  <node id="-893" lat="33.5904536" lon="130.426721" />
  <node id="-894" lat="33.5908155" lon="130.4271308" />
  <way id="46430042">
    <nd ref="-895" />
    <nd ref="-896" />
    <nd ref="-897" />
    <nd ref="-898" />
    <nd ref="-899" />
    <nd ref="-900" />
    <nd ref="-901" />
    <nd ref="-902" />
    <nd ref="-903" />
    <nd ref="-904" />
    <nd ref="-905" />
    <nd ref="-906" />
    <nd ref="-907" />
    <nd ref="-908" />
    <nd ref="-909" />
    <nd ref="-910" />
    <nd ref="-911" />
    <nd ref="-912" />
    <nd ref="-913" />
    <nd ref="-914" />
    <nd ref="-915" />
    <nd ref="-916" />
    <nd ref="-917" />
    <nd ref="-918" />
    <nd ref="-919" />
    <nd ref="-920" />
    <nd ref="-921" />
    <nd ref="-922" />
    <nd ref="-923" />
    <nd ref="-924" />
    <nd ref="-925" />
    <nd ref="-926" />
    <nd ref="-927" />
    <nd ref="-928" />
    <nd ref="-929" />
    <nd ref="-930" />
    <nd ref="-931" />
    <nd ref="-932" />
    <nd ref="-933" />
    <nd ref="-934" />
    <nd ref="-935" />
    <nd ref="-936" />
    <nd ref="-937" />
    <nd ref="-938" />
    <nd ref="-939" />
    <nd ref="-940" />
    <nd ref="-941" />
    <nd ref="-942" />
    <nd ref="-943" />
    <nd ref="-944" />
    <nd ref="-945" />
    <nd ref="-946" />
    <nd ref="-947" />
    <nd ref="-948" />
    <nd ref="-949" />
    <nd ref="-950" />
    <nd ref="-951" />
    <nd ref="-952" />
    <nd ref="-953" />
    <nd ref="-954" />
    <nd ref="-955" />
    <nd ref="-956" />
    <nd ref="-957" />
    <nd ref="-958" />
    <nd ref="-959" />
    <nd ref="-960" />
    <nd ref="-961" />
    <nd ref="-962" />
    <nd ref="-963" />
    <nd ref="-964" />
    <nd ref="-965" />
    <nd ref="-966" />
    <nd ref="-967" />
    <nd ref="-968" />
    <nd ref="-969" />
    <nd ref="-970" />
    <nd ref="-971" />
    <nd ref="-972" />
    <nd ref="-973" />
    <nd ref="-974" />
    <nd ref="-975" />
    <nd ref="-976" />
    <nd ref="-977" />
    <nd ref="-978" />
    <nd ref="-979" />
    <nd ref="-980" />
    <nd ref="-981" />
    <nd ref="-982" />
    <nd ref="-983" />
    <nd ref="-984" />
    <nd ref="-985" />
    <nd ref="-986" />
    <nd ref="-987" />
    <nd ref="-988" />
    <nd ref="-989" />
    <nd ref="-990" />
    <nd ref="-991" />
    <nd ref="-992" />
    <nd ref="-993" />
    <nd ref="-994" />
    <nd ref="-995" />
    <nd ref="-996" />
    <nd ref="-997" />
    <nd ref="-998" />
    <nd ref="-999" />
    <nd ref="-1000" />
    <nd ref="-1001" />
    <nd ref="-1002" />
    <nd ref="-1003" />
    <nd ref="-1004" />
    <nd ref="-1005" />
    <nd ref="-1006" />
    <nd ref="-1007" />
    <nd ref="-1008" />
    <nd ref="-1009" />
    <tag k="natural" v="water" />
    <tag k="source" v="NRPB of MLIT Japan" />
    <tag k="source:ja" v="国土画像情報（オルソ化空中写真）国土計画局" />
    <tag k="water" v="river" />
  </way>
  <node id="-895" lat="33.5726808" lon="130.4393069" />
  <node id="-896" lat="33.5726811" lon="130.4393779" />
  <node id="-897" lat="33.5725653" lon="130.4398287" />
  <node id="-898" lat="33.5725207" lon="130.4401173" />
  <node id="-899" lat="33.5725322" lon="130.440389" />
  <node id="-900" lat="33.5725766" lon="130.4407704" />
  <node id="-901" lat="33.5726585" lon="130.4410826" />
  <node id="-902" lat="33.5727202" lon="130.4412448" />
  <node id="-903" lat="33.5729982" lon="130.4417164" />
  <node id="-904" lat="33.5732716" lon="130.442058" />
  <node id="-905" lat="33.5735202" lon="130.4423699" />
  <node id="-906" lat="33.5737002" lon="130.4426695" />
  <node id="-907" lat="33.5737481" lon="130.4428349" />
  <node id="-908" lat="33.5737856" lon="130.4430194" />
  <node id="-909" lat="33.5737795" lon="130.443192" />
  <node id="-910" lat="33.573732" lon="130.4433413" />
  <node id="-911" lat="33.5736687" lon="130.4434664" />
  <node id="-912" lat="33.5734643" lon="130.4437994" />
  <node id="-913" lat="33.5732518" lon="130.4441218" />
  <node id="-914" lat="33.5730502" lon="130.4444415" />
  <node id="-915" lat="33.5727712" lon="130.444838" />
  <node id="-916" lat="33.5726235" lon="130.4450445" />
  <node id="-917" lat="33.5724894" lon="130.4452309" />
  <node id="-918" lat="33.5722651" lon="130.4454808" />
  <node id="-919" lat="33.5719111" lon="130.4458477" />
  <node id="-920" lat="33.5716" lon="130.4461522" />
  <node id="-921" lat="33.5713886" lon="130.4463408" />
  <node id="-922" lat="33.5711854" lon="130.4464996" />
  <node id="-923" lat="33.5709151" lon="130.4466687" />
  <node id="-924" lat="33.5706144" lon="130.4468469" />
  <node id="-925" lat="33.5702988" lon="130.4469929" />
  <node id="-926" lat="33.5700108" lon="130.4471408" />
  <node id="-927" lat="33.5695806" lon="130.447455" />
  <node id="-928" lat="33.5692342" lon="130.4478586" />
  <node id="-929" lat="33.5689397" lon="130.4482505" />
  <node id="-930" lat="33.5686935" lon="130.4485205" />
  <node id="-931" lat="33.5689629" lon="130.4487577" />
  <node id="-932" lat="33.5690749" lon="130.4485209" />
  <node id="-933" lat="33.569164" lon="130.4484254" />
  <node id="-934" lat="33.5692109" lon="130.4483101" />
  <node id="-935" lat="33.5692366" lon="130.4483208" />
  <node id="-936" lat="33.5692411" lon="130.448357" />
  <node id="-937" lat="33.5692098" lon="130.448416" />
  <node id="-938" lat="33.5692176" lon="130.4484509" />
  <node id="-939" lat="33.5695472" lon="130.4480445" />
  <node id="-940" lat="33.5699338" lon="130.4476907" />
  <node id="-941" lat="33.5701823" lon="130.4474972" />
  <node id="-942" lat="33.5705118" lon="130.4472864" />
  <node id="-943" lat="33.5707794" lon="130.4471572" />
  <node id="-944" lat="33.5711027" lon="130.4469798" />
  <node id="-945" lat="33.5714193" lon="130.4468162" />
  <node id="-946" lat="33.5716907" lon="130.4466219" />
  <node id="-947" lat="33.572017" lon="130.44637" />
  <node id="-948" lat="33.5721697" lon="130.446226" />
  <node id="-949" lat="33.5723202" lon="130.4460794" />
  <node id="-950" lat="33.572617" lon="130.4456971" />
  <node id="-951" lat="33.5728355" lon="130.4452123" />
  <node id="-952" lat="33.5730198" lon="130.4448915" />
  <node id="-953" lat="33.5732383" lon="130.4446388" />
  <node id="-954" lat="33.5735456" lon="130.4442701" />
  <node id="-955" lat="33.5736301" lon="130.4440813" />
  <node id="-956" lat="33.5738936" lon="130.4437361" />
  <node id="-957" lat="33.5739914" lon="130.4435746" />
  <node id="-958" lat="33.5740784" lon="130.4433766" />
  <node id="-959" lat="33.5741457" lon="130.4431048" />
  <node id="-960" lat="33.5741785" lon="130.4428556" />
  <node id="-961" lat="33.5741088" lon="130.4425285" />
  <node id="-962" lat="33.5739689" lon="130.442256" />
  <node id="-963" lat="33.5737299" lon="130.4419488" />
  <node id="-964" lat="33.5734022" lon="130.4416279" />
  <node id="-965" lat="33.5732588" lon="130.4414231" />
  <node id="-966" lat="33.5730242" lon="130.4409213" />
  <node id="-967" lat="33.5729855" lon="130.4408039" />
  <node id="-968" lat="33.5729598" lon="130.4406644" />
  <node id="-969" lat="33.5729397" lon="130.4404673" />
  <node id="-970" lat="33.5729375" lon="130.440293" />
  <node id="-971" lat="33.5729431" lon="130.4401535" />
  <node id="-972" lat="33.5729451" lon="130.440045" />
  <node id="-973" lat="33.5729538" lon="130.4399539" />
  <node id="-974" lat="33.5729942" lon="130.4399542" />
  <node id="-975" lat="33.5729936" lon="130.439939" />
  <node id="-976" lat="33.572993" lon="130.4399238" />
  <node id="-977" lat="33.5729542" lon="130.4399255" />
  <node id="-978" lat="33.5729788" lon="130.4398209" />
  <node id="-979" lat="33.5730001" lon="130.4397619" />
  <node id="-980" lat="33.5730325" lon="130.4397136" />
  <node id="-981" lat="33.5730904" lon="130.4396115" />
  <node id="-982" lat="33.5731789" lon="130.4394078" />
  <node id="-983" lat="33.5732247" lon="130.4393475" />
  <node id="-984" lat="33.573371" lon="130.4391906" />
  <node id="-985" lat="33.573644" lon="130.4389737" />
  <node id="-986" lat="33.5738263" lon="130.4388755" />
  <node id="-987" lat="33.5740977" lon="130.4387657" />
  <node id="-988" lat="33.5746576" lon="130.4385928" />
  <node id="-989" lat="33.5752309" lon="130.4384007" />
  <node id="-990" lat="33.5753946" lon="130.4383416" />
  <node id="-991" lat="33.575565" lon="130.4382596" />
  <node id="-992" lat="33.5757603" lon="130.4381618" />
  <node id="-993" lat="33.5761364" lon="130.4379167" />
  <node id="-994" lat="33.5763555" lon="130.4377891" />
  <node id="-995" lat="33.5765499" lon="130.4376289" />
  <node id="-996" lat="33.5762168" lon="130.4371777" />
  <node id="-997" lat="33.5759263" lon="130.4373875" />
  <node id="-998" lat="33.5755045" lon="130.4376216" />
  <node id="-999" lat="33.5750367" lon="130.4378485" />
  <node id="-1000" lat="33.5748186" lon="130.4379346" />
  <node id="-1001" lat="33.5748154" lon="130.4379128" />
  <node id="-1002" lat="33.5747802" lon="130.4379228" />
  <node id="-1003" lat="33.5747834" lon="130.437948" />
  <node id="-1004" lat="33.5746102" lon="130.4380003" />
  <node id="-1005" lat="33.5744413" lon="130.4380425" />
  <node id="-1006" lat="33.5737959" lon="130.4382588" />
  <node id="-1007" lat="33.5732924" lon="130.4385092" />
  <node id="-1008" lat="33.5728439" lon="130.4388634" />
  <node id="-1009" lat="33.5726808" lon="130.4393069" />
  <way id="46430614">
    <nd ref="-1010" />
    <nd ref="-1011" />
    <nd ref="-1012" />
    <nd ref="-1013" />
    <nd ref="-1014" />
    <nd ref="-1015" />
    <nd ref="-1016" />
    <nd ref="-1017" />
    <nd ref="-1018" />
    <nd ref="-1019" />
    <nd ref="-1020" />
    <nd ref="-1021" />
    <nd ref="-1022" />
    <nd ref="-1023" />
    <nd ref="-1024" />
    <nd ref="-1025" />
    <nd ref="-1026" />
    <nd ref="-1027" />
    <nd ref="-1028" />
    <nd ref="-1029" />
    <nd ref="-1030" />
    <nd ref="-1031" />
    <nd ref="-1032" />
    <nd ref="-1033" />
    <nd ref="-1034" />
    <nd ref="-1035" />
    <nd ref="-1036" />
    <nd ref="-1037" />
    <nd ref="-1038" />
    <nd ref="-1039" />
    <nd ref="-1040" />
    <nd ref="-1041" />
    <nd ref="-1042" />
    <nd ref="-1043" />
    <nd ref="-1044" />
    <nd ref="-1045" />
    <nd ref="-1046" />
    <nd ref="-1047" />
    <nd ref="-1048" />
    <nd ref="-1049" />
    <nd ref="-1050" />
    <nd ref="-1051" />
    <nd ref="-1052" />
    <nd ref="-1053" />
    <nd ref="-1054" />
    <nd ref="-1055" />
    <nd ref="-1056" />
    <nd ref="-1057" />
    <nd ref="-1058" />
    <nd ref="-1059" />
    <nd ref="-1060" />
    <nd ref="-1061" />
    <nd ref="-1062" />
    <nd ref="-1063" />
    <nd ref="-1064" />
    <nd ref="-1065" />
    <nd ref="-1066" />
    <nd ref="-1067" />
    <nd ref="-1068" />
    <nd ref="-1069" />
    <nd ref="-1070" />
    <nd ref="-1071" />
    <nd ref="-1072" />
    <nd ref="-1073" />
    <nd ref="-1074" />
    <nd ref="-1075" />
    <nd ref="-1076" />
    <nd ref="-1077" />
    <nd ref="-1078" />
    <nd ref="-1079" />
    <nd ref="-1080" />
    <nd ref="-1081" />
    <nd ref="-1082" />
    <nd ref="-1083" />
    <nd ref="-1084" />
    <nd ref="-1085" />
    <nd ref="-1086" />
    <nd ref="-1087" />
    <nd ref="-1088" />
    <nd ref="-1089" />
    <nd ref="-1090" />
    <nd ref="-1091" />
    <nd ref="-1092" />
    <nd ref="-1093" />
    <nd ref="-1094" />
    <nd ref="-1095" />
    <nd ref="-1096" />
    <nd ref="-1097" />
    <nd ref="-1098" />
    <nd ref="-1099" />
    <nd ref="-1100" />
    <nd ref="-1101" />
    <nd ref="-1102" />
    <nd ref="-1103" />
    <nd ref="-1104" />
    <nd ref="-1105" />
    <nd ref="-1106" />
    <nd ref="-1107" />
    <nd ref="-1108" />
    <nd ref="-1109" />
    <nd ref="-1110" />
    <nd ref="-1111" />
    <nd ref="-1112" />
    <nd ref="-1113" />
    <nd ref="-1114" />
    <nd ref="-1115" />
    <nd ref="-1116" />
    <nd ref="-1117" />
    <nd ref="-1118" />
    <nd ref="-1119" />
    <nd ref="-1120" />
    <nd ref="-1121" />
    <nd ref="-1122" />
    <nd ref="-1123" />
    <nd ref="-1124" />
    <nd ref="-1125" />
    <nd ref="-1126" />
    <nd ref="-1127" />
    <nd ref="-1128" />
    <nd ref="-1129" />
    <nd ref="-1130" />
    <nd ref="-1131" />
    <nd ref="-1132" />
    <nd ref="-1133" />
    <nd ref="-1134" />
    <nd ref="-1135" />
    <nd ref="-1136" />
    <nd ref="-1137" />
    <nd ref="-1138" />
    <nd ref="-1139" />
    <nd ref="-1140" />
    <nd ref="-1141" />
    <nd ref="-1142" />
    <nd ref="-1143" />
    <nd ref="-1144" />
    <nd ref="-1145" />
    <nd ref="-1146" />
    <nd ref="-1147" />
    <nd ref="-1148" />
    <nd ref="-1149" />
    <nd ref="-1150" />
    <nd ref="-1151" />
    <nd ref="-1152" />
    <nd ref="-1153" />
    <nd ref="-1154" />
    <nd ref="-1155" />
    <nd ref="-1156" />
    <nd ref="-1157" />
    <nd ref="-1158" />
    <nd ref="-1159" />
    <nd ref="-1160" />
    <nd ref="-1161" />
    <nd ref="-1162" />
    <nd ref="-1163" />
    <nd ref="-1164" />
    <nd ref="-1165" />
    <nd ref="-1166" />
    <nd ref="-1167" />
    <nd ref="-1168" />
    <nd ref="-1169" />
    <nd ref="-1170" />
    <nd ref="-1171" />
    <nd ref="-1172" />
    <nd ref="-1173" />
    <nd ref="-1174" />
    <nd ref="-1175" />
    <nd ref="-1176" />
    <nd ref="-1177" />
    <nd ref="-1178" />
    <nd ref="-1179" />
    <nd ref="-1180" />
    <nd ref="-1181" />
    <nd ref="-1182" />
    <nd ref="-1183" />
    <nd ref="-1184" />
    <nd ref="-1185" />
    <nd ref="-1186" />
    <nd ref="-1187" />
    <nd ref="-1188" />
    <nd ref="-1189" />
    <nd ref="-1190" />
    <nd ref="-1191" />
    <nd ref="-1192" />
    <nd ref="-1193" />
    <nd ref="-1194" />
    <nd ref="-1195" />
    <nd ref="-1196" />
    <nd ref="-1197" />
    <nd ref="-1198" />
    <nd ref="-1199" />
    <nd ref="-1200" />
    <nd ref="-1201" />
    <nd ref="-1202" />
    <nd ref="-1203" />
    <nd ref="-1204" />
    <nd ref="-1205" />
    <nd ref="-1206" />
    <nd ref="-1207" />
    <nd ref="-1208" />
    <nd ref="-1209" />
    <nd ref="-1210" />
    <nd ref="-1211" />
    <nd ref="-1212" />
    <nd ref="-1213" />
    <nd ref="-1214" />
    <nd ref="-1215" />
    <nd ref="-1216" />
    <nd ref="-1217" />
    <nd ref="-1218" />
    <nd ref="-1219" />
    <nd ref="-1220" />
    <nd ref="-1221" />
    <nd ref="-1222" />
    <nd ref="-1223" />
    <nd ref="-1224" />
    <nd ref="-1225" />
    <nd ref="-1226" />
    <nd ref="-1227" />
    <nd ref="-1228" />
    <nd ref="-1229" />
    <nd ref="-1230" />
    <nd ref="-1231" />
    <nd ref="-1232" />
    <nd ref="-1233" />
    <nd ref="-1234" />
    <nd ref="-1235" />
    <nd ref="-1236" />
    <nd ref="-1237" />
    <nd ref="-1238" />
    <nd ref="-1239" />
    <nd ref="-1240" />
    <nd ref="-1241" />
    <nd ref="-1242" />
    <nd ref="-1243" />
    <nd ref="-1244" />
    <nd ref="-1245" />
    <nd ref="-1246" />
    <nd ref="-1247" />
    <nd ref="-1248" />
    <nd ref="-1249" />
    <nd ref="-1250" />
    <tag k="natural" v="water" />
    <tag k="source:ja" v="国土画像情報（オルソ化空中写真）国土計画局" />
    <tag k="water" v="river" />
  </way>
  <node id="-1010" lat="33.5799834" lon="130.4478092" />
  <node id="-1011" lat="33.5797615" lon="130.4465309" />
  <node id="-1012" lat="33.579679" lon="130.4460557" />
  <node id="-1013" lat="33.5796728" lon="130.4459645" />
  <node id="-1014" lat="33.579679" lon="130.4458827" />
  <node id="-1015" lat="33.5796935" lon="130.4458022" />
  <node id="-1016" lat="33.5797209" lon="130.4457338" />
  <node id="-1017" lat="33.5800337" lon="130.4452845" />
  <node id="-1018" lat="33.5800873" lon="130.4452262" />
  <node id="-1019" lat="33.5801516" lon="130.4451672" />
  <node id="-1020" lat="33.5806594" lon="130.4447501" />
  <node id="-1021" lat="33.5807069" lon="130.4447119" />
  <node id="-1022" lat="33.5817001" lon="130.4438952" />
  <node id="-1023" lat="33.5817482" lon="130.4438502" />
  <node id="-1024" lat="33.5818392" lon="130.4437624" />
  <node id="-1025" lat="33.5818934" lon="130.4437342" />
  <node id="-1026" lat="33.5820018" lon="130.4436377" />
  <node id="-1027" lat="33.5821353" lon="130.4435331" />
  <node id="-1028" lat="33.5842547" lon="130.4418111" />
  <node id="-1029" lat="33.5842894" lon="130.4417816" />
  <node id="-1030" lat="33.5855887" lon="130.4407255" />
  <node id="-1031" lat="33.5856641" lon="130.4406711" />
  <node id="-1032" lat="33.5857557" lon="130.4406007" />
  <node id="-1033" lat="33.5859429" lon="130.4404566" />
  <node id="-1034" lat="33.5859887" lon="130.4404217" />
  <node id="-1035" lat="33.5864758" lon="130.4400428" />
  <node id="-1036" lat="33.5870718" lon="130.4397485" />
  <node id="-1037" lat="33.587183" lon="130.4396874" />
  <node id="-1038" lat="33.5872131" lon="130.43966" />
  <node id="-1039" lat="33.5872266" lon="130.4396271" />
  <node id="-1040" lat="33.5872327" lon="130.4395916" />
  <node id="-1041" lat="33.5872293" lon="130.4395507" />
  <node id="-1042" lat="33.587128" lon="130.4391961" />
  <node id="-1043" lat="33.587125" lon="130.4391866" />
  <node id="-1044" lat="33.5871221" lon="130.4391772" />
  <node id="-1045" lat="33.5871053" lon="130.4391899" />
  <node id="-1046" lat="33.5870919" lon="130.4391906" />
  <node id="-1047" lat="33.587069" lon="130.4390967" />
  <node id="-1048" lat="33.5869824" lon="130.4387151" />
  <node id="-1049" lat="33.5869471" lon="130.4385836" />
  <node id="-1050" lat="33.5869231" lon="130.4384943" />
  <node id="-1051" lat="33.586863" lon="130.4382702" />
  <node id="-1052" lat="33.5868579" lon="130.4382511" />
  <node id="-1053" lat="33.5868154" lon="130.4381177" />
  <node id="-1054" lat="33.5867255" lon="130.4378843" />
  <node id="-1055" lat="33.5865456" lon="130.4373526" />
  <node id="-1056" lat="33.5865255" lon="130.437307" />
  <node id="-1057" lat="33.5863954" lon="130.4369174" />
  <node id="-1058" lat="33.5862412" lon="130.4366418" />
  <node id="-1059" lat="33.5857351" lon="130.4357044" />
  <node id="-1060" lat="33.5856949" lon="130.4355937" />
  <node id="-1061" lat="33.5854457" lon="130.4350989" />
  <node id="-1062" lat="33.5853396" lon="130.4348977" />
  <node id="-1063" lat="33.5849888" lon="130.4342325" />
  <node id="-1064" lat="33.5849184" lon="130.4341722" />
  <node id="-1065" lat="33.5848703" lon="130.4340917" />
  <node id="-1066" lat="33.5845581" lon="130.4334969" />
  <node id="-1067" lat="33.5845167" lon="130.4333177" />
  <node id="-1068" lat="33.5848799" lon="130.4330434" />
  <node id="-1069" lat="33.5855839" lon="130.4324657" />
  <node id="-1070" lat="33.5862737" lon="130.4319046" />
  <node id="-1071" lat="33.5867691" lon="130.4315456" />
  <node id="-1072" lat="33.5872484" lon="130.4312967" />
  <node id="-1073" lat="33.5874522" lon="130.4311607" />
  <node id="-1074" lat="33.5876538" lon="130.4309998" />
  <node id="-1075" lat="33.5878014" lon="130.4308844" />
  <node id="-1076" lat="33.5879092" lon="130.4307631" />
  <node id="-1077" lat="33.58816" lon="130.4305183" />
  <node id="-1078" lat="33.5881918" lon="130.4305015" />
  <node id="-1079" lat="33.5882549" lon="130.430415" />
  <node id="-1080" lat="33.5883005" lon="130.4303672" />
  <node id="-1081" lat="33.5884804" lon="130.4301506" />
  <node id="-1082" lat="33.588791" lon="130.4297719" />
  <node id="-1083" lat="33.5891432" lon="130.4292216" />
  <node id="-1084" lat="33.5895422" lon="130.4286546" />
  <node id="-1085" lat="33.5898788" lon="130.428168" />
  <node id="-1086" lat="33.5902934" lon="130.4275905" />
  <node id="-1087" lat="33.5908155" lon="130.4271308" />
  <node id="-1088" lat="33.5904536" lon="130.426721" />
  <node id="-1089" lat="33.5900154" lon="130.4272008" />
  <node id="-1090" lat="33.5890552" lon="130.4285731" />
  <node id="-1091" lat="33.5886766" lon="130.4291707" />
  <node id="-1092" lat="33.5882892" lon="130.4297092" />
  <node id="-1093" lat="33.588152" lon="130.429849" />
  <node id="-1094" lat="33.5881223" lon="130.4298852" />
  <node id="-1095" lat="33.5879838" lon="130.4300446" />
  <node id="-1096" lat="33.5875392" lon="130.4305124" />
  <node id="-1097" lat="33.5870757" lon="130.4308414" />
  <node id="-1098" lat="33.5865185" lon="130.4311467" />
  <node id="-1099" lat="33.5859414" lon="130.4315984" />
  <node id="-1100" lat="33.5852829" lon="130.4321385" />
  <node id="-1101" lat="33.5845705" lon="130.4327002" />
  <node id="-1102" lat="33.5840659" lon="130.4330845" />
  <node id="-1103" lat="33.5834061" lon="130.4335963" />
  <node id="-1104" lat="33.5828573" lon="130.4340038" />
  <node id="-1105" lat="33.5822316" lon="130.4344926" />
  <node id="-1106" lat="33.5816104" lon="130.4349696" />
  <node id="-1107" lat="33.5814192" lon="130.4350921" />
  <node id="-1108" lat="33.5805394" lon="130.4357599" />
  <node id="-1109" lat="33.5799831" lon="130.4361637" />
  <node id="-1110" lat="33.5796198" lon="130.4364093" />
  <node id="-1111" lat="33.5793415" lon="130.4365696" />
  <node id="-1112" lat="33.5791329" lon="130.4366472" />
  <node id="-1113" lat="33.5789466" lon="130.43668" />
  <node id="-1114" lat="33.5787365" lon="130.4366787" />
  <node id="-1115" lat="33.5785738" lon="130.4366689" />
  <node id="-1116" lat="33.5781649" lon="130.4365653" />
  <node id="-1117" lat="33.5779734" lon="130.4365218" />
  <node id="-1118" lat="33.5778024" lon="130.4364968" />
  <node id="-1119" lat="33.5776136" lon="130.4364976" />
  <node id="-1120" lat="33.5774442" lon="130.436528" />
  <node id="-1121" lat="33.5772561" lon="130.43657" />
  <node id="-1122" lat="33.577069" lon="130.4366349" />
  <node id="-1123" lat="33.5769388" lon="130.4367122" />
  <node id="-1124" lat="33.576644" lon="130.436904" />
  <node id="-1125" lat="33.5765494" lon="130.4369509" />
  <node id="-1126" lat="33.5764991" lon="130.4369912" />
  <node id="-1127" lat="33.5764833" lon="130.4369589" />
  <node id="-1128" lat="33.5764736" lon="130.4369658" />
  <node id="-1129" lat="33.5764686" lon="130.4369557" />
  <node id="-1130" lat="33.5764466" lon="130.4369713" />
  <node id="-1131" lat="33.5764515" lon="130.4369814" />
  <node id="-1132" lat="33.5764432" lon="130.4369872" />
  <node id="-1133" lat="33.5764589" lon="130.4370195" />
  <node id="-1134" lat="33.5764125" lon="130.4370622" />
  <node id="-1135" lat="33.57637" lon="130.4370488" />
  <node id="-1136" lat="33.5762168" lon="130.4371777" />
  <node id="-1137" lat="33.5765499" lon="130.4376289" />
  <node id="-1138" lat="33.5767164" lon="130.4374981" />
  <node id="-1139" lat="33.57679" lon="130.437392" />
  <node id="-1140" lat="33.5768628" lon="130.437368" />
  <node id="-1141" lat="33.5769555" lon="130.4372956" />
  <node id="-1142" lat="33.5770498" lon="130.4372521" />
  <node id="-1143" lat="33.5772878" lon="130.4371521" />
  <node id="-1144" lat="33.5774371" lon="130.4371025" />
  <node id="-1145" lat="33.5775924" lon="130.4370731" />
  <node id="-1146" lat="33.5777958" lon="130.4370689" />
  <node id="-1147" lat="33.5780023" lon="130.4371001" />
  <node id="-1148" lat="33.5784031" lon="130.4371673" />
  <node id="-1149" lat="33.5786136" lon="130.4371896" />
  <node id="-1150" lat="33.5785956" lon="130.4372118" />
  <node id="-1151" lat="33.578609" lon="130.4372427" />
  <node id="-1152" lat="33.5786539" lon="130.437195" />
  <node id="-1153" lat="33.5790117" lon="130.4371993" />
  <node id="-1154" lat="33.5793058" lon="130.4371426" />
  <node id="-1155" lat="33.579583" lon="130.4370035" />
  <node id="-1156" lat="33.5800461" lon="130.4367139" />
  <node id="-1157" lat="33.5802482" lon="130.4366534" />
  <node id="-1158" lat="33.5802245" lon="130.4365136" />
  <node id="-1159" lat="33.5800386" lon="130.4365122" />
  <node id="-1160" lat="33.5801968" lon="130.436397" />
  <node id="-1161" lat="33.5803387" lon="130.4363206" />
  <node id="-1162" lat="33.5804281" lon="130.436216" />
  <node id="-1163" lat="33.5805331" lon="130.4361784" />
  <node id="-1164" lat="33.5807457" lon="130.4359846" />
  <node id="-1165" lat="33.5811521" lon="130.435689" />
  <node id="-1166" lat="33.5812415" lon="130.4356903" />
  <node id="-1167" lat="33.5812113" lon="130.4357855" />
  <node id="-1168" lat="33.5812851" lon="130.4358083" />
  <node id="-1169" lat="33.5813396" lon="130.435734" />
  <node id="-1170" lat="33.5820962" lon="130.4351701" />
  <node id="-1171" lat="33.5829345" lon="130.4345148" />
  <node id="-1172" lat="33.583605" lon="130.4340192" />
  <node id="-1173" lat="33.5842516" lon="130.4335317" />
  <node id="-1174" lat="33.5843611" lon="130.4334417" />
  <node id="-1175" lat="33.5843754" lon="130.4334661" />
  <node id="-1176" lat="33.5843894" lon="130.4334855" />
  <node id="-1177" lat="33.5844073" lon="130.4334781" />
  <node id="-1178" lat="33.5844338" lon="130.4335304" />
  <node id="-1179" lat="33.5844282" lon="130.433534" />
  <node id="-1180" lat="33.5844406" lon="130.4335589" />
  <node id="-1181" lat="33.5844408" lon="130.4335683" />
  <node id="-1182" lat="33.5844508" lon="130.4335707" />
  <node id="-1183" lat="33.5847944" lon="130.4341923" />
  <node id="-1184" lat="33.5848419" lon="130.4342627" />
  <node id="-1185" lat="33.5848391" lon="130.4342848" />
  <node id="-1186" lat="33.5852424" lon="130.435017" />
  <node id="-1187" lat="33.585344" lon="130.4352075" />
  <node id="-1188" lat="33.5854625" lon="130.435461" />
  <node id="-1189" lat="33.5856021" lon="130.4357292" />
  <node id="-1190" lat="33.5856569" lon="130.4358204" />
  <node id="-1191" lat="33.5861468" lon="130.4367551" />
  <node id="-1192" lat="33.586249" lon="130.4369456" />
  <node id="-1193" lat="33.5863088" lon="130.4370904" />
  <node id="-1194" lat="33.5864076" lon="130.4373747" />
  <node id="-1195" lat="33.586435" lon="130.4374076" />
  <node id="-1196" lat="33.5865439" lon="130.4378106" />
  <node id="-1197" lat="33.5865551" lon="130.4378454" />
  <node id="-1198" lat="33.5865931" lon="130.4379319" />
  <node id="-1199" lat="33.586668" lon="130.4381579" />
  <node id="-1200" lat="33.5866735" lon="130.4381686" />
  <node id="-1201" lat="33.5866802" lon="130.4381914" />
  <node id="-1202" lat="33.5867115" lon="130.4382719" />
  <node id="-1203" lat="33.5867188" lon="130.4382972" />
  <node id="-1204" lat="33.5867808" lon="130.4385117" />
  <node id="-1205" lat="33.5868058" lon="130.4385981" />
  <node id="-1206" lat="33.5868439" lon="130.4387299" />
  <node id="-1207" lat="33.5870154" lon="130.4392764" />
  <node id="-1208" lat="33.5870255" lon="130.4392784" />
  <node id="-1209" lat="33.5870355" lon="130.4392804" />
  <node id="-1210" lat="33.5871193" lon="130.4395634" />
  <node id="-1211" lat="33.5871092" lon="130.4396056" />
  <node id="-1212" lat="33.5870478" lon="130.439664" />
  <node id="-1213" lat="33.5870143" lon="130.4396834" />
  <node id="-1214" lat="33.586878" lon="130.4397404" />
  <node id="-1215" lat="33.5865384" lon="130.4398993" />
  <node id="-1216" lat="33.5864171" lon="130.4399758" />
  <node id="-1217" lat="33.5856708" lon="130.4405578" />
  <node id="-1218" lat="33.5855943" lon="130.4406135" />
  <node id="-1219" lat="33.5842871" lon="130.4416843" />
  <node id="-1220" lat="33.5842469" lon="130.4417172" />
  <node id="-1221" lat="33.5820437" lon="130.443517" />
  <node id="-1222" lat="33.5819471" lon="130.4435901" />
  <node id="-1223" lat="33.5817443" lon="130.4437671" />
  <node id="-1224" lat="33.5801114" lon="130.4451082" />
  <node id="-1225" lat="33.5800527" lon="130.4451685" />
  <node id="-1226" lat="33.5799991" lon="130.4452309" />
  <node id="-1227" lat="33.57967" lon="130.4456855" />
  <node id="-1228" lat="33.5796376" lon="130.4457734" />
  <node id="-1229" lat="33.5796186" lon="130.4458612" />
  <node id="-1230" lat="33.5796142" lon="130.4459598" />
  <node id="-1231" lat="33.5796237" lon="130.4460657" />
  <node id="-1232" lat="33.5799371" lon="130.4478239" />
  <node id="-1233" lat="33.5799493" lon="130.4479346" />
  <node id="-1234" lat="33.579946" lon="130.4480338" />
  <node id="-1235" lat="33.5799426" lon="130.4481226" />
  <node id="-1236" lat="33.5799214" lon="130.4481961" />
  <node id="-1237" lat="33.5798903" lon="130.4482589" />
  <node id="-1238" lat="33.5798482" lon="130.4483101" />
  <node id="-1239" lat="33.5798039" lon="130.4483519" />
  <node id="-1240" lat="33.5781544" lon="130.4496923" />
  <node id="-1241" lat="33.5781661" lon="130.449713" />
  <node id="-1242" lat="33.5781779" lon="130.4497336" />
  <node id="-1243" lat="33.5798349" lon="130.4483896" />
  <node id="-1244" lat="33.5798874" lon="130.4483449" />
  <node id="-1245" lat="33.5799307" lon="130.4482883" />
  <node id="-1246" lat="33.5799712" lon="130.4482182" />
  <node id="-1247" lat="33.5799925" lon="130.4481354" />
  <node id="-1248" lat="33.5799985" lon="130.4480291" />
  <node id="-1249" lat="33.5799953" lon="130.4479279" />
  <node id="-1250" lat="33.5799834" lon="130.4478092" />
  <way id="46430616">
    <nd ref="-1251" />
    <nd ref="-1252" />
    <nd ref="-1253" />
    <nd ref="-1254" />
    <nd ref="-1255" />
    <nd ref="-1256" />
    <nd ref="-1257" />
    <nd ref="-1258" />
    <nd ref="-1259" />
    <nd ref="-1260" />
    <nd ref="-1261" />
    <tag k="name" v="諸岡川" />
    <tag k="name:en" v="unknown" />
    <tag k="name:ja" v="不明" />
    <tag k="source" v="NRPB of MLIT Japan" />
    <tag k="source:ja" v="国土画像情報（オルソ化空中写真）国土計画局" />
    <tag k="waterway" v="river" />
  </way>
  <node id="-1251" lat="33.5704596" lon="130.4418639" />
  <node id="-1252" lat="33.5707049" lon="130.4416314" />
  <node id="-1253" lat="33.5709679" lon="130.441363" />
  <node id="-1254" lat="33.5711854" lon="130.4409474" />
  <node id="-1255" lat="33.5713204" lon="130.4404537" />
  <node id="-1256" lat="33.5715804" lon="130.4400443" />
  <node id="-1257" lat="33.571724" lon="130.4397753" />
  <node id="-1258" lat="33.5719416" lon="130.4396254" />
  <node id="-1259" lat="33.5723867" lon="130.439336" />
  <node id="-1260" lat="33.5729942" lon="130.4389982" />
  <node id="-1261" lat="33.573227" lon="130.4389183" />
  <way id="46430617">
    <nd ref="-1262" />
    <nd ref="-1263" />
    <nd ref="-1264" />
    <nd ref="-1265" />
    <nd ref="-1266" />
    <nd ref="-1267" />
    <nd ref="-1268" />
    <nd ref="-1269" />
    <nd ref="-1270" />
    <nd ref="-1271" />
    <nd ref="-1272" />
    <nd ref="-1273" />
    <nd ref="-1274" />
    <nd ref="-1275" />
    <nd ref="-1276" />
    <nd ref="-1277" />
    <nd ref="-1278" />
    <nd ref="-1279" />
    <nd ref="-1280" />
    <nd ref="-1281" />
    <nd ref="-1282" />
    <nd ref="-1283" />
    <nd ref="-1284" />
    <nd ref="-1285" />
    <nd ref="-1286" />
    <nd ref="-1287" />
    <nd ref="-1288" />
    <nd ref="-1289" />
    <nd ref="-1290" />
    <nd ref="-1291" />
    <nd ref="-1292" />
    <nd ref="-1293" />
    <nd ref="-1294" />
    <nd ref="-1295" />
    <nd ref="-1296" />
    <nd ref="-1297" />
    <nd ref="-1298" />
    <nd ref="-1299" />
    <nd ref="-1300" />
    <nd ref="-1301" />
    <nd ref="-1302" />
    <nd ref="-1303" />
    <nd ref="-1304" />
    <nd ref="-1305" />
    <nd ref="-1306" />
    <nd ref="-1307" />
    <nd ref="-1308" />
    <nd ref="-1309" />
    <nd ref="-1310" />
    <nd ref="-1311" />
    <nd ref="-1312" />
    <nd ref="-1313" />
    <nd ref="-1314" />
    <nd ref="-1315" />
    <nd ref="-1316" />
    <nd ref="-1317" />
    <nd ref="-1318" />
    <nd ref="-1319" />
    <nd ref="-1320" />
    <nd ref="-1321" />
    <nd ref="-1322" />
    <nd ref="-1323" />
    <nd ref="-1324" />
    <nd ref="-1325" />
    <nd ref="-1326" />
    <nd ref="-1327" />
    <nd ref="-1328" />
    <nd ref="-1329" />
    <nd ref="-1330" />
    <nd ref="-1331" />
    <nd ref="-1332" />
    <nd ref="-1333" />
    <nd ref="-1334" />
    <nd ref="-1335" />
    <nd ref="-1336" />
    <nd ref="-1337" />
    <nd ref="-1338" />
    <nd ref="-1339" />
    <nd ref="-1340" />
    <nd ref="-1341" />
    <nd ref="-1342" />
    <nd ref="-1343" />
    <nd ref="-1344" />
    <nd ref="-1345" />
    <nd ref="-1346" />
    <nd ref="-1347" />
    <nd ref="-1348" />
    <nd ref="-1349" />
    <nd ref="-1350" />
    <nd ref="-1351" />
    <nd ref="-1352" />
    <nd ref="-1353" />
    <nd ref="-1354" />
    <nd ref="-1355" />
    <nd ref="-1356" />
    <nd ref="-1357" />
    <nd ref="-1358" />
    <nd ref="-1359" />
    <nd ref="-1360" />
    <nd ref="-1361" />
    <nd ref="-1362" />
    <nd ref="-1363" />
    <nd ref="-1364" />
    <nd ref="-1365" />
    <nd ref="-1366" />
    <nd ref="-1367" />
    <nd ref="-1368" />
    <nd ref="-1369" />
    <nd ref="-1370" />
    <nd ref="-1371" />
    <nd ref="-1372" />
    <nd ref="-1373" />
    <nd ref="-1374" />
    <nd ref="-1375" />
    <nd ref="-1376" />
    <nd ref="-1377" />
    <nd ref="-1378" />
    <nd ref="-1379" />
    <nd ref="-1380" />
    <nd ref="-1381" />
    <nd ref="-1382" />
    <nd ref="-1383" />
    <nd ref="-1384" />
    <nd ref="-1385" />
    <nd ref="-1386" />
    <nd ref="-1387" />
    <nd ref="-1388" />
    <nd ref="-1389" />
    <nd ref="-1390" />
    <nd ref="-1391" />
    <nd ref="-1392" />
    <nd ref="-1393" />
    <nd ref="-1394" />
    <nd ref="-1395" />
    <nd ref="-1396" />
    <nd ref="-1397" />
    <nd ref="-1398" />
    <nd ref="-1399" />
    <nd ref="-1400" />
    <nd ref="-1401" />
    <nd ref="-1402" />
    <nd ref="-1403" />
    <nd ref="-1404" />
    <nd ref="-1405" />
    <nd ref="-1406" />
    <nd ref="-1407" />
    <nd ref="-1408" />
    <nd ref="-1409" />
    <nd ref="-1410" />
    <nd ref="-1411" />
    <nd ref="-1412" />
    <nd ref="-1413" />
    <nd ref="-1414" />
    <nd ref="-1415" />
    <nd ref="-1416" />
    <nd ref="-1417" />
    <nd ref="-1418" />
    <nd ref="-1419" />
    <nd ref="-1420" />
    <nd ref="-1421" />
    <nd ref="-1422" />
    <nd ref="-1423" />
    <nd ref="-1424" />
    <nd ref="-1425" />
    <nd ref="-1426" />
    <nd ref="-1427" />
    <nd ref="-1428" />
    <nd ref="-1429" />
    <nd ref="-1430" />
    <nd ref="-1431" />
    <nd ref="-1432" />
    <nd ref="-1433" />
    <nd ref="-1434" />
    <nd ref="-1435" />
    <nd ref="-1436" />
    <nd ref="-1437" />
    <nd ref="-1438" />
    <nd ref="-1439" />
    <nd ref="-1440" />
    <nd ref="-1441" />
    <nd ref="-1442" />
    <nd ref="-1443" />
    <nd ref="-1444" />
    <nd ref="-1445" />
    <nd ref="-1446" />
    <nd ref="-1447" />
    <nd ref="-1448" />
    <nd ref="-1449" />
    <nd ref="-1450" />
    <nd ref="-1451" />
    <nd ref="-1452" />
    <nd ref="-1453" />
    <nd ref="-1454" />
    <nd ref="-1455" />
    <nd ref="-1456" />
    <tag k="natural" v="water" />
    <tag k="source" v="NRPB of MLIT Japan" />
    <tag k="source:ja" v="国土画像情報（オルソ化空中写真）国土計画局" />
    <tag k="water" v="river" />
  </way>
  <node id="-1262" lat="33.5520823" lon="130.4531461" />
  <node id="-1263" lat="33.5515995" lon="130.4532091" />
  <node id="-1264" lat="33.5514397" lon="130.453236" />
  <node id="-1265" lat="33.5501488" lon="130.4535672" />
  <node id="-1266" lat="33.5500392" lon="130.4535431" />
  <node id="-1267" lat="33.549078" lon="130.4537657" />
  <node id="-1268" lat="33.5487472" lon="130.4538113" />
  <node id="-1269" lat="33.5481939" lon="130.4538327" />
  <node id="-1270" lat="33.5481325" lon="130.4538032" />
  <node id="-1271" lat="33.54809" lon="130.4537952" />
  <node id="-1272" lat="33.5480844" lon="130.453814" />
  <node id="-1273" lat="33.5480486" lon="130.4538032" />
  <node id="-1274" lat="33.5479715" lon="130.4537509" />
  <node id="-1275" lat="33.5478609" lon="130.4536678" />
  <node id="-1276" lat="33.5477379" lon="130.4535189" />
  <node id="-1277" lat="33.5476362" lon="130.453653" />
  <node id="-1278" lat="33.5477748" lon="130.4538126" />
  <node id="-1279" lat="33.5478553" lon="130.4538783" />
  <node id="-1280" lat="33.5479615" lon="130.4539467" />
  <node id="-1281" lat="33.5480486" lon="130.4539789" />
  <node id="-1282" lat="33.5481839" lon="130.4540057" />
  <node id="-1283" lat="33.5483504" lon="130.4540138" />
  <node id="-1284" lat="33.548679" lon="130.4540044" />
  <node id="-1285" lat="33.548916" lon="130.4539762" />
  <node id="-1286" lat="33.5490914" lon="130.4539467" />
  <node id="-1287" lat="33.549249" lon="130.4539092" />
  <node id="-1288" lat="33.5493016" lon="130.4538891" />
  <node id="-1289" lat="33.5499018" lon="130.453763" />
  <node id="-1290" lat="33.5499618" lon="130.4537447" />
  <node id="-1291" lat="33.5500515" lon="130.4537174" />
  <node id="-1292" lat="33.5508104" lon="130.453527" />
  <node id="-1293" lat="33.5523059" lon="130.4532292" />
  <node id="-1294" lat="33.5523662" lon="130.4532239" />
  <node id="-1295" lat="33.5524065" lon="130.4532239" />
  <node id="-1296" lat="33.5524691" lon="130.4532306" />
  <node id="-1297" lat="33.5527976" lon="130.4533124" />
  <node id="-1298" lat="33.5530078" lon="130.4533392" />
  <node id="-1299" lat="33.5545032" lon="130.4532561" />
  <node id="-1300" lat="33.5551318" lon="130.4532448" />
  <node id="-1301" lat="33.5554732" lon="130.4532386" />
  <node id="-1302" lat="33.5555917" lon="130.4532266" />
  <node id="-1303" lat="33.5564266" lon="130.4531917" />
  <node id="-1304" lat="33.5564277" lon="130.4532118" />
  <node id="-1305" lat="33.5574749" lon="130.4531769" />
  <node id="-1306" lat="33.5576749" lon="130.4531609" />
  <node id="-1307" lat="33.5578425" lon="130.4531233" />
  <node id="-1308" lat="33.5579409" lon="130.4530857" />
  <node id="-1309" lat="33.5580035" lon="130.4530522" />
  <node id="-1310" lat="33.5580739" lon="130.453012" />
  <node id="-1311" lat="33.5581711" lon="130.4529423" />
  <node id="-1312" lat="33.5592071" lon="130.4522194" />
  <node id="-1313" lat="33.5602498" lon="130.4515327" />
  <node id="-1314" lat="33.5604029" lon="130.4514509" />
  <node id="-1315" lat="33.5604778" lon="130.4514067" />
  <node id="-1316" lat="33.5605917" lon="130.4513302" />
  <node id="-1317" lat="33.5611449" lon="130.4509842" />
  <node id="-1318" lat="33.5616959" lon="130.450661" />
  <node id="-1319" lat="33.5617808" lon="130.4506087" />
  <node id="-1320" lat="33.5626681" lon="130.4500589" />
  <node id="-1321" lat="33.5628447" lon="130.4499274" />
  <node id="-1322" lat="33.5630961" lon="130.4497021" />
  <node id="-1323" lat="33.5631732" lon="130.4496378" />
  <node id="-1324" lat="33.5632358" lon="130.4495881" />
  <node id="-1325" lat="33.5633353" lon="130.4494943" />
  <node id="-1326" lat="33.5638784" lon="130.448986" />
  <node id="-1327" lat="33.5649601" lon="130.4479842" />
  <node id="-1328" lat="33.5658496" lon="130.4471473" />
  <node id="-1329" lat="33.5660173" lon="130.4470038" />
  <node id="-1330" lat="33.5660776" lon="130.4469395" />
  <node id="-1331" lat="33.5661212" lon="130.4469073" />
  <node id="-1332" lat="33.5671023" lon="130.4460289" />
  <node id="-1333" lat="33.5671738" lon="130.4459618" />
  <node id="-1334" lat="33.5672319" lon="130.4459028" />
  <node id="-1335" lat="33.5673292" lon="130.4457901" />
  <node id="-1336" lat="33.5673605" lon="130.4457499" />
  <node id="-1337" lat="33.5674163" lon="130.4456507" />
  <node id="-1338" lat="33.5674443" lon="130.445585" />
  <node id="-1339" lat="33.5675001" lon="130.4454468" />
  <node id="-1340" lat="33.5679728" lon="130.4439542" />
  <node id="-1341" lat="33.5680008" lon="130.4438831" />
  <node id="-1342" lat="33.5680253" lon="130.4438147" />
  <node id="-1343" lat="33.5680818" lon="130.4436849" />
  <node id="-1344" lat="33.5681753" lon="130.4435088" />
  <node id="-1345" lat="33.5682817" lon="130.4433531" />
  <node id="-1346" lat="33.5683684" lon="130.4432487" />
  <node id="-1347" lat="33.5685002" lon="130.4431202" />
  <node id="-1348" lat="33.5686031" lon="130.4430275" />
  <node id="-1349" lat="33.5687249" lon="130.442939" />
  <node id="-1350" lat="33.5687405" lon="130.4429403" />
  <node id="-1351" lat="33.5690797" lon="130.4426938" />
  <node id="-1352" lat="33.569145" lon="130.4426318" />
  <node id="-1353" lat="33.5694275" lon="130.4424468" />
  <node id="-1354" lat="33.5696489" lon="130.4423468" />
  <node id="-1355" lat="33.5701267" lon="130.4422026" />
  <node id="-1356" lat="33.57032" lon="130.4421041" />
  <node id="-1357" lat="33.5705105" lon="130.4419506" />
  <node id="-1358" lat="33.5707609" lon="130.4417176" />
  <node id="-1359" lat="33.5710097" lon="130.4414334" />
  <node id="-1360" lat="33.5711631" lon="130.4412317" />
  <node id="-1361" lat="33.5712301" lon="130.4411057" />
  <node id="-1362" lat="33.5712736" lon="130.4410103" />
  <node id="-1363" lat="33.5714174" lon="130.440503" />
  <node id="-1364" lat="33.5716176" lon="130.4401118" />
  <node id="-1365" lat="33.5717738" lon="130.4398772" />
  <node id="-1366" lat="33.5719782" lon="130.4396952" />
  <node id="-1367" lat="33.5724822" lon="130.4393825" />
  <node id="-1368" lat="33.5726582" lon="130.4392536" />
  <node id="-1369" lat="33.5726808" lon="130.4393069" />
  <node id="-1370" lat="33.5728439" lon="130.4388634" />
  <node id="-1371" lat="33.5726428" lon="130.4389918" />
  <node id="-1372" lat="33.5725865" lon="130.4390411" />
  <node id="-1373" lat="33.5724343" lon="130.4391795" />
  <node id="-1374" lat="33.5723017" lon="130.4392683" />
  <node id="-1375" lat="33.5722281" lon="130.4393331" />
  <node id="-1376" lat="33.5719106" lon="130.4395205" />
  <node id="-1377" lat="33.571905" lon="130.4395555" />
  <node id="-1378" lat="33.5718268" lon="130.4396103" />
  <node id="-1379" lat="33.5717899" lon="130.439609" />
  <node id="-1380" lat="33.5716718" lon="130.4397027" />
  <node id="-1381" lat="33.5716403" lon="130.4397378" />
  <node id="-1382" lat="33.5715952" lon="130.4398122" />
  <node id="-1383" lat="33.5714709" lon="130.4399963" />
  <node id="-1384" lat="33.5712857" lon="130.4403836" />
  <node id="-1385" lat="33.5711156" lon="130.4408863" />
  <node id="-1386" lat="33.571067" lon="130.4409984" />
  <node id="-1387" lat="33.5708916" lon="130.441277" />
  <node id="-1388" lat="33.5706334" lon="130.441563" />
  <node id="-1389" lat="33.5703688" lon="130.4418095" />
  <node id="-1390" lat="33.5702194" lon="130.4419193" />
  <node id="-1391" lat="33.5700673" lon="130.4419806" />
  <node id="-1392" lat="33.5695927" lon="130.4421352" />
  <node id="-1393" lat="33.569331" lon="130.4422623" />
  <node id="-1394" lat="33.5688499" lon="130.4425819" />
  <node id="-1395" lat="33.5687439" lon="130.442652" />
  <node id="-1396" lat="33.5685248" lon="130.4428209" />
  <node id="-1397" lat="33.5683584" lon="130.4429526" />
  <node id="-1398" lat="33.5682656" lon="130.4430503" />
  <node id="-1399" lat="33.5681125" lon="130.4432324" />
  <node id="-1400" lat="33.5680064" lon="130.4433879" />
  <node id="-1401" lat="33.5679036" lon="130.4435619" />
  <node id="-1402" lat="33.5679002" lon="130.4436001" />
  <node id="-1403" lat="33.5677225" lon="130.4441245" />
  <node id="-1404" lat="33.5674599" lon="130.4449385" />
  <node id="-1405" lat="33.5673046" lon="130.4454267" />
  <node id="-1406" lat="33.5672845" lon="130.445483" />
  <node id="-1407" lat="33.5672152" lon="130.4455997" />
  <node id="-1408" lat="33.5671794" lon="130.4456493" />
  <node id="-1409" lat="33.5671347" lon="130.4457271" />
  <node id="-1410" lat="33.5669928" lon="130.4458572" />
  <node id="-1411" lat="33.5659781" lon="130.4467759" />
  <node id="-1412" lat="33.5659167" lon="130.4468147" />
  <node id="-1413" lat="33.5657044" lon="130.4470065" />
  <node id="-1414" lat="33.565691" lon="130.4470414" />
  <node id="-1415" lat="33.5632604" lon="130.4492891" />
  <node id="-1416" lat="33.5632213" lon="130.4492998" />
  <node id="-1417" lat="33.5631431" lon="130.4493803" />
  <node id="-1418" lat="33.5630783" lon="130.4494567" />
  <node id="-1419" lat="33.5628335" lon="130.4496807" />
  <node id="-1420" lat="33.5626659" lon="130.4498148" />
  <node id="-1421" lat="33.5624413" lon="130.4499663" />
  <node id="-1422" lat="33.5620658" lon="130.450201" />
  <node id="-1423" lat="33.5616635" lon="130.4504384" />
  <node id="-1424" lat="33.5615662" lon="130.4504961" />
  <node id="-1425" lat="33.5610421" lon="130.4508086" />
  <node id="-1426" lat="33.560518" lon="130.4511438" />
  <node id="-1427" lat="33.5603749" lon="130.4512122" />
  <node id="-1428" lat="33.5602922" lon="130.4512632" />
  <node id="-1429" lat="33.559501" lon="130.4517701" />
  <node id="-1430" lat="33.558797" lon="130.4522583" />
  <node id="-1431" lat="33.5580817" lon="130.4527599" />
  <node id="-1432" lat="33.5580504" lon="130.4527652" />
  <node id="-1433" lat="33.557942" lon="130.452843" />
  <node id="-1434" lat="33.5578291" lon="130.4528926" />
  <node id="-1435" lat="33.5577375" lon="130.4529262" />
  <node id="-1436" lat="33.5576034" lon="130.4529543" />
  <node id="-1437" lat="33.5564064" lon="130.4530106" />
  <node id="-1438" lat="33.5564053" lon="130.4530442" />
  <node id="-1439" lat="33.5561192" lon="130.4530522" />
  <node id="-1440" lat="33.5557955" lon="130.4530797" />
  <node id="-1441" lat="33.5557247" lon="130.4530857" />
  <node id="-1442" lat="33.5554934" lon="130.4530911" />
  <node id="-1443" lat="33.555385" lon="130.453079" />
  <node id="-1444" lat="33.5550631" lon="130.4530978" />
  <node id="-1445" lat="33.5544316" lon="130.453134" />
  <node id="-1446" lat="33.553837" lon="130.4531676" />
  <node id="-1447" lat="33.553761" lon="130.4531609" />
  <node id="-1448" lat="33.5530357" lon="130.4532038" />
  <node id="-1449" lat="33.5529183" lon="130.4531984" />
  <node id="-1450" lat="33.5528479" lon="130.4531823" />
  <node id="-1451" lat="33.5527283" lon="130.4531448" />
  <node id="-1452" lat="33.5525316" lon="130.4530871" />
  <node id="-1453" lat="33.5524467" lon="130.4530804" />
  <node id="-1454" lat="33.5523629" lon="130.4530844" />
  <node id="-1455" lat="33.5522567" lon="130.4530992" />
  <node id="-1456" lat="33.5520823" lon="130.4531461" />
  <way id="59967342">
    <nd ref="-1457" />
    <nd ref="-1458" />
    <nd ref="-1459" />
    <nd ref="-1460" />
    <nd ref="-1461" />
    <nd ref="-1462" />
    <nd ref="-1463" />
    <nd ref="-1464" />
    <nd ref="-1465" />
    <nd ref="-1466" />
    <nd ref="-1467" />
    <nd ref="-1468" />
    <nd ref="-1469" />
    <nd ref="-1470" />
    <nd ref="-1471" />
    <nd ref="-1472" />
    <nd ref="-1473" />
    <nd ref="-1474" />
    <nd ref="-1475" />
    <nd ref="-1476" />
    <nd ref="-1477" />
    <nd ref="-1478" />
    <nd ref="-1479" />
    <nd ref="-1480" />
    <nd ref="-1481" />
    <nd ref="-1482" />
    <nd ref="-1483" />
    <nd ref="-1484" />
    <nd ref="-1485" />
    <nd ref="-1486" />
    <nd ref="-1487" />
    <nd ref="-1488" />
    <nd ref="-1489" />
    <nd ref="-1490" />
    <nd ref="-1491" />
    <nd ref="-1492" />
    <nd ref="-1493" />
    <nd ref="-1494" />
    <nd ref="-1495" />
    <nd ref="-1496" />
    <nd ref="-1497" />
    <nd ref="-1498" />
    <nd ref="-1499" />
    <nd ref="-1500" />
    <nd ref="-1501" />
    <nd ref="-1502" />
    <nd ref="-1503" />
    <nd ref="-1504" />
    <nd ref="-1505" />
    <nd ref="-1506" />
    <nd ref="-1507" />
    <nd ref="-1508" />
    <nd ref="-1509" />
    <nd ref="-1510" />
    <nd ref="-1511" />
    <nd ref="-1512" />
    <nd ref="-1513" />
    <nd ref="-1514" />
    <nd ref="-1515" />
    <nd ref="-1516" />
    <nd ref="-1517" />
    <nd ref="-1518" />
    <nd ref="-1519" />
    <nd ref="-1520" />
    <nd ref="-1521" />
    <nd ref="-1522" />
    <nd ref="-1523" />
    <nd ref="-1524" />
    <nd ref="-1525" />
    <nd ref="-1526" />
    <nd ref="-1527" />
    <nd ref="-1528" />
    <nd ref="-1529" />
    <nd ref="-1530" />
    <nd ref="-1531" />
    <nd ref="-1532" />
    <nd ref="-1533" />
    <nd ref="-1534" />
    <nd ref="-1535" />
    <nd ref="-1536" />
    <nd ref="-1537" />
    <nd ref="-1538" />
    <nd ref="-1539" />
    <nd ref="-1540" />
    <nd ref="-1541" />
    <nd ref="-1542" />
    <nd ref="-1543" />
    <nd ref="-1544" />
    <nd ref="-1545" />
    <nd ref="-1546" />
    <nd ref="-1547" />
    <tag k="note" v="National-Land Numerical Information (River) 2006, MLIT Japan" />
    <tag k="note:ja" v="国土数値情報(河川データ)平成18年国土交通省" />
    <tag k="source" v="KSJ2" />
    <tag k="source_ref" v="http://nlftp.mlit.go.jp/ksj/jpgis/datalist/KsjTmplt-W05.html" />
    <tag k="waterway" v="stream" />
  </way>
  <node id="-1457" lat="33.5657411" lon="130.4151201" />
  <node id="-1458" lat="33.5657318" lon="130.4150537" />
  <node id="-1459" lat="33.5657644" lon="130.4148741" />
  <node id="-1460" lat="33.5657883" lon="130.4147876" />
  <node id="-1461" lat="33.5658114" lon="130.4147302" />
  <node id="-1462" lat="33.5658427" lon="130.4146705" />
  <node id="-1463" lat="33.5658767" lon="130.4146165" />
  <node id="-1464" lat="33.5659139" lon="130.4145709" />
  <node id="-1465" lat="33.5661266" lon="130.4143397" />
  <node id="-1466" lat="33.566162" lon="130.4142936" />
  <node id="-1467" lat="33.5667027" lon="130.4136927" />
  <node id="-1468" lat="33.5667522" lon="130.4136385" />
  <node id="-1469" lat="33.5671586" lon="130.4131848" />
  <node id="-1470" lat="33.5673925" lon="130.4129117" />
  <node id="-1471" lat="33.5674311" lon="130.4128723" />
  <node id="-1472" lat="33.5677116" lon="130.4125859" />
  <node id="-1473" lat="33.5677544" lon="130.4125477" />
  <node id="-1474" lat="33.5680537" lon="130.4122443" />
  <node id="-1475" lat="33.5680786" lon="130.4122285" />
  <node id="-1476" lat="33.5681435" lon="130.4121616" />
  <node id="-1477" lat="33.5682191" lon="130.4120893" />
  <node id="-1478" lat="33.5682585" lon="130.412049" />
  <node id="-1479" lat="33.568391" lon="130.4118981" />
  <node id="-1480" lat="33.5684512" lon="130.4118203" />
  <node id="-1481" lat="33.5685209" lon="130.4117539" />
  <node id="-1482" lat="33.5686079" lon="130.4116651" />
  <node id="-1483" lat="33.5687404" lon="130.4115154" />
  <node id="-1484" lat="33.5688555" lon="130.4113628" />
  <node id="-1485" lat="33.5689719" lon="130.4112121" />
  <node id="-1486" lat="33.5690178" lon="130.4111569" />
  <node id="-1487" lat="33.569054" lon="130.4111197" />
  <node id="-1488" lat="33.5692232" lon="130.4109523" />
  <node id="-1489" lat="33.5693882" lon="130.410783" />
  <node id="-1490" lat="33.5694175" lon="130.4107571" />
  <node id="-1491" lat="33.5695518" lon="130.4105141" />
  <node id="-1492" lat="33.5696168" lon="130.4103981" />
  <node id="-1493" lat="33.5696826" lon="130.4102833" />
  <node id="-1494" lat="33.5698155" lon="130.4100873" />
  <node id="-1495" lat="33.5700189" lon="130.4098062" />
  <node id="-1496" lat="33.570048" lon="130.4097543" />
  <node id="-1497" lat="33.5703133" lon="130.4093832" />
  <node id="-1498" lat="33.5703993" lon="130.4092534" />
  <node id="-1499" lat="33.5705182" lon="130.4090795" />
  <node id="-1500" lat="33.5705719" lon="130.4090197" />
  <node id="-1501" lat="33.5711173" lon="130.4082631" />
  <node id="-1502" lat="33.5714769" lon="130.4077925" />
  <node id="-1503" lat="33.5715105" lon="130.4077529" />
  <node id="-1504" lat="33.5724118" lon="130.4066213" />
  <node id="-1505" lat="33.5724568" lon="130.4065651" />
  <node id="-1506" lat="33.5731145" lon="130.4055677" />
  <node id="-1507" lat="33.5732611" lon="130.4053336" />
  <node id="-1508" lat="33.5732736" lon="130.4053078" />
  <node id="-1509" lat="33.5736416" lon="130.4046808" />
  <node id="-1510" lat="33.5737885" lon="130.404456" />
  <node id="-1511" lat="33.5738996" lon="130.4043047" />
  <node id="-1512" lat="33.5739087" lon="130.4042979" />
  <node id="-1513" lat="33.5745303" lon="130.4034676" />
  <node id="-1514" lat="33.5745656" lon="130.4034233" />
  <node id="-1515" lat="33.5749903" lon="130.4028542" />
  <node id="-1516" lat="33.5750113" lon="130.402826" />
  <node id="-1517" lat="33.5752816" lon="130.4024749" />
  <node id="-1518" lat="33.5753491" lon="130.4023672" />
  <node id="-1519" lat="33.5754188" lon="130.4022817" />
  <node id="-1520" lat="33.5759427" lon="130.4015684" />
  <node id="-1521" lat="33.5759633" lon="130.4015494" />
  <node id="-1522" lat="33.5761594" lon="130.4012872" />
  <node id="-1523" lat="33.5761925" lon="130.4012454" />
  <node id="-1524" lat="33.5764214" lon="130.4009349" />
  <node id="-1525" lat="33.576598" lon="130.4007092" />
  <node id="-1526" lat="33.5766614" lon="130.4006382" />
  <node id="-1527" lat="33.576715" lon="130.4006033" />
  <node id="-1528" lat="33.5767692" lon="130.4005805" />
  <node id="-1529" lat="33.5768601" lon="130.4005775" />
  <node id="-1530" lat="33.5769524" lon="130.4005839" />
  <node id="-1531" lat="33.5770971" lon="130.400611" />
  <node id="-1532" lat="33.5773664" lon="130.4006504" />
  <node id="-1533" lat="33.579019" lon="130.400827" />
  <node id="-1534" lat="33.5801823" lon="130.4009523" />
  <node id="-1535" lat="33.5802391" lon="130.4009505" />
  <node id="-1536" lat="33.5805138" lon="130.4009803" />
  <node id="-1537" lat="33.5809521" lon="130.4010275" />
  <node id="-1538" lat="33.5815728" lon="130.4011359" />
  <node id="-1539" lat="33.5819679" lon="130.4011566" />
  <node id="-1540" lat="33.5828476" lon="130.4012687" />
  <node id="-1541" lat="33.5836545" lon="130.4014119" />
  <node id="-1542" lat="33.5843694" lon="130.4014869" />
  <node id="-1543" lat="33.5846839" lon="130.4014636" />
  <node id="-1544" lat="33.5848976" lon="130.4014742" />
  <node id="-1545" lat="33.5850134" lon="130.4015013" />
  <node id="-1546" lat="33.5853373" lon="130.4017202" />
  <node id="-1547" lat="33.5856348" lon="130.4019212" />
  <way id="59967397">
    <nd ref="-1548" />
    <nd ref="-1549" />
    <nd ref="-1550" />
    <nd ref="-1551" />
    <nd ref="-1552" />
    <nd ref="-1553" />
    <nd ref="-1554" />
    <nd ref="-1555" />
    <nd ref="-1556" />
    <nd ref="-1557" />
    <nd ref="-1558" />
    <nd ref="-1559" />
    <nd ref="-1560" />
    <nd ref="-1561" />
    <nd ref="-1562" />
    <nd ref="-1563" />
    <nd ref="-1564" />
    <nd ref="-1565" />
    <nd ref="-1566" />
    <tag k="name" v="若久川" />
    <tag k="name:ja" v="若久川" />
    <tag k="note" v="National-Land Numerical Information (River) 2006, MLIT Japan" />
    <tag k="note:ja" v="国土数値情報(河川データ)平成18年国土交通省" />
    <tag k="source" v="KSJ2" />
    <tag k="source_ref" v="http://nlftp.mlit.go.jp/ksj/jpgis/datalist/KsjTmplt-W05.html" />
    <tag k="waterway" v="river" />
  </way>
  <node id="-1548" lat="33.5629413" lon="130.4145382" />
  <node id="-1549" lat="33.5631685" lon="130.4146519" />
  <node id="-1550" lat="33.5632313" lon="130.4146583" />
  <node id="-1551" lat="33.5634007" lon="130.4146879" />
  <node id="-1552" lat="33.5634905" lon="130.4147251" />
  <node id="-1553" lat="33.5637159" lon="130.4148325" />
  <node id="-1554" lat="33.5638442" lon="130.4148444" />
  <node id="-1555" lat="33.5639531" lon="130.414863" />
  <node id="-1556" lat="33.5641679" lon="130.414856" />
  <node id="-1557" lat="33.5642563" lon="130.4148762" />
  <node id="-1558" lat="33.5643623" lon="130.4149419" />
  <node id="-1559" lat="33.5645677" lon="130.4150275" />
  <node id="-1560" lat="33.5647657" lon="130.4151205" />
  <node id="-1561" lat="33.5649947" lon="130.4151832" />
  <node id="-1562" lat="33.5653205" lon="130.4151653" />
  <node id="-1563" lat="33.5653684" lon="130.4151543" />
  <node id="-1564" lat="33.5656496" lon="130.4151023" />
  <node id="-1565" lat="33.5656994" lon="130.4151036" />
  <node id="-1566" lat="33.5657411" lon="130.4151201" />
  <way id="59967488">
    <nd ref="-1567" />
    <nd ref="-1568" />
    <nd ref="-1569" />
    <nd ref="-1570" />
    <nd ref="-1571" />
    <nd ref="-1572" />
    <nd ref="-1573" />
    <nd ref="-1574" />
    <nd ref="-1575" />
    <nd ref="-1576" />
    <nd ref="-1577" />
    <nd ref="-1578" />
    <nd ref="-1579" />
    <nd ref="-1580" />
    <nd ref="-1581" />
    <nd ref="-1582" />
    <nd ref="-1583" />
    <nd ref="-1584" />
    <nd ref="-1585" />
    <nd ref="-1586" />
    <nd ref="-1587" />
    <nd ref="-1588" />
    <nd ref="-1589" />
    <nd ref="-1590" />
    <nd ref="-1591" />
    <nd ref="-1592" />
    <nd ref="-1593" />
    <nd ref="-1594" />
    <nd ref="-1595" />
    <nd ref="-1596" />
    <tag k="name" v="若久川" />
    <tag k="name:ja" v="若久川" />
    <tag k="note" v="National-Land Numerical Information (River) 2006, MLIT Japan" />
    <tag k="note:ja" v="国土数値情報(河川データ)平成18年国土交通省" />
    <tag k="source" v="KSJ2" />
    <tag k="source_ref" v="http://nlftp.mlit.go.jp/ksj/jpgis/datalist/KsjTmplt-W05.html" />
    <tag k="waterway" v="river" />
  </way>
  <node id="-1567" lat="33.5564962" lon="130.4165729" />
  <node id="-1568" lat="33.556676" lon="130.4165674" />
  <node id="-1569" lat="33.5568145" lon="130.4165663" />
  <node id="-1570" lat="33.556946" lon="130.4165346" />
  <node id="-1571" lat="33.5571607" lon="130.4164254" />
  <node id="-1572" lat="33.5572506" lon="130.4163718" />
  <node id="-1573" lat="33.557318" lon="130.416328" />
  <node id="-1574" lat="33.557374" lon="130.416261" />
  <node id="-1575" lat="33.557425" lon="130.41616" />
  <node id="-1576" lat="33.5575939" lon="130.4157853" />
  <node id="-1577" lat="33.5576945" lon="130.4154834" />
  <node id="-1578" lat="33.557754" lon="130.4153491" />
  <node id="-1579" lat="33.5578404" lon="130.4152362" />
  <node id="-1580" lat="33.5579258" lon="130.4151688" />
  <node id="-1581" lat="33.5580056" lon="130.4151121" />
  <node id="-1582" lat="33.5581196" lon="130.4150841" />
  <node id="-1583" lat="33.5582423" lon="130.415089" />
  <node id="-1584" lat="33.5585195" lon="130.4151309" />
  <node id="-1585" lat="33.5587992" lon="130.4151613" />
  <node id="-1586" lat="33.559105" lon="130.4151907" />
  <node id="-1587" lat="33.5594582" lon="130.4152511" />
  <node id="-1588" lat="33.5599399" lon="130.4152129" />
  <node id="-1589" lat="33.560509" lon="130.4152414" />
  <node id="-1590" lat="33.5606279" lon="130.415231" />
  <node id="-1591" lat="33.561416" lon="130.4151192" />
  <node id="-1592" lat="33.5620752" lon="130.4150264" />
  <node id="-1593" lat="33.5623156" lon="130.4149697" />
  <node id="-1594" lat="33.562487" lon="130.4148563" />
  <node id="-1595" lat="33.5626083" lon="130.4147496" />
  <node id="-1596" lat="33.5629413" lon="130.4145382" />
  <way id="59967821">
    <nd ref="-1597" />
    <nd ref="-1598" />
    <nd ref="-1599" />
    <nd ref="-1600" />
    <nd ref="-1601" />
    <nd ref="-1602" />
    <nd ref="-1603" />
    <nd ref="-1604" />
    <nd ref="-1605" />
    <nd ref="-1606" />
    <nd ref="-1607" />
    <nd ref="-1608" />
    <nd ref="-1609" />
    <nd ref="-1610" />
    <nd ref="-1611" />
    <nd ref="-1612" />
    <nd ref="-1613" />
    <nd ref="-1614" />
    <nd ref="-1615" />
    <nd ref="-1616" />
    <nd ref="-1617" />
    <tag k="name" v="若久川" />
    <tag k="name:ja" v="若久川" />
    <tag k="note" v="National-Land Numerical Information (River) 2006, MLIT Japan" />
    <tag k="note:ja" v="国土数値情報(河川データ)平成18年国土交通省" />
    <tag k="source" v="KSJ2" />
    <tag k="source_ref" v="http://nlftp.mlit.go.jp/ksj/jpgis/datalist/KsjTmplt-W05.html" />
    <tag k="waterway" v="river" />
  </way>
  <node id="-1597" lat="33.5657411" lon="130.4151201" />
  <node id="-1598" lat="33.5661201" lon="130.415238" />
  <node id="-1599" lat="33.5664701" lon="130.4154439" />
  <node id="-1600" lat="33.567125" lon="130.4157188" />
  <node id="-1601" lat="33.5682248" lon="130.4162157" />
  <node id="-1602" lat="33.5695472" lon="130.4168157" />
  <node id="-1603" lat="33.5701164" lon="130.4170834" />
  <node id="-1604" lat="33.5704379" lon="130.4172389" />
  <node id="-1605" lat="33.5707971" lon="130.4174795" />
  <node id="-1606" lat="33.5708725" lon="130.4175485" />
  <node id="-1607" lat="33.5709419" lon="130.4176182" />
  <node id="-1608" lat="33.5711379" lon="130.4178849" />
  <node id="-1609" lat="33.5713673" lon="130.4182121" />
  <node id="-1610" lat="33.5717336" lon="130.4187536" />
  <node id="-1611" lat="33.5720513" lon="130.4190805" />
  <node id="-1612" lat="33.5738571" lon="130.4203432" />
  <node id="-1613" lat="33.5741225" lon="130.4205306" />
  <node id="-1614" lat="33.5742863" lon="130.4206095" />
  <node id="-1615" lat="33.5744557" lon="130.4206274" />
  <node id="-1616" lat="33.5748897" lon="130.4206766" />
  <node id="-1617" lat="33.5749077" lon="130.4206796" />
  <way id="59968113">
    <nd ref="-1618" />
    <nd ref="-1619" />
    <nd ref="-1620" />
    <nd ref="-1621" />
    <nd ref="-1622" />
    <nd ref="-1623" />
    <nd ref="-1624" />
    <nd ref="-1625" />
    <nd ref="-1626" />
    <nd ref="-1627" />
    <nd ref="-1628" />
    <nd ref="-1629" />
    <nd ref="-1630" />
    <nd ref="-1631" />
    <nd ref="-1632" />
    <nd ref="-1633" />
    <nd ref="-1634" />
    <nd ref="-1635" />
    <nd ref="-1636" />
    <nd ref="-1637" />
    <nd ref="-1638" />
    <nd ref="-1639" />
    <nd ref="-1640" />
    <nd ref="-1641" />
    <nd ref="-1642" />
    <nd ref="-1643" />
    <nd ref="-1644" />
    <nd ref="-1645" />
    <nd ref="-1646" />
    <nd ref="-1647" />
    <nd ref="-1648" />
    <nd ref="-1649" />
    <nd ref="-1650" />
    <nd ref="-1651" />
    <nd ref="-1652" />
    <nd ref="-1653" />
    <nd ref="-1654" />
    <tag k="name" v="諸岡川" />
    <tag k="name:ja" v="諸岡川" />
    <tag k="note" v="National-Land Numerical Information (River) 2006, MLIT Japan" />
    <tag k="note:ja" v="国土数値情報(河川データ)平成18年国土交通省" />
    <tag k="source" v="KSJ2" />
    <tag k="source_ref" v="http://nlftp.mlit.go.jp/ksj/jpgis/datalist/KsjTmplt-W05.html" />
    <tag k="waterway" v="river" />
  </way>
  <node id="-1618" lat="33.5473885" lon="130.4535045" />
  <node id="-1619" lat="33.5475793" lon="130.4535735" />
  <node id="-1620" lat="33.5476963" lon="130.4536157" />
  <node id="-1621" lat="33.5480067" lon="130.4538857" />
  <node id="-1622" lat="33.5482264" lon="130.4539186" />
  <node id="-1623" lat="33.5485413" lon="130.4539175" />
  <node id="-1624" lat="33.5488903" lon="130.4538703" />
  <node id="-1625" lat="33.5498968" lon="130.4536686" />
  <node id="-1626" lat="33.5502521" lon="130.4535952" />
  <node id="-1627" lat="33.5516219" lon="130.4532668" />
  <node id="-1628" lat="33.5518028" lon="130.4532405" />
  <node id="-1629" lat="33.5520955" lon="130.4531979" />
  <node id="-1630" lat="33.5525255" lon="130.4531648" />
  <node id="-1631" lat="33.5528245" lon="130.4532574" />
  <node id="-1632" lat="33.5530331" lon="130.4532597" />
  <node id="-1633" lat="33.553105" lon="130.4532773" />
  <node id="-1634" lat="33.5563639" lon="130.4531182" />
  <node id="-1635" lat="33.5574594" lon="130.4530716" />
  <node id="-1636" lat="33.5578526" lon="130.4530106" />
  <node id="-1637" lat="33.558083" lon="130.4528838" />
  <node id="-1638" lat="33.56067" lon="130.451166" />
  <node id="-1639" lat="33.56251" lon="130.450052" />
  <node id="-1640" lat="33.5632896" lon="130.4493768" />
  <node id="-1641" lat="33.5671224" lon="130.4458764" />
  <node id="-1642" lat="33.5674024" lon="130.4454368" />
  <node id="-1643" lat="33.5677341" lon="130.4442825" />
  <node id="-1644" lat="33.5679927" lon="130.4436234" />
  <node id="-1645" lat="33.5680909" lon="130.4434484" />
  <node id="-1646" lat="33.5681971" lon="130.4432928" />
  <node id="-1647" lat="33.568317" lon="130.4431495" />
  <node id="-1648" lat="33.5684293" lon="130.4430364" />
  <node id="-1649" lat="33.568564" lon="130.4429242" />
  <node id="-1650" lat="33.5693993" lon="130.4423496" />
  <node id="-1651" lat="33.569621" lon="130.4422215" />
  <node id="-1652" lat="33.5701023" lon="130.4420797" />
  <node id="-1653" lat="33.5702669" lon="130.4420176" />
  <node id="-1654" lat="33.5704596" lon="130.4418639" />
  <way id="59968776">
    <nd ref="-1655" />
    <nd ref="-1656" />
    <nd ref="-1657" />
    <nd ref="-1658" />
    <nd ref="-1659" />
    <nd ref="-1660" />
    <nd ref="-1661" />
    <nd ref="-1662" />
    <nd ref="-1663" />
    <nd ref="-1664" />
    <nd ref="-1665" />
    <nd ref="-1666" />
    <nd ref="-1667" />
    <nd ref="-1668" />
    <nd ref="-1669" />
    <nd ref="-1670" />
    <nd ref="-1671" />
    <nd ref="-1672" />
    <nd ref="-1673" />
    <nd ref="-1674" />
    <nd ref="-1675" />
    <nd ref="-1676" />
    <nd ref="-1677" />
    <nd ref="-1678" />
    <nd ref="-1679" />
    <nd ref="-1680" />
    <nd ref="-1681" />
    <nd ref="-1682" />
    <nd ref="-1683" />
    <nd ref="-1684" />
    <nd ref="-1685" />
    <nd ref="-1686" />
    <nd ref="-1687" />
    <nd ref="-1688" />
    <nd ref="-1689" />
    <nd ref="-1690" />
    <nd ref="-1691" />
    <nd ref="-1692" />
    <nd ref="-1693" />
    <nd ref="-1694" />
    <nd ref="-1695" />
    <nd ref="-1696" />
    <nd ref="-1697" />
    <nd ref="-1698" />
    <nd ref="-1699" />
    <nd ref="-1700" />
    <nd ref="-1701" />
    <nd ref="-1702" />
    <nd ref="-1703" />
    <nd ref="-1704" />
    <nd ref="-1705" />
    <nd ref="-1706" />
    <nd ref="-1707" />
    <nd ref="-1708" />
    <nd ref="-1709" />
    <nd ref="-1710" />
    <nd ref="-1711" />
    <nd ref="-1712" />
    <nd ref="-1713" />
    <nd ref="-1714" />
    <nd ref="-1715" />
    <nd ref="-1716" />
    <nd ref="-1717" />
    <nd ref="-1718" />
    <nd ref="-1719" />
    <nd ref="-1720" />
    <nd ref="-1721" />
    <nd ref="-1722" />
    <nd ref="-1723" />
    <nd ref="-1724" />
    <nd ref="-1725" />
    <nd ref="-1726" />
    <nd ref="-1727" />
    <nd ref="-1728" />
    <nd ref="-1729" />
    <nd ref="-1730" />
    <nd ref="-1731" />
    <nd ref="-1732" />
    <nd ref="-1733" />
    <nd ref="-1734" />
    <nd ref="-1735" />
    <nd ref="-1736" />
    <nd ref="-1737" />
    <nd ref="-1738" />
    <nd ref="-1739" />
    <nd ref="-1740" />
    <nd ref="-1741" />
    <nd ref="-1742" />
    <nd ref="-1743" />
    <nd ref="-1744" />
    <nd ref="-1745" />
    <nd ref="-1746" />
    <nd ref="-1747" />
    <nd ref="-1748" />
    <nd ref="-1749" />
    <nd ref="-1750" />
    <nd ref="-1751" />
    <nd ref="-1752" />
    <nd ref="-1753" />
    <nd ref="-1754" />
    <nd ref="-1755" />
    <nd ref="-1756" />
    <nd ref="-1757" />
    <nd ref="-1758" />
    <nd ref="-1759" />
    <nd ref="-1760" />
    <nd ref="-1761" />
    <nd ref="-1762" />
    <nd ref="-1763" />
    <nd ref="-1764" />
    <nd ref="-1765" />
    <nd ref="-1766" />
    <nd ref="-1767" />
    <nd ref="-1768" />
    <nd ref="-1769" />
    <nd ref="-1770" />
    <nd ref="-1771" />
    <nd ref="-1772" />
    <nd ref="-1773" />
    <nd ref="-1774" />
    <nd ref="-1775" />
    <nd ref="-1776" />
    <nd ref="-1777" />
    <nd ref="-1778" />
    <nd ref="-1779" />
    <nd ref="-1780" />
    <nd ref="-1781" />
    <nd ref="-1782" />
    <nd ref="-1783" />
    <nd ref="-1784" />
    <nd ref="-1785" />
    <nd ref="-1786" />
    <nd ref="-1787" />
    <nd ref="-1788" />
    <nd ref="-1789" />
    <nd ref="-1790" />
    <nd ref="-1791" />
    <nd ref="-1792" />
    <nd ref="-1793" />
    <nd ref="-1794" />
    <nd ref="-1795" />
    <nd ref="-1796" />
    <nd ref="-1797" />
    <tag k="name" v="宇美川" />
    <tag k="name:en" v="Umi River" />
    <tag k="name:ja" v="宇美川" />
    <tag k="note" v="National-Land Numerical Information (River) 2006, MLIT Japan" />
    <tag k="note:ja" v="国土数値情報(河川データ)平成18年国土交通省" />
    <tag k="source" v="KSJ2" />
    <tag k="source_ref" v="http://nlftp.mlit.go.jp/ksj/jpgis/datalist/KsjTmplt-W05.html" />
    <tag k="waterway" v="river" />
  </way>
  <node id="-1655" lat="33.5839425" lon="130.4789446" />
  <node id="-1656" lat="33.5841341" lon="130.478912" />
  <node id="-1657" lat="33.5848447" lon="130.4790908" />
  <node id="-1658" lat="33.5855347" lon="130.4790352" />
  <node id="-1659" lat="33.5858078" lon="130.4791118" />
  <node id="-1660" lat="33.586172" lon="130.4789287" />
  <node id="-1661" lat="33.5865063" lon="130.4786635" />
  <node id="-1662" lat="33.5867667" lon="130.4783798" />
  <node id="-1663" lat="33.5870761" lon="130.4780456" />
  <node id="-1664" lat="33.5871769" lon="130.4778863" />
  <node id="-1665" lat="33.5879048" lon="130.4774984" />
  <node id="-1666" lat="33.5881172" lon="130.4775023" />
  <node id="-1667" lat="33.588242" lon="130.477465" />
  <node id="-1668" lat="33.5886037" lon="130.4773262" />
  <node id="-1669" lat="33.5889756" lon="130.4773036" />
  <node id="-1670" lat="33.5890859" lon="130.4773366" />
  <node id="-1671" lat="33.5892935" lon="130.477357" />
  <node id="-1672" lat="33.5895867" lon="130.477291" />
  <node id="-1673" lat="33.5899637" lon="130.4769793" />
  <node id="-1674" lat="33.5901194" lon="130.4766748" />
  <node id="-1675" lat="33.5905552" lon="130.4764153" />
  <node id="-1676" lat="33.5909045" lon="130.476317" />
  <node id="-1677" lat="33.5912032" lon="130.4760898" />
  <node id="-1678" lat="33.5916431" lon="130.4755923" />
  <node id="-1679" lat="33.5917241" lon="130.4753618" />
  <node id="-1680" lat="33.5918035" lon="130.4748805" />
  <node id="-1681" lat="33.5917903" lon="130.4740701" />
  <node id="-1682" lat="33.5917314" lon="130.4737609" />
  <node id="-1683" lat="33.5918654" lon="130.4730508" />
  <node id="-1684" lat="33.5922374" lon="130.4724139" />
  <node id="-1685" lat="33.5925706" lon="130.4720423" />
  <node id="-1686" lat="33.592946" lon="130.4718224" />
  <node id="-1687" lat="33.5931785" lon="130.4718192" />
  <node id="-1688" lat="33.5935462" lon="130.4715214" />
  <node id="-1689" lat="33.593708" lon="130.4713282" />
  <node id="-1690" lat="33.5938909" lon="130.4712829" />
  <node id="-1691" lat="33.5942097" lon="130.4710422" />
  <node id="-1692" lat="33.594392" lon="130.4708343" />
  <node id="-1693" lat="33.5944829" lon="130.4706138" />
  <node id="-1694" lat="33.5945732" lon="130.4703963" />
  <node id="-1695" lat="33.5946958" lon="130.4701893" />
  <node id="-1696" lat="33.5947612" lon="130.4699836" />
  <node id="-1697" lat="33.5948416" lon="130.4697682" />
  <node id="-1698" lat="33.594987" lon="130.4695823" />
  <node id="-1699" lat="33.5951645" lon="130.4692026" />
  <node id="-1700" lat="33.5952247" lon="130.4689782" />
  <node id="-1701" lat="33.5952002" lon="130.4686619" />
  <node id="-1702" lat="33.595113" lon="130.4682877" />
  <node id="-1703" lat="33.5950568" lon="130.4677334" />
  <node id="-1704" lat="33.5950424" lon="130.4675659" />
  <node id="-1705" lat="33.5949965" lon="130.4673566" />
  <node id="-1706" lat="33.5950015" lon="130.4671675" />
  <node id="-1707" lat="33.5950926" lon="130.4668832" />
  <node id="-1708" lat="33.5952422" lon="130.4665616" />
  <node id="-1709" lat="33.5954249" lon="130.4663737" />
  <node id="-1710" lat="33.595575" lon="130.4662908" />
  <node id="-1711" lat="33.5958483" lon="130.4663016" />
  <node id="-1712" lat="33.5960747" lon="130.4663848" />
  <node id="-1713" lat="33.596186" lon="130.466447" />
  <node id="-1714" lat="33.5963881" lon="130.4664689" />
  <node id="-1715" lat="33.5965466" lon="130.4664319" />
  <node id="-1716" lat="33.5969799" lon="130.4660314" />
  <node id="-1717" lat="33.5972363" lon="130.4656985" />
  <node id="-1718" lat="33.5979531" lon="130.4651789" />
  <node id="-1719" lat="33.598362" lon="130.464716" />
  <node id="-1720" lat="33.598804" lon="130.464307" />
  <node id="-1721" lat="33.599848" lon="130.463373" />
  <node id="-1722" lat="33.600394" lon="130.462247" />
  <node id="-1723" lat="33.60097" lon="130.460862" />
  <node id="-1724" lat="33.60128" lon="130.460259" />
  <node id="-1725" lat="33.601398" lon="130.459889" />
  <node id="-1726" lat="33.601343" lon="130.459352" />
  <node id="-1727" lat="33.601026" lon="130.458289" />
  <node id="-1728" lat="33.60089" lon="130.457787" />
  <node id="-1729" lat="33.600964" lon="130.457274" />
  <node id="-1730" lat="33.601417" lon="130.456581" />
  <node id="-1731" lat="33.601603" lon="130.456193" />
  <node id="-1732" lat="33.601541" lon="130.455723" />
  <node id="-1733" lat="33.601452" lon="130.455444" />
  <node id="-1734" lat="33.601094" lon="130.454327" />
  <node id="-1735" lat="33.601107" lon="130.453592" />
  <node id="-1736" lat="33.601194" lon="130.452428" />
  <node id="-1737" lat="33.601094" lon="130.45162" />
  <node id="-1738" lat="33.601096" lon="130.451602" />
  <node id="-1739" lat="33.601188" lon="130.450807" />
  <node id="-1740" lat="33.601222" lon="130.45075" />
  <node id="-1741" lat="33.60135" lon="130.450541" />
  <node id="-1742" lat="33.601466" lon="130.450352" />
  <node id="-1743" lat="33.602241" lon="130.449945" />
  <node id="-1744" lat="33.602636" lon="130.449523" />
  <node id="-1745" lat="33.602693" lon="130.449397" />
  <node id="-1746" lat="33.602909" lon="130.448915" />
  <node id="-1747" lat="33.603066" lon="130.448703" />
  <node id="-1748" lat="33.603101" lon="130.448656" />
  <node id="-1749" lat="33.603349" lon="130.448508" />
  <node id="-1750" lat="33.603908" lon="130.448183" />
  <node id="-1751" lat="33.603987" lon="130.448137" />
  <node id="-1752" lat="33.604284" lon="130.447789" />
  <node id="-1753" lat="33.604354" lon="130.44767" />
  <node id="-1754" lat="33.604777" lon="130.446942" />
  <node id="-1755" lat="33.604797" lon="130.446908" />
  <node id="-1756" lat="33.604799" lon="130.446889" />
  <node id="-1757" lat="33.604871" lon="130.446231" />
  <node id="-1758" lat="33.604797" lon="130.445543" />
  <node id="-1759" lat="33.604819" lon="130.445447" />
  <node id="-1760" lat="33.604888" lon="130.445142" />
  <node id="-1761" lat="33.604933" lon="130.444946" />
  <node id="-1762" lat="33.605061" lon="130.44474" />
  <node id="-1763" lat="33.605193" lon="130.444528" />
  <node id="-1764" lat="33.605429" lon="130.444079" />
  <node id="-1765" lat="33.605947" lon="130.443071" />
  <node id="-1766" lat="33.606369" lon="130.442388" />
  <node id="-1767" lat="33.606418" lon="130.442296" />
  <node id="-1768" lat="33.606636" lon="130.441886" />
  <node id="-1769" lat="33.606716" lon="130.441558" />
  <node id="-1770" lat="33.606718" lon="130.441465" />
  <node id="-1771" lat="33.606721" lon="130.441362" />
  <node id="-1772" lat="33.606723" lon="130.441273" />
  <node id="-1773" lat="33.606702" lon="130.441199" />
  <node id="-1774" lat="33.606555" lon="130.44068" />
  <node id="-1775" lat="33.606551" lon="130.440657" />
  <node id="-1776" lat="33.606444" lon="130.440102" />
  <node id="-1777" lat="33.606401" lon="130.439879" />
  <node id="-1778" lat="33.606367" lon="130.439436" />
  <node id="-1779" lat="33.606338" lon="130.43904" />
  <node id="-1780" lat="33.606332" lon="130.43896" />
  <node id="-1781" lat="33.606335" lon="130.438928" />
  <node id="-1782" lat="33.606368" lon="130.438583" />
  <node id="-1783" lat="33.606394" lon="130.438315" />
  <node id="-1784" lat="33.606512" lon="130.437934" />
  <node id="-1785" lat="33.606629" lon="130.437772" />
  <node id="-1786" lat="33.606847" lon="130.437469" />
  <node id="-1787" lat="33.606868" lon="130.437445" />
  <node id="-1788" lat="33.607058" lon="130.437236" />
  <node id="-1789" lat="33.607273" lon="130.436549" />
  <node id="-1790" lat="33.60738" lon="130.436205" />
  <node id="-1791" lat="33.607602" lon="130.435731" />
  <node id="-1792" lat="33.607861" lon="130.435176" />
  <node id="-1793" lat="33.60788" lon="130.434899" />
  <node id="-1794" lat="33.607924" lon="130.434235" />
  <node id="-1795" lat="33.608159" lon="130.433473" />
  <node id="-1796" lat="33.608352" lon="130.433128" />
  <node id="-1797" lat="33.608623" lon="130.432642" />
  <way id="59969072">
    <nd ref="-1798" />
    <nd ref="-1799" />
    <nd ref="-1800" />
    <nd ref="-1801" />
    <nd ref="-1802" />
    <nd ref="-1803" />
    <nd ref="-1804" />
    <nd ref="-1805" />
    <nd ref="-1806" />
    <nd ref="-1807" />
    <nd ref="-1808" />
    <nd ref="-1809" />
    <nd ref="-1810" />
    <nd ref="-1811" />
    <nd ref="-1812" />
    <nd ref="-1813" />
    <nd ref="-1814" />
    <nd ref="-1815" />
    <nd ref="-1816" />
    <nd ref="-1817" />
    <nd ref="-1818" />
    <nd ref="-1819" />
    <nd ref="-1820" />
    <nd ref="-1821" />
    <nd ref="-1822" />
    <nd ref="-1823" />
    <nd ref="-1824" />
    <nd ref="-1825" />
    <nd ref="-1826" />
    <nd ref="-1827" />
    <nd ref="-1828" />
    <nd ref="-1829" />
    <nd ref="-1830" />
    <nd ref="-1831" />
    <nd ref="-1832" />
    <nd ref="-1833" />
    <nd ref="-1834" />
    <nd ref="-1835" />
    <nd ref="-1836" />
    <nd ref="-1837" />
    <nd ref="-1838" />
    <nd ref="-1839" />
    <nd ref="-1840" />
    <nd ref="-1841" />
    <nd ref="-1842" />
    <nd ref="-1843" />
    <nd ref="-1844" />
    <nd ref="-1845" />
    <nd ref="-1846" />
    <nd ref="-1847" />
    <nd ref="-1848" />
    <nd ref="-1849" />
    <nd ref="-1850" />
    <nd ref="-1851" />
    <nd ref="-1852" />
    <nd ref="-1853" />
    <nd ref="-1854" />
    <nd ref="-1855" />
    <nd ref="-1856" />
    <nd ref="-1857" />
    <nd ref="-1858" />
    <nd ref="-1859" />
    <nd ref="-1860" />
    <nd ref="-1861" />
    <tag k="note" v="National-Land Numerical Information (River) 2006, MLIT Japan" />
    <tag k="note:ja" v="国土数値情報(河川データ)平成18年国土交通省" />
    <tag k="source" v="KSJ2" />
    <tag k="source_ref" v="http://nlftp.mlit.go.jp/ksj/jpgis/datalist/KsjTmplt-W05.html" />
    <tag k="waterway" v="stream" />
  </way>
  <node id="-1798" lat="33.5666569" lon="130.4344451" />
  <node id="-1799" lat="33.5666898" lon="130.4344437" />
  <node id="-1800" lat="33.5668311" lon="130.4344759" />
  <node id="-1801" lat="33.5668822" lon="130.4344705" />
  <node id="-1802" lat="33.5669297" lon="130.4344561" />
  <node id="-1803" lat="33.5669677" lon="130.4344209" />
  <node id="-1804" lat="33.5669883" lon="130.4343753" />
  <node id="-1805" lat="33.5670255" lon="130.4342084" />
  <node id="-1806" lat="33.5671153" lon="130.4339567" />
  <node id="-1807" lat="33.5671774" lon="130.4339046" />
  <node id="-1808" lat="33.5672825" lon="130.4338858" />
  <node id="-1809" lat="33.5673877" lon="130.4338778" />
  <node id="-1810" lat="33.5676477" lon="130.433876" />
  <node id="-1811" lat="33.5677523" lon="130.4338575" />
  <node id="-1812" lat="33.5678441" lon="130.4338173" />
  <node id="-1813" lat="33.5678901" lon="130.4337641" />
  <node id="-1814" lat="33.5679287" lon="130.4337019" />
  <node id="-1815" lat="33.5680374" lon="130.4335139" />
  <node id="-1816" lat="33.5681108" lon="130.4334312" />
  <node id="-1817" lat="33.5682126" lon="130.4333272" />
  <node id="-1818" lat="33.5682914" lon="130.4332606" />
  <node id="-1819" lat="33.5684057" lon="130.4331974" />
  <node id="-1820" lat="33.568494" lon="130.4331722" />
  <node id="-1821" lat="33.5685849" lon="130.433172" />
  <node id="-1822" lat="33.5686495" lon="130.4331752" />
  <node id="-1823" lat="33.5687234" lon="130.43319" />
  <node id="-1824" lat="33.5687887" lon="130.433241" />
  <node id="-1825" lat="33.5688405" lon="130.4333001" />
  <node id="-1826" lat="33.5690121" lon="130.4336811" />
  <node id="-1827" lat="33.5690595" lon="130.4337225" />
  <node id="-1828" lat="33.5691342" lon="130.4337183" />
  <node id="-1829" lat="33.5692434" lon="130.433631" />
  <node id="-1830" lat="33.569433" lon="130.4335613" />
  <node id="-1831" lat="33.5695324" lon="130.4335132" />
  <node id="-1832" lat="33.5697437" lon="130.4333837" />
  <node id="-1833" lat="33.5698802" lon="130.4332988" />
  <node id="-1834" lat="33.5699966" lon="130.4331286" />
  <node id="-1835" lat="33.5700539" lon="130.433005" />
  <node id="-1836" lat="33.5700943" lon="130.432941" />
  <node id="-1837" lat="33.5701271" lon="130.4329145" />
  <node id="-1838" lat="33.5701675" lon="130.4329135" />
  <node id="-1839" lat="33.5702126" lon="130.4329351" />
  <node id="-1840" lat="33.5703899" lon="130.4330019" />
  <node id="-1841" lat="33.5704666" lon="130.4330042" />
  <node id="-1842" lat="33.5705278" lon="130.4329839" />
  <node id="-1843" lat="33.570581" lon="130.4329424" />
  <node id="-1844" lat="33.5706183" lon="130.4328787" />
  <node id="-1845" lat="33.5706284" lon="130.432827" />
  <node id="-1846" lat="33.5706664" lon="130.4327401" />
  <node id="-1847" lat="33.5707066" lon="130.4326782" />
  <node id="-1848" lat="33.5707552" lon="130.4326304" />
  <node id="-1849" lat="33.5708594" lon="130.4325536" />
  <node id="-1850" lat="33.570905" lon="130.4325219" />
  <node id="-1851" lat="33.5710461" lon="130.4323995" />
  <node id="-1852" lat="33.571152" lon="130.4322747" />
  <node id="-1853" lat="33.5712373" lon="130.4321662" />
  <node id="-1854" lat="33.5712458" lon="130.4321283" />
  <node id="-1855" lat="33.5712446" lon="130.4320934" />
  <node id="-1856" lat="33.5710881" lon="130.4318532" />
  <node id="-1857" lat="33.5709803" lon="130.4316826" />
  <node id="-1858" lat="33.570812" lon="130.4314085" />
  <node id="-1859" lat="33.5707633" lon="130.4312643" />
  <node id="-1860" lat="33.5707488" lon="130.4311546" />
  <node id="-1861" lat="33.5707582" lon="130.430966" />
  <way id="59969368">
    <nd ref="-1862" />
    <nd ref="-1863" />
    <nd ref="-1864" />
    <nd ref="-1865" />
    <nd ref="-1866" />
    <nd ref="-1867" />
    <nd ref="-1868" />
    <nd ref="-1869" />
    <nd ref="-1870" />
    <nd ref="-1871" />
    <nd ref="-1872" />
    <nd ref="-1873" />
    <nd ref="-1874" />
    <nd ref="-1875" />
    <nd ref="-1876" />
    <nd ref="-1877" />
    <nd ref="-1878" />
    <nd ref="-1879" />
    <tag k="layer" v="-1" />
    <tag k="name" v="御笠川放水路" />
    <tag k="name:ja" v="御笠川放水路" />
    <tag k="note" v="National-Land Numerical Information (River) 2006, MLIT Japan" />
    <tag k="note:ja" v="国土数値情報(河川データ)平成18年国土交通省" />
    <tag k="source" v="KSJ2" />
    <tag k="source_ref" v="http://nlftp.mlit.go.jp/ksj/jpgis/datalist/KsjTmplt-W05.html" />
    <tag k="tunnel" v="culvert" />
    <tag k="waterway" v="river" />
  </way>
  <node id="-1862" lat="33.5764057" lon="130.4373615" />
  <node id="-1863" lat="33.57619" lon="130.437048" />
  <node id="-1864" lat="33.5766012" lon="130.4367777" />
  <node id="-1865" lat="33.5770811" lon="130.4363641" />
  <node id="-1866" lat="33.5772888" lon="130.4361544" />
  <node id="-1867" lat="33.577523" lon="130.4359178" />
  <node id="-1868" lat="33.5781193" lon="130.4353247" />
  <node id="-1869" lat="33.579502" lon="130.432669" />
  <node id="-1870" lat="33.578138" lon="130.431132" />
  <node id="-1871" lat="33.5755993" lon="130.4284275" />
  <node id="-1872" lat="33.57471" lon="130.427159" />
  <node id="-1873" lat="33.5743882" lon="130.42743" />
  <node id="-1874" lat="33.5741529" lon="130.4275773" />
  <node id="-1875" lat="33.5738911" lon="130.4276982" />
  <node id="-1876" lat="33.5734269" lon="130.427621" />
  <node id="-1877" lat="33.57296" lon="130.426954" />
  <node id="-1878" lat="33.57297" lon="130.426614" />
  <node id="-1879" lat="33.573342" lon="130.426177" />
  <way id="59969416">
    <nd ref="-1880" />
    <nd ref="-1881" />
    <nd ref="-1882" />
    <nd ref="-1883" />
    <nd ref="-1884" />
    <nd ref="-1885" />
    <nd ref="-1886" />
    <nd ref="-1887" />
    <nd ref="-1888" />
    <nd ref="-1889" />
    <nd ref="-1890" />
    <nd ref="-1891" />
    <tag k="name" v="上牟田川" />
    <tag k="name:ja" v="上牟田川" />
    <tag k="note" v="National-Land Numerical Information (River) 2006, MLIT Japan" />
    <tag k="note:ja" v="国土数値情報(河川データ)平成18年国土交通省" />
    <tag k="source" v="KSJ2" />
    <tag k="source_ref" v="http://nlftp.mlit.go.jp/ksj/jpgis/datalist/KsjTmplt-W05.html" />
    <tag k="waterway" v="river" />
  </way>
  <node id="-1880" lat="33.5843563" lon="130.4332135" />
  <node id="-1881" lat="33.584529" lon="130.4335717" />
  <node id="-1882" lat="33.5848307" lon="130.4341346" />
  <node id="-1883" lat="33.5849497" lon="130.4343049" />
  <node id="-1884" lat="33.5852893" lon="130.43495" />
  <node id="-1885" lat="33.5854583" lon="130.4352722" />
  <node id="-1886" lat="33.586187" lon="130.4366706" />
  <node id="-1887" lat="33.5863439" lon="130.4369683" />
  <node id="-1888" lat="33.5864641" lon="130.4373311" />
  <node id="-1889" lat="33.58653" lon="130.4374934" />
  <node id="-1890" lat="33.5867013" lon="130.4380198" />
  <node id="-1891" lat="33.5867855" lon="130.438273" />
  <way id="59969660">
    <nd ref="-1892" />
    <nd ref="-1893" />
    <nd ref="-1894" />
    <nd ref="-1895" />
    <nd ref="-1896" />
    <nd ref="-1897" />
    <nd ref="-1898" />
    <tag k="note" v="National-Land Numerical Information (River) 2006, MLIT Japan" />
    <tag k="note:ja" v="国土数値情報(河川データ)平成18年国土交通省" />
    <tag k="source" v="KSJ2" />
    <tag k="source_ref" v="http://nlftp.mlit.go.jp/ksj/jpgis/datalist/KsjTmplt-W05.html" />
    <tag k="waterway" v="stream" />
  </way>
  <node id="-1892" lat="33.5874735" lon="130.4396797" />
  <node id="-1893" lat="33.587503" lon="130.4396696" />
  <node id="-1894" lat="33.5875332" lon="130.4396593" />
  <node id="-1895" lat="33.5878075" lon="130.4396331" />
  <node id="-1896" lat="33.5878915" lon="130.4395998" />
  <node id="-1897" lat="33.5881645" lon="130.4395832" />
  <node id="-1898" lat="33.5887639" lon="130.4397972" />
  <way id="59970172">
    <nd ref="-1899" />
    <nd ref="-1900" />
    <tag k="layer" v="-1" />
    <tag k="name" v="吉塚新川" />
    <tag k="name:ja" v="吉塚新川" />
    <tag k="note" v="National-Land Numerical Information (River) 2006, MLIT Japan" />
    <tag k="note:ja" v="国土数値情報(河川データ)平成18年国土交通省" />
    <tag k="source" v="KSJ2" />
    <tag k="source_ref" v="http://nlftp.mlit.go.jp/ksj/jpgis/datalist/KsjTmplt-W05.html" />
    <tag k="tunnel" v="yes" />
    <tag k="waterway" v="river" />
  </way>
  <node id="-1899" lat="33.598018" lon="130.448141" />
  <node id="-1900" lat="33.598595" lon="130.44836" />
  <way id="59970621">
    <nd ref="-1901" />
    <nd ref="-1902" />
    <nd ref="-1903" />
    <nd ref="-1904" />
    <nd ref="-1905" />
    <nd ref="-1906" />
    <nd ref="-1907" />
    <nd ref="-1908" />
    <nd ref="-1909" />
    <nd ref="-1910" />
    <nd ref="-1911" />
    <nd ref="-1912" />
    <nd ref="-1913" />
    <nd ref="-1914" />
    <nd ref="-1915" />
    <nd ref="-1916" />
    <nd ref="-1917" />
    <nd ref="-1918" />
    <nd ref="-1919" />
    <nd ref="-1920" />
    <nd ref="-1921" />
    <nd ref="-1922" />
    <nd ref="-1923" />
    <nd ref="-1924" />
    <nd ref="-1925" />
    <tag k="name" v="那珂川" />
    <tag k="name:en" v="Naka River" />
    <tag k="name:ja" v="那珂川" />
    <tag k="note" v="National-Land Numerical Information (River) 2006, MLIT Japan" />
    <tag k="note:ja" v="国土数値情報(河川データ)平成18年国土交通省" />
    <tag k="source" v="KSJ2" />
    <tag k="source_ref" v="http://nlftp.mlit.go.jp/ksj/jpgis/datalist/KsjTmplt-W05.html" />
    <tag k="waterway" v="river" />
  </way>
  <node id="-1901" lat="33.5749077" lon="130.4206796" />
  <node id="-1902" lat="33.575286" lon="130.420069" />
  <node id="-1903" lat="33.57537" lon="130.419924" />
  <node id="-1904" lat="33.575468" lon="130.419756" />
  <node id="-1905" lat="33.575519" lon="130.419586" />
  <node id="-1906" lat="33.575654" lon="130.41914" />
  <node id="-1907" lat="33.575759" lon="130.418796" />
  <node id="-1908" lat="33.576158" lon="130.417411" />
  <node id="-1909" lat="33.576303" lon="130.416908" />
  <node id="-1910" lat="33.576693" lon="130.415688" />
  <node id="-1911" lat="33.576772" lon="130.415556" />
  <node id="-1912" lat="33.576974" lon="130.415224" />
  <node id="-1913" lat="33.577152" lon="130.41493" />
  <node id="-1914" lat="33.5776674" lon="130.4143267" />
  <node id="-1915" lat="33.577755" lon="130.4142242" />
  <node id="-1916" lat="33.579491" lon="130.413013" />
  <node id="-1917" lat="33.580587" lon="130.412177" />
  <node id="-1918" lat="33.581751" lon="130.410785" />
  <node id="-1919" lat="33.582865" lon="130.409821" />
  <node id="-1920" lat="33.583853" lon="130.409625" />
  <node id="-1921" lat="33.584464" lon="130.409613" />
  <node id="-1922" lat="33.5860343" lon="130.4095832" />
  <node id="-1923" lat="33.586258" lon="130.409579" />
  <node id="-1924" lat="33.586624" lon="130.409582" />
  <node id="-1925" lat="33.587846" lon="130.409544" />
  <way id="59971434">
    <nd ref="-1926" />
    <nd ref="-1927" />
    <nd ref="-1928" />
    <nd ref="-1929" />
    <nd ref="-1930" />
    <nd ref="-1931" />
    <nd ref="-1932" />
    <nd ref="-1933" />
    <nd ref="-1934" />
    <nd ref="-1935" />
    <nd ref="-1936" />
    <nd ref="-1937" />
    <nd ref="-1938" />
    <nd ref="-1939" />
    <nd ref="-1940" />
    <nd ref="-1941" />
    <nd ref="-1942" />
    <nd ref="-1943" />
    <nd ref="-1944" />
    <nd ref="-1945" />
    <nd ref="-1946" />
    <nd ref="-1947" />
    <nd ref="-1948" />
    <nd ref="-1949" />
    <nd ref="-1950" />
    <nd ref="-1951" />
    <nd ref="-1952" />
    <nd ref="-1953" />
    <nd ref="-1954" />
    <nd ref="-1955" />
    <nd ref="-1956" />
    <nd ref="-1957" />
    <nd ref="-1958" />
    <nd ref="-1959" />
    <nd ref="-1960" />
    <nd ref="-1961" />
    <nd ref="-1962" />
    <nd ref="-1963" />
    <nd ref="-1964" />
    <nd ref="-1965" />
    <nd ref="-1966" />
    <nd ref="-1967" />
    <nd ref="-1968" />
    <nd ref="-1969" />
    <nd ref="-1970" />
    <nd ref="-1971" />
    <nd ref="-1972" />
    <nd ref="-1973" />
    <nd ref="-1974" />
    <nd ref="-1975" />
    <nd ref="-1976" />
    <nd ref="-1977" />
    <nd ref="-1978" />
    <nd ref="-1979" />
    <nd ref="-1980" />
    <nd ref="-1981" />
    <nd ref="-1982" />
    <nd ref="-1983" />
    <nd ref="-1984" />
    <nd ref="-1985" />
    <nd ref="-1986" />
    <nd ref="-1987" />
    <nd ref="-1988" />
    <nd ref="-1989" />
    <nd ref="-1990" />
    <nd ref="-1991" />
    <nd ref="-1992" />
    <nd ref="-1993" />
    <nd ref="-1994" />
    <nd ref="-1995" />
    <tag k="name" v="那珂川" />
    <tag k="name:en" v="Naka River" />
    <tag k="name:ja" v="那珂川" />
    <tag k="note" v="National-Land Numerical Information (River) 2006, MLIT Japan" />
    <tag k="note:ja" v="国土数値情報(河川データ)平成18年国土交通省" />
    <tag k="source" v="KSJ2" />
    <tag k="source_ref" v="http://nlftp.mlit.go.jp/ksj/jpgis/datalist/KsjTmplt-W05.html" />
    <tag k="waterway" v="river" />
  </way>
  <node id="-1926" lat="33.533745" lon="130.4273374" />
  <node id="-1927" lat="33.5344146" lon="130.4276862" />
  <node id="-1928" lat="33.5351317" lon="130.4282809" />
  <node id="-1929" lat="33.5358542" lon="130.4287152" />
  <node id="-1930" lat="33.5364353" lon="130.4294018" />
  <node id="-1931" lat="33.5367999" lon="130.4298438" />
  <node id="-1932" lat="33.5373946" lon="130.4305087" />
  <node id="-1933" lat="33.5375449" lon="130.4306338" />
  <node id="-1934" lat="33.5377214" lon="130.4308612" />
  <node id="-1935" lat="33.5378646" lon="130.431051" />
  <node id="-1936" lat="33.5380529" lon="130.4312879" />
  <node id="-1937" lat="33.538341" lon="130.431519" />
  <node id="-1938" lat="33.538606" lon="130.43161" />
  <node id="-1939" lat="33.5386538" lon="130.4316199" />
  <node id="-1940" lat="33.5391671" lon="130.4317263" />
  <node id="-1941" lat="33.539308" lon="130.4318377" />
  <node id="-1942" lat="33.5395839" lon="130.431842" />
  <node id="-1943" lat="33.5396904" lon="130.4317367" />
  <node id="-1944" lat="33.5399961" lon="130.4317126" />
  <node id="-1945" lat="33.5407446" lon="130.4313978" />
  <node id="-1946" lat="33.5415" lon="130.430859" />
  <node id="-1947" lat="33.542474" lon="130.430364" />
  <node id="-1948" lat="33.54334" lon="130.4300808" />
  <node id="-1949" lat="33.5436923" lon="130.4300545" />
  <node id="-1950" lat="33.5441451" lon="130.4300952" />
  <node id="-1951" lat="33.5447666" lon="130.4303634" />
  <node id="-1952" lat="33.545484" lon="130.4306471" />
  <node id="-1953" lat="33.5464158" lon="130.4310884" />
  <node id="-1954" lat="33.5468218" lon="130.4312802" />
  <node id="-1955" lat="33.5472211" lon="130.4316115" />
  <node id="-1956" lat="33.5485287" lon="130.4326748" />
  <node id="-1957" lat="33.5494527" lon="130.4330782" />
  <node id="-1958" lat="33.5506043" lon="130.4331522" />
  <node id="-1959" lat="33.5514607" lon="130.4333646" />
  <node id="-1960" lat="33.5517476" lon="130.4335649" />
  <node id="-1961" lat="33.552594" lon="130.434156" />
  <node id="-1962" lat="33.552824" lon="130.434248" />
  <node id="-1963" lat="33.55362" lon="130.434568" />
  <node id="-1964" lat="33.555191" lon="130.434824" />
  <node id="-1965" lat="33.5557636" lon="130.4348227" />
  <node id="-1966" lat="33.558059" lon="130.433949" />
  <node id="-1967" lat="33.5591161" lon="130.4335328" />
  <node id="-1968" lat="33.5591675" lon="130.4335126" />
  <node id="-1969" lat="33.5607129" lon="130.4334265" />
  <node id="-1970" lat="33.5615933" lon="130.4335005" />
  <node id="-1971" lat="33.5620603" lon="130.4334827" />
  <node id="-1972" lat="33.563758" lon="130.433394" />
  <node id="-1973" lat="33.5647521" lon="130.4330059" />
  <node id="-1974" lat="33.5659624" lon="130.432486" />
  <node id="-1975" lat="33.5663147" lon="130.4323105" />
  <node id="-1976" lat="33.5669097" lon="130.43185" />
  <node id="-1977" lat="33.5673646" lon="130.431319" />
  <node id="-1978" lat="33.5679315" lon="130.4306047" />
  <node id="-1979" lat="33.5685428" lon="130.4294874" />
  <node id="-1980" lat="33.5692111" lon="130.4283811" />
  <node id="-1981" lat="33.569692" lon="130.4278763" />
  <node id="-1982" lat="33.5702853" lon="130.4274299" />
  <node id="-1983" lat="33.5712109" lon="130.4267426" />
  <node id="-1984" lat="33.5719857" lon="130.4260854" />
  <node id="-1985" lat="33.5728487" lon="130.4251767" />
  <node id="-1986" lat="33.573607" lon="130.424441" />
  <node id="-1987" lat="33.573899" lon="130.424052" />
  <node id="-1988" lat="33.573909" lon="130.424039" />
  <node id="-1989" lat="33.573912" lon="130.424031" />
  <node id="-1990" lat="33.574299" lon="130.422923" />
  <node id="-1991" lat="33.574531" lon="130.421642" />
  <node id="-1992" lat="33.574535" lon="130.421616" />
  <node id="-1993" lat="33.574536" lon="130.42161" />
  <node id="-1994" lat="33.574538" lon="130.421606" />
  <node id="-1995" lat="33.5749077" lon="130.4206796" />
  <way id="59972178">
    <nd ref="-1996" />
    <nd ref="-1997" />
    <nd ref="-1998" />
    <nd ref="-1999" />
    <nd ref="-2000" />
    <nd ref="-2001" />
    <nd ref="-2002" />
    <nd ref="-2003" />
    <nd ref="-2004" />
    <nd ref="-2005" />
    <nd ref="-2006" />
    <nd ref="-2007" />
    <nd ref="-2008" />
    <nd ref="-2009" />
    <nd ref="-2010" />
    <nd ref="-2011" />
    <nd ref="-2012" />
    <nd ref="-2013" />
    <tag k="name" v="薬院新川" />
    <tag k="name:en" v="Yakuin Shinkawa River" />
    <tag k="name:ja" v="薬院新川" />
    <tag k="note" v="National-Land Numerical Information (River) 2006, MLIT Japan" />
    <tag k="note:ja" v="国土数値情報(河川データ)平成18年国土交通省" />
    <tag k="source" v="KSJ2" />
    <tag k="source_ref" v="http://nlftp.mlit.go.jp/ksj/jpgis/datalist/KsjTmplt-W05.html" />
    <tag k="waterway" v="river" />
  </way>
  <node id="-1996" lat="33.5868047" lon="130.4026119" />
  <node id="-1997" lat="33.587005" lon="130.4027602" />
  <node id="-1998" lat="33.587716" lon="130.402914" />
  <node id="-1999" lat="33.5879901" lon="130.4030025" />
  <node id="-2000" lat="33.5882039" lon="130.4030851" />
  <node id="-2001" lat="33.5882537" lon="130.4031191" />
  <node id="-2002" lat="33.5883585" lon="130.4031876" />
  <node id="-2003" lat="33.5886582" lon="130.4034098" />
  <node id="-2004" lat="33.5886681" lon="130.4034239" />
  <node id="-2005" lat="33.5888138" lon="130.4035237" />
  <node id="-2006" lat="33.589408" lon="130.40381" />
  <node id="-2007" lat="33.5899115" lon="130.4039752" />
  <node id="-2008" lat="33.5903951" lon="130.403892" />
  <node id="-2009" lat="33.5906209" lon="130.4037894" />
  <node id="-2010" lat="33.5913209" lon="130.4034711" />
  <node id="-2011" lat="33.5920159" lon="130.4031705" />
  <node id="-2012" lat="33.5927118" lon="130.4028357" />
  <node id="-2013" lat="33.593395" lon="130.402504" />
  <way id="59972237">
    <nd ref="-2014" />
    <nd ref="-2015" />
    <nd ref="-2016" />
    <nd ref="-2017" />
    <nd ref="-2018" />
    <nd ref="-2019" />
    <nd ref="-2020" />
    <nd ref="-2021" />
    <nd ref="-2022" />
    <nd ref="-2023" />
    <nd ref="-2024" />
    <nd ref="-2025" />
    <nd ref="-2026" />
    <nd ref="-2027" />
    <nd ref="-2028" />
    <nd ref="-2029" />
    <nd ref="-2030" />
    <nd ref="-2031" />
    <nd ref="-2032" />
    <tag k="note" v="National-Land Numerical Information (River) 2006, MLIT Japan" />
    <tag k="note:ja" v="国土数値情報(河川データ)平成18年国土交通省" />
    <tag k="source" v="KSJ2" />
    <tag k="source_ref" v="http://nlftp.mlit.go.jp/ksj/jpgis/datalist/KsjTmplt-W05.html" />
    <tag k="waterway" v="stream" />
  </way>
  <node id="-2014" lat="33.56615" lon="130.4631233" />
  <node id="-2015" lat="33.5663382" lon="130.4629756" />
  <node id="-2016" lat="33.5664151" lon="130.4629067" />
  <node id="-2017" lat="33.5664486" lon="130.4628557" />
  <node id="-2018" lat="33.5665113" lon="130.462715" />
  <node id="-2019" lat="33.5665581" lon="130.4626465" />
  <node id="-2020" lat="33.5666017" lon="130.4626076" />
  <node id="-2021" lat="33.5666676" lon="130.4625151" />
  <node id="-2022" lat="33.566747" lon="130.4623273" />
  <node id="-2023" lat="33.5668627" lon="130.4621351" />
  <node id="-2024" lat="33.5669671" lon="130.4620686" />
  <node id="-2025" lat="33.567061" lon="130.4620202" />
  <node id="-2026" lat="33.5671282" lon="130.4619635" />
  <node id="-2027" lat="33.567288" lon="130.4618883" />
  <node id="-2028" lat="33.5674626" lon="130.4618308" />
  <node id="-2029" lat="33.567563" lon="130.4617673" />
  <node id="-2030" lat="33.5676677" lon="130.4616737" />
  <node id="-2031" lat="33.567795" lon="130.4615325" />
  <node id="-2032" lat="33.5680151" lon="130.4614401" />
  <way id="169474275">
    <nd ref="-2033" />
    <nd ref="-2034" />
    <nd ref="-2035" />
    <nd ref="-2036" />
    <nd ref="-2037" />
    <nd ref="-2038" />
    <nd ref="-2039" />
    <nd ref="-2040" />
    <nd ref="-2041" />
    <nd ref="-2042" />
    <nd ref="-2043" />
    <nd ref="-2044" />
    <tag k="natural" v="water" />
    <tag k="water" v="reservoir" />
  </way>
  <node id="-2033" lat="33.5658821" lon="130.4039436" />
  <node id="-2034" lat="33.5660517" lon="130.4043278" />
  <node id="-2035" lat="33.5657992" lon="130.4044995" />
  <node id="-2036" lat="33.5656005" lon="130.4045096" />
  <node id="-2037" lat="33.565417" lon="130.4046041" />
  <node id="-2038" lat="33.5652742" lon="130.404582" />
  <node id="-2039" lat="33.5652563" lon="130.4045337" />
  <node id="-2040" lat="33.5653813" lon="130.4044646" />
  <node id="-2041" lat="33.5654975" lon="130.4042796" />
  <node id="-2042" lat="33.5657076" lon="130.4040891" />
  <node id="-2043" lat="33.5658486" lon="130.4039329" />
  <node id="-2044" lat="33.5658821" lon="130.4039436" />
  <way id="169674578">
    <nd ref="-2045" />
    <nd ref="-2046" />
    <nd ref="-2047" />
    <nd ref="-2048" />
    <nd ref="-2049" />
    <nd ref="-2050" />
    <nd ref="-2051" />
    <nd ref="-2052" />
    <tag k="natural" v="water" />
    <tag k="water" v="reservoir" />
  </way>
  <node id="-2045" lat="33.5650305" lon="130.4089862" />
  <node id="-2046" lat="33.5650305" lon="130.4090237" />
  <node id="-2047" lat="33.5648875" lon="130.4091256" />
  <node id="-2048" lat="33.5645992" lon="130.4089862" />
  <node id="-2049" lat="33.5645835" lon="130.408895" />
  <node id="-2050" lat="33.5647746" lon="130.4088681" />
  <node id="-2051" lat="33.5649724" lon="130.4089218" />
  <node id="-2052" lat="33.5650305" lon="130.4089862" />
  <way id="170842939">
    <nd ref="-2053" />
    <nd ref="-2054" />
    <nd ref="-2055" />
    <nd ref="-2056" />
    <nd ref="-2057" />
    <nd ref="-2058" />
    <nd ref="-2059" />
    <nd ref="-2060" />
    <nd ref="-2061" />
    <nd ref="-2062" />
    <nd ref="-2063" />
    <tag k="natural" v="water" />
    <tag k="water" v="reservoir" />
  </way>
  <node id="-2053" lat="33.5689908" lon="130.4026803" />
  <node id="-2054" lat="33.56904" lon="130.4030263" />
  <node id="-2055" lat="33.5689931" lon="130.4031122" />
  <node id="-2056" lat="33.5687763" lon="130.4032007" />
  <node id="-2057" lat="33.5685685" lon="130.4031819" />
  <node id="-2058" lat="33.5684656" lon="130.4030719" />
  <node id="-2059" lat="33.5683919" lon="130.4029432" />
  <node id="-2060" lat="33.5684053" lon="130.4026884" />
  <node id="-2061" lat="33.5684963" lon="130.4026756" />
  <node id="-2062" lat="33.5689126" lon="130.4027071" />
  <node id="-2063" lat="33.5689908" lon="130.4026803" />
  <way id="171479178">
    <nd ref="-2064" />
    <nd ref="-2065" />
    <nd ref="-2066" />
    <nd ref="-2067" />
    <nd ref="-2068" />
    <nd ref="-2069" />
    <nd ref="-2070" />
    <nd ref="-2071" />
    <nd ref="-2072" />
    <nd ref="-2073" />
    <nd ref="-2074" />
    <nd ref="-2075" />
    <nd ref="-2076" />
    <nd ref="-2077" />
    <nd ref="-2078" />
    <nd ref="-2079" />
    <nd ref="-2080" />
    <nd ref="-2081" />
    <nd ref="-2082" />
    <nd ref="-2083" />
    <nd ref="-2084" />
    <nd ref="-2085" />
    <nd ref="-2086" />
    <nd ref="-2087" />
    <nd ref="-2088" />
    <nd ref="-2089" />
    <nd ref="-2090" />
    <nd ref="-2091" />
    <nd ref="-2092" />
    <nd ref="-2093" />
    <nd ref="-2094" />
    <nd ref="-2095" />
    <nd ref="-2096" />
    <nd ref="-2097" />
    <nd ref="-2098" />
    <nd ref="-2099" />
    <nd ref="-2100" />
    <nd ref="-2101" />
    <nd ref="-2102" />
    <nd ref="-2103" />
    <nd ref="-2104" />
    <nd ref="-2105" />
    <tag k="name" v="御笠川" />
    <tag k="name:en" v="Mikasa River" />
    <tag k="name:ja" v="御笠川" />
    <tag k="name:ko" v="미카사 강" />
    <tag k="source" v="NRPB of MLIT Japan" />
    <tag k="source:ja" v="国土画像情報（オルソ化空中写真）国土計画局" />
    <tag k="waterway" v="river" />
  </way>
  <node id="-2064" lat="33.5764057" lon="130.4373615" />
  <node id="-2065" lat="33.5765965" lon="130.43722" />
  <node id="-2066" lat="33.5773208" lon="130.4368167" />
  <node id="-2067" lat="33.5778879" lon="130.4368273" />
  <node id="-2068" lat="33.5787318" lon="130.437062" />
  <node id="-2069" lat="33.5790489" lon="130.4370167" />
  <node id="-2070" lat="33.5796423" lon="130.4366874" />
  <node id="-2071" lat="33.5804581" lon="130.4360735" />
  <node id="-2072" lat="33.581249" lon="130.4355002" />
  <node id="-2073" lat="33.581902" lon="130.4350437" />
  <node id="-2074" lat="33.5829796" lon="130.4342793" />
  <node id="-2075" lat="33.5838767" lon="130.4335839" />
  <node id="-2076" lat="33.5843563" lon="130.4332135" />
  <node id="-2077" lat="33.5846624" lon="130.4329893" />
  <node id="-2078" lat="33.5855701" lon="130.4322674" />
  <node id="-2079" lat="33.5861729" lon="130.4317694" />
  <node id="-2080" lat="33.5865468" lon="130.4314605" />
  <node id="-2081" lat="33.5876172" lon="130.4305797" />
  <node id="-2082" lat="33.588381" lon="130.4297867" />
  <node id="-2083" lat="33.589203" lon="130.4287538" />
  <node id="-2084" lat="33.5899959" lon="130.4277717" />
  <node id="-2085" lat="33.5907525" lon="130.4269352" />
  <node id="-2086" lat="33.5918" lon="130.4257203" />
  <node id="-2087" lat="33.5926511" lon="130.4246655" />
  <node id="-2088" lat="33.5931819" lon="130.4240118" />
  <node id="-2089" lat="33.5935313" lon="130.4235816" />
  <node id="-2090" lat="33.5942442" lon="130.4227596" />
  <node id="-2091" lat="33.5947752" lon="130.421523" />
  <node id="-2092" lat="33.5953572" lon="130.4198571" />
  <node id="-2093" lat="33.5958373" lon="130.4184023" />
  <node id="-2094" lat="33.5962956" lon="130.4175002" />
  <node id="-2095" lat="33.5969067" lon="130.4170638" />
  <node id="-2096" lat="33.5975612" lon="130.4168562" />
  <node id="-2097" lat="33.5987677" lon="130.4163301" />
  <node id="-2098" lat="33.5994722" lon="130.4152974" />
  <node id="-2099" lat="33.5997328" lon="130.413507" />
  <node id="-2100" lat="33.6007077" lon="130.4114416" />
  <node id="-2101" lat="33.6025318" lon="130.4093665" />
  <node id="-2102" lat="33.6050895" lon="130.4084399" />
  <node id="-2103" lat="33.6074976" lon="130.4077353" />
  <node id="-2104" lat="33.6086111" lon="130.4067015" />
  <node id="-2105" lat="33.6095824" lon="130.4055009" />
  <way id="171479183">
    <nd ref="-2106" />
    <nd ref="-2107" />
    <nd ref="-2108" />
    <nd ref="-2109" />
    <nd ref="-2110" />
    <nd ref="-2111" />
    <nd ref="-2112" />
    <nd ref="-2113" />
    <nd ref="-2114" />
    <nd ref="-2115" />
    <nd ref="-2116" />
    <nd ref="-2117" />
    <nd ref="-2118" />
    <nd ref="-2119" />
    <nd ref="-2120" />
    <nd ref="-2121" />
    <nd ref="-2122" />
    <nd ref="-2123" />
    <nd ref="-2124" />
    <nd ref="-2125" />
    <nd ref="-2126" />
    <nd ref="-2127" />
    <nd ref="-2128" />
    <nd ref="-2129" />
    <nd ref="-2130" />
    <nd ref="-2131" />
    <nd ref="-2132" />
    <nd ref="-2133" />
    <nd ref="-2134" />
    <nd ref="-2135" />
    <nd ref="-2136" />
    <nd ref="-2137" />
    <nd ref="-2138" />
    <nd ref="-2139" />
    <nd ref="-2140" />
    <nd ref="-2141" />
    <nd ref="-2142" />
    <nd ref="-2143" />
    <nd ref="-2144" />
    <nd ref="-2145" />
    <nd ref="-2146" />
    <nd ref="-2147" />
    <tag k="name" v="御笠川" />
    <tag k="name:en" v="Mikasa River" />
    <tag k="name:ja" v="御笠川" />
    <tag k="source" v="NRPB of MLIT Japan" />
    <tag k="source:ja" v="国土画像情報（オルソ化空中写真）国土計画局" />
    <tag k="waterway" v="river" />
  </way>
  <node id="-2106" lat="33.5688648" lon="130.4555736" />
  <node id="-2107" lat="33.5686284" lon="130.454628" />
  <node id="-2108" lat="33.568458" lon="130.4542146" />
  <node id="-2109" lat="33.5683074" lon="130.4538363" />
  <node id="-2110" lat="33.5682697" lon="130.453172" />
  <node id="-2111" lat="33.5682693" lon="130.4522174" />
  <node id="-2112" lat="33.568352" lon="130.4512113" />
  <node id="-2113" lat="33.568276" lon="130.4505534" />
  <node id="-2114" lat="33.5682505" lon="130.4498541" />
  <node id="-2115" lat="33.5683606" lon="130.4493953" />
  <node id="-2116" lat="33.5685634" lon="130.4489921" />
  <node id="-2117" lat="33.5687258" lon="130.4487216" />
  <node id="-2118" lat="33.5689262" lon="130.4484499" />
  <node id="-2119" lat="33.5691196" lon="130.4482538" />
  <node id="-2120" lat="33.5694903" lon="130.4478621" />
  <node id="-2121" lat="33.5698478" lon="130.4474838" />
  <node id="-2122" lat="33.5702253" lon="130.4472262" />
  <node id="-2123" lat="33.5712002" lon="130.4468125" />
  <node id="-2124" lat="33.5718" lon="130.4464887" />
  <node id="-2125" lat="33.5724583" lon="130.4457614" />
  <node id="-2126" lat="33.5728458" lon="130.4449758" />
  <node id="-2127" lat="33.5734403" lon="130.4442538" />
  <node id="-2128" lat="33.5738675" lon="130.4436359" />
  <node id="-2129" lat="33.573964" lon="130.4433029" />
  <node id="-2130" lat="33.5739945" lon="130.4430442" />
  <node id="-2131" lat="33.5739866" lon="130.4427055" />
  <node id="-2132" lat="33.5738544" lon="130.4423939" />
  <node id="-2133" lat="33.5736853" lon="130.4421461" />
  <node id="-2134" lat="33.5730528" lon="130.4413979" />
  <node id="-2135" lat="33.5728192" lon="130.4408352" />
  <node id="-2136" lat="33.5727684" lon="130.4404606" />
  <node id="-2137" lat="33.5727821" lon="130.4400867" />
  <node id="-2138" lat="33.572856" lon="130.4398519" />
  <node id="-2139" lat="33.5729626" lon="130.4395134" />
  <node id="-2140" lat="33.573227" lon="130.4389183" />
  <node id="-2141" lat="33.5736354" lon="130.4387242" />
  <node id="-2142" lat="33.5741363" lon="130.4384981" />
  <node id="-2143" lat="33.5749185" lon="130.4382403" />
  <node id="-2144" lat="33.5749656" lon="130.4382248" />
  <node id="-2145" lat="33.5754483" lon="130.4380712" />
  <node id="-2146" lat="33.5758664" lon="130.4378548" />
  <node id="-2147" lat="33.5764057" lon="130.4373615" />
  <way id="171479186">
    <nd ref="-2148" />
    <nd ref="-2149" />
    <nd ref="-2150" />
    <nd ref="-2151" />
    <nd ref="-2152" />
    <nd ref="-2153" />
    <nd ref="-2154" />
    <nd ref="-2155" />
    <nd ref="-2156" />
    <nd ref="-2157" />
    <nd ref="-2158" />
    <nd ref="-2159" />
    <nd ref="-2160" />
    <nd ref="-2161" />
    <nd ref="-2162" />
    <nd ref="-2163" />
    <nd ref="-2164" />
    <nd ref="-2165" />
    <nd ref="-2166" />
    <nd ref="-2167" />
    <nd ref="-2168" />
    <nd ref="-2169" />
    <nd ref="-2170" />
    <nd ref="-2171" />
    <nd ref="-2172" />
    <nd ref="-2173" />
    <nd ref="-2174" />
    <nd ref="-2175" />
    <nd ref="-2176" />
    <nd ref="-2177" />
    <nd ref="-2178" />
    <nd ref="-2179" />
    <nd ref="-2180" />
    <nd ref="-2181" />
    <nd ref="-2182" />
    <nd ref="-2183" />
    <nd ref="-2184" />
    <nd ref="-2185" />
    <nd ref="-2186" />
    <nd ref="-2187" />
    <nd ref="-2188" />
    <nd ref="-2189" />
    <nd ref="-2190" />
    <nd ref="-2191" />
    <nd ref="-2192" />
    <nd ref="-2193" />
    <nd ref="-2194" />
    <nd ref="-2195" />
    <nd ref="-2196" />
    <nd ref="-2197" />
    <nd ref="-2198" />
    <nd ref="-2199" />
    <nd ref="-2200" />
    <nd ref="-2201" />
    <nd ref="-2202" />
    <nd ref="-2203" />
    <nd ref="-2204" />
    <nd ref="-2205" />
    <nd ref="-2206" />
    <nd ref="-2207" />
    <nd ref="-2208" />
    <nd ref="-2209" />
    <nd ref="-2210" />
    <tag k="name" v="御笠川" />
    <tag k="name:en" v="Mikasa River" />
    <tag k="name:ja" v="御笠川" />
    <tag k="source" v="landsat" />
    <tag k="waterway" v="river" />
  </way>
  <node id="-2148" lat="33.5455033" lon="130.4798583" />
  <node id="-2149" lat="33.546313" lon="130.4792341" />
  <node id="-2150" lat="33.547059" lon="130.4786164" />
  <node id="-2151" lat="33.5476651" lon="130.4782664" />
  <node id="-2152" lat="33.5480896" lon="130.4779254" />
  <node id="-2153" lat="33.5487188" lon="130.4774976" />
  <node id="-2154" lat="33.5493162" lon="130.4771792" />
  <node id="-2155" lat="33.5500209" lon="130.4765269" />
  <node id="-2156" lat="33.5503249" lon="130.4763042" />
  <node id="-2157" lat="33.5507325" lon="130.4760056" />
  <node id="-2158" lat="33.5518836" lon="130.4751287" />
  <node id="-2159" lat="33.5534953" lon="130.4737668" />
  <node id="-2160" lat="33.5542336" lon="130.4731558" />
  <node id="-2161" lat="33.5550441" lon="130.4724931" />
  <node id="-2162" lat="33.5560508" lon="130.4715991" />
  <node id="-2163" lat="33.5565038" lon="130.4711495" />
  <node id="-2164" lat="33.5570536" lon="130.4707412" />
  <node id="-2165" lat="33.5576584" lon="130.4702465" />
  <node id="-2166" lat="33.5584467" lon="130.4698355" />
  <node id="-2167" lat="33.5589778" lon="130.4694672" />
  <node id="-2168" lat="33.5597057" lon="130.4689257" />
  <node id="-2169" lat="33.5601117" lon="130.4686632" />
  <node id="-2170" lat="33.560621" lon="130.4683134" />
  <node id="-2171" lat="33.5613659" lon="130.4677577" />
  <node id="-2172" lat="33.5617831" lon="130.467468" />
  <node id="-2173" lat="33.5622573" lon="130.4670474" />
  <node id="-2174" lat="33.5625562" lon="130.4667011" />
  <node id="-2175" lat="33.5627727" lon="130.4664413" />
  <node id="-2176" lat="33.5629376" lon="130.4662558" />
  <node id="-2177" lat="33.563154" lon="130.4659713" />
  <node id="-2178" lat="33.5633631" lon="130.4656666" />
  <node id="-2179" lat="33.5634685" lon="130.4654563" />
  <node id="-2180" lat="33.5636076" lon="130.4650064" />
  <node id="-2181" lat="33.5636385" lon="130.4645735" />
  <node id="-2182" lat="33.5637209" lon="130.4640045" />
  <node id="-2183" lat="33.5637931" lon="130.4635963" />
  <node id="-2184" lat="33.5638343" lon="130.4631138" />
  <node id="-2185" lat="33.5638549" lon="130.4626438" />
  <node id="-2186" lat="33.5638653" lon="130.4619882" />
  <node id="-2187" lat="33.5638962" lon="130.4616171" />
  <node id="-2188" lat="33.5637866" lon="130.461075" />
  <node id="-2189" lat="33.5637119" lon="130.4608279" />
  <node id="-2190" lat="33.5638059" lon="130.4606041" />
  <node id="-2191" lat="33.5640249" lon="130.460045" />
  <node id="-2192" lat="33.5642577" lon="130.4598718" />
  <node id="-2193" lat="33.5645474" lon="130.459662" />
  <node id="-2194" lat="33.5648341" lon="130.4595142" />
  <node id="-2195" lat="33.5650815" lon="130.4593781" />
  <node id="-2196" lat="33.5655763" lon="130.4591802" />
  <node id="-2197" lat="33.5659782" lon="130.4589576" />
  <node id="-2198" lat="33.5662772" lon="130.4587844" />
  <node id="-2199" lat="33.5665348" lon="130.4586112" />
  <node id="-2200" lat="33.5668234" lon="130.4584628" />
  <node id="-2201" lat="33.5672094" lon="130.4582052" />
  <node id="-2202" lat="33.5674688" lon="130.4579261" />
  <node id="-2203" lat="33.5677098" lon="130.4576587" />
  <node id="-2204" lat="33.5678129" lon="130.4575103" />
  <node id="-2205" lat="33.5680087" lon="130.4573247" />
  <node id="-2206" lat="33.5683177" lon="130.4570301" />
  <node id="-2207" lat="33.5685794" lon="130.4567107" />
  <node id="-2208" lat="33.5686944" lon="130.4563763" />
  <node id="-2209" lat="33.5687836" lon="130.4560503" />
  <node id="-2210" lat="33.5688648" lon="130.4555736" />
  <way id="171610075">
    <nd ref="-2211" />
    <nd ref="-2212" />
    <nd ref="-2213" />
    <nd ref="-2214" />
    <nd ref="-2215" />
    <tag k="natural" v="water" />
    <tag k="water" v="reservoir" />
  </way>
  <node id="-2211" lat="33.5939284" lon="130.4537038" />
  <node id="-2212" lat="33.5940982" lon="130.4539505" />
  <node id="-2213" lat="33.5936523" lon="130.454321" />
  <node id="-2214" lat="33.5933878" lon="130.4541008" />
  <node id="-2215" lat="33.5939284" lon="130.4537038" />
  <way id="171610085">
    <nd ref="-2216" />
    <nd ref="-2217" />
    <nd ref="-2218" />
    <nd ref="-2219" />
    <nd ref="-2220" />
    <nd ref="-2221" />
    <nd ref="-2222" />
    <nd ref="-2223" />
    <nd ref="-2224" />
    <nd ref="-2225" />
    <nd ref="-2226" />
    <nd ref="-2227" />
    <nd ref="-2228" />
    <nd ref="-2229" />
    <nd ref="-2230" />
    <nd ref="-2231" />
    <tag k="natural" v="water" />
    <tag k="water" v="reservoir" />
  </way>
  <node id="-2216" lat="33.5943351" lon="130.456724" />
  <node id="-2217" lat="33.5942602" lon="130.457347" />
  <node id="-2218" lat="33.5940723" lon="130.457568" />
  <node id="-2219" lat="33.594018" lon="130.4579127" />
  <node id="-2220" lat="33.5938762" lon="130.4579438" />
  <node id="-2221" lat="33.5936661" lon="130.4578711" />
  <node id="-2222" lat="33.5936134" lon="130.4577743" />
  <node id="-2223" lat="33.5936628" lon="130.4576431" />
  <node id="-2224" lat="33.593594" lon="130.4574954" />
  <node id="-2225" lat="33.5935115" lon="130.457299" />
  <node id="-2226" lat="33.5934197" lon="130.4572786" />
  <node id="-2227" lat="33.5933255" lon="130.4571755" />
  <node id="-2228" lat="33.5932281" lon="130.4571027" />
  <node id="-2229" lat="33.5934503" lon="130.4562626" />
  <node id="-2230" lat="33.5938712" lon="130.456574" />
  <node id="-2231" lat="33.5943351" lon="130.456724" />
  <way id="171614921">
    <nd ref="-2232" />
    <nd ref="-2233" />
    <nd ref="-2234" />
    <nd ref="-2235" />
    <nd ref="-2236" />
    <nd ref="-2237" />
    <nd ref="-2238" />
    <nd ref="-2239" />
    <nd ref="-2240" />
    <nd ref="-2241" />
    <nd ref="-2242" />
    <nd ref="-2243" />
    <nd ref="-2244" />
    <nd ref="-2245" />
    <nd ref="-2246" />
    <nd ref="-2247" />
    <nd ref="-2248" />
    <nd ref="-2249" />
    <tag k="natural" v="water" />
    <tag k="water" v="reservoir" />
  </way>
  <node id="-2232" lat="33.5887144" lon="130.4606982" />
  <node id="-2233" lat="33.5887056" lon="130.461225" />
  <node id="-2234" lat="33.5886734" lon="130.4613695" />
  <node id="-2235" lat="33.5887011" lon="130.4615415" />
  <node id="-2236" lat="33.5886609" lon="130.4616219" />
  <node id="-2237" lat="33.5885974" lon="130.4616914" />
  <node id="-2238" lat="33.5885357" lon="130.4617346" />
  <node id="-2239" lat="33.5884061" lon="130.4617024" />
  <node id="-2240" lat="33.5883963" lon="130.4615305" />
  <node id="-2241" lat="33.5882989" lon="130.461461" />
  <node id="-2242" lat="33.5880799" lon="130.4614878" />
  <node id="-2243" lat="33.5879941" lon="130.4613481" />
  <node id="-2244" lat="33.5879358" lon="130.4609039" />
  <node id="-2245" lat="33.588143" lon="130.4607706" />
  <node id="-2246" lat="33.5882783" lon="130.4607116" />
  <node id="-2247" lat="33.5884157" lon="130.4606993" />
  <node id="-2248" lat="33.5886696" lon="130.4606825" />
  <node id="-2249" lat="33.5887144" lon="130.4606982" />
  <way id="192326573">
    <nd ref="-2250" />
    <nd ref="-2251" />
    <nd ref="-2252" />
    <nd ref="-2253" />
    <nd ref="-2254" />
    <nd ref="-2255" />
    <nd ref="-2256" />
    <nd ref="-2257" />
    <nd ref="-2258" />
    <nd ref="-2259" />
    <tag k="natural" v="water" />
    <tag k="water" v="reservoir" />
  </way>
  <node id="-2250" lat="33.5890547" lon="130.4617045" />
  <node id="-2251" lat="33.5885221" lon="130.4619663" />
  <node id="-2252" lat="33.5885971" lon="130.4622237" />
  <node id="-2253" lat="33.5886186" lon="130.4623225" />
  <node id="-2254" lat="33.5887634" lon="130.4624869" />
  <node id="-2255" lat="33.5888903" lon="130.4624054" />
  <node id="-2256" lat="33.5891084" lon="130.4621565" />
  <node id="-2257" lat="33.5891441" lon="130.4618496" />
  <node id="-2258" lat="33.5891012" lon="130.4616994" />
  <node id="-2259" lat="33.5890547" lon="130.4617045" />
  <way id="192326578">
    <nd ref="-2260" />
    <nd ref="-2261" />
    <nd ref="-2262" />
    <nd ref="-2263" />
    <nd ref="-2264" />
    <nd ref="-2265" />
    <nd ref="-2266" />
    <nd ref="-2267" />
    <nd ref="-2268" />
    <nd ref="-2269" />
    <nd ref="-2270" />
    <nd ref="-2271" />
    <nd ref="-2272" />
    <nd ref="-2273" />
    <tag k="natural" v="water" />
    <tag k="water" v="reservoir" />
  </way>
  <node id="-2260" lat="33.5919471" lon="130.4583715" />
  <node id="-2261" lat="33.5918399" lon="130.4583243" />
  <node id="-2262" lat="33.5915128" lon="130.4582964" />
  <node id="-2263" lat="33.590737" lon="130.4584358" />
  <node id="-2264" lat="33.5905547" lon="130.4589444" />
  <node id="-2265" lat="33.5912429" lon="130.4596031" />
  <node id="-2266" lat="33.5914252" lon="130.4598435" />
  <node id="-2267" lat="33.5916021" lon="130.4598971" />
  <node id="-2268" lat="33.5917469" lon="130.4597834" />
  <node id="-2269" lat="33.5918452" lon="130.4595237" />
  <node id="-2270" lat="33.5920633" lon="130.459219" />
  <node id="-2271" lat="33.5921044" lon="130.4590281" />
  <node id="-2272" lat="33.5920776" lon="130.4588414" />
  <node id="-2273" lat="33.5919471" lon="130.4583715" />
  <way id="192382876">
    <nd ref="-2274" />
    <nd ref="-2275" />
    <nd ref="-2276" />
    <nd ref="-2277" />
    <nd ref="-2278" />
    <nd ref="-2279" />
    <nd ref="-2280" />
    <nd ref="-2281" />
    <nd ref="-2282" />
    <nd ref="-2283" />
    <nd ref="-2284" />
    <nd ref="-2285" />
    <tag k="natural" v="water" />
    <tag k="water" v="reservoir" />
  </way>
  <node id="-2274" lat="33.6006807" lon="130.4530235" />
  <node id="-2275" lat="33.5995892" lon="130.4534153" />
  <node id="-2276" lat="33.5995699" lon="130.4533458" />
  <node id="-2277" lat="33.5995979" lon="130.4532974" />
  <node id="-2278" lat="33.5996576" lon="130.4532405" />
  <node id="-2279" lat="33.5996559" lon="130.4531393" />
  <node id="-2280" lat="33.5996541" lon="130.4529982" />
  <node id="-2281" lat="33.5999279" lon="130.4529582" />
  <node id="-2282" lat="33.6000156" lon="130.4528971" />
  <node id="-2283" lat="33.6005701" lon="130.4524399" />
  <node id="-2284" lat="33.6005877" lon="130.4524588" />
  <node id="-2285" lat="33.6006807" lon="130.4530235" />
  <way id="192382877">
    <nd ref="-2286" />
    <nd ref="-2287" />
    <nd ref="-2288" />
    <nd ref="-2289" />
    <nd ref="-2290" />
    <nd ref="-2291" />
    <nd ref="-2292" />
    <nd ref="-2293" />
    <nd ref="-2294" />
    <nd ref="-2295" />
    <nd ref="-2296" />
    <nd ref="-2297" />
    <nd ref="-2298" />
    <nd ref="-2299" />
    <tag k="natural" v="water" />
    <tag k="water" v="reservoir" />
  </way>
  <node id="-2286" lat="33.5808631" lon="130.4613016" />
  <node id="-2287" lat="33.5802798" lon="130.4616353" />
  <node id="-2288" lat="33.5802177" lon="130.4617902" />
  <node id="-2289" lat="33.5803046" lon="130.4620405" />
  <node id="-2290" lat="33.5804089" lon="130.4621835" />
  <node id="-2291" lat="33.5806099" lon="130.4622282" />
  <node id="-2292" lat="33.5807067" lon="130.4622163" />
  <node id="-2293" lat="33.5808284" lon="130.4620911" />
  <node id="-2294" lat="33.5809202" lon="130.4618885" />
  <node id="-2295" lat="33.5809823" lon="130.461671" />
  <node id="-2296" lat="33.5810021" lon="130.461537" />
  <node id="-2297" lat="33.5809872" lon="130.4613761" />
  <node id="-2298" lat="33.5809574" lon="130.4613046" />
  <node id="-2299" lat="33.5808631" lon="130.4613016" />
  <way id="192382878">
    <nd ref="-2300" />
    <nd ref="-2301" />
    <nd ref="-2302" />
    <nd ref="-2303" />
    <nd ref="-2304" />
    <nd ref="-2305" />
    <nd ref="-2306" />
    <nd ref="-2307" />
    <nd ref="-2308" />
    <nd ref="-2309" />
    <nd ref="-2310" />
    <nd ref="-2311" />
    <nd ref="-2312" />
    <nd ref="-2313" />
    <nd ref="-2314" />
    <tag k="natural" v="water" />
    <tag k="water" v="reservoir" />
  </way>
  <node id="-2300" lat="33.5830649" lon="130.4579789" />
  <node id="-2301" lat="33.5829457" lon="130.4579819" />
  <node id="-2302" lat="33.5824729" lon="130.458116" />
  <node id="-2303" lat="33.5824592" lon="130.4581815" />
  <node id="-2304" lat="33.5825362" lon="130.4586478" />
  <node id="-2305" lat="33.5826553" lon="130.4587923" />
  <node id="-2306" lat="33.582736" lon="130.4587893" />
  <node id="-2307" lat="33.5827993" lon="130.4587729" />
  <node id="-2308" lat="33.5828514" lon="130.4587849" />
  <node id="-2309" lat="33.5829296" lon="130.458694" />
  <node id="-2310" lat="33.5830003" lon="130.4585465" />
  <node id="-2311" lat="33.5830525" lon="130.4583096" />
  <node id="-2312" lat="33.5830872" lon="130.4582143" />
  <node id="-2313" lat="33.5830984" lon="130.4579804" />
  <node id="-2314" lat="33.5830649" lon="130.4579789" />
  <way id="203603107">
    <nd ref="-2315" />
    <nd ref="-2316" />
    <nd ref="-2317" />
    <nd ref="-2318" />
    <nd ref="-2319" />
    <nd ref="-2320" />
    <nd ref="-2321" />
    <nd ref="-2322" />
    <nd ref="-2323" />
    <nd ref="-2324" />
    <nd ref="-2325" />
    <nd ref="-2326" />
    <nd ref="-2327" />
    <nd ref="-2328" />
    <nd ref="-2329" />
    <nd ref="-2330" />
    <nd ref="-2331" />
    <nd ref="-2332" />
    <nd ref="-2333" />
    <nd ref="-2334" />
    <nd ref="-2335" />
    <nd ref="-2336" />
    <nd ref="-2337" />
    <nd ref="-2338" />
    <nd ref="-2339" />
    <nd ref="-2340" />
    <nd ref="-2341" />
    <nd ref="-2342" />
    <nd ref="-2343" />
    <nd ref="-2344" />
    <nd ref="-2345" />
    <nd ref="-2346" />
    <nd ref="-2347" />
    <nd ref="-2348" />
    <nd ref="-2349" />
    <nd ref="-2350" />
    <nd ref="-2351" />
    <nd ref="-2352" />
    <nd ref="-2353" />
    <nd ref="-2354" />
    <nd ref="-2355" />
    <nd ref="-2356" />
    <nd ref="-2357" />
    <nd ref="-2358" />
    <nd ref="-2359" />
    <nd ref="-2360" />
    <nd ref="-2361" />
    <nd ref="-2362" />
    <nd ref="-2363" />
    <nd ref="-2364" />
    <nd ref="-2365" />
    <nd ref="-2366" />
    <nd ref="-2367" />
    <nd ref="-2368" />
    <nd ref="-2369" />
    <nd ref="-2370" />
    <nd ref="-2371" />
    <nd ref="-2372" />
    <nd ref="-2373" />
    <nd ref="-2374" />
    <nd ref="-2375" />
    <nd ref="-2376" />
    <nd ref="-2377" />
    <nd ref="-2378" />
    <nd ref="-2379" />
    <nd ref="-2380" />
    <nd ref="-2381" />
    <nd ref="-2382" />
    <nd ref="-2383" />
    <nd ref="-2384" />
    <nd ref="-2385" />
    <nd ref="-2386" />
    <nd ref="-2387" />
    <nd ref="-2388" />
    <nd ref="-2389" />
    <nd ref="-2390" />
    <nd ref="-2391" />
    <nd ref="-2392" />
    <nd ref="-2393" />
    <nd ref="-2394" />
    <nd ref="-2395" />
    <nd ref="-2396" />
    <nd ref="-2397" />
    <nd ref="-2398" />
    <nd ref="-2399" />
    <nd ref="-2400" />
    <nd ref="-2401" />
    <nd ref="-2402" />
    <nd ref="-2403" />
    <nd ref="-2404" />
    <nd ref="-2405" />
    <nd ref="-2406" />
    <nd ref="-2407" />
    <nd ref="-2408" />
    <nd ref="-2409" />
    <nd ref="-2410" />
    <nd ref="-2411" />
    <nd ref="-2412" />
    <nd ref="-2413" />
    <nd ref="-2414" />
    <nd ref="-2415" />
    <nd ref="-2416" />
    <nd ref="-2417" />
    <nd ref="-2418" />
    <nd ref="-2419" />
    <nd ref="-2420" />
    <nd ref="-2421" />
    <nd ref="-2422" />
    <nd ref="-2423" />
    <nd ref="-2424" />
    <nd ref="-2425" />
    <nd ref="-2426" />
    <nd ref="-2427" />
    <nd ref="-2428" />
    <nd ref="-2429" />
    <nd ref="-2430" />
    <nd ref="-2431" />
    <nd ref="-2432" />
    <nd ref="-2433" />
    <nd ref="-2434" />
    <nd ref="-2435" />
    <nd ref="-2436" />
    <nd ref="-2437" />
    <nd ref="-2438" />
    <nd ref="-2439" />
    <nd ref="-2440" />
    <nd ref="-2441" />
    <nd ref="-2442" />
    <nd ref="-2443" />
    <nd ref="-2444" />
    <nd ref="-2445" />
    <nd ref="-2446" />
    <nd ref="-2447" />
    <nd ref="-2448" />
    <nd ref="-2449" />
    <nd ref="-2450" />
    <nd ref="-2451" />
    <nd ref="-2452" />
    <nd ref="-2453" />
    <nd ref="-2454" />
    <nd ref="-2455" />
    <nd ref="-2456" />
    <nd ref="-2457" />
    <nd ref="-2458" />
    <nd ref="-2459" />
    <nd ref="-2460" />
    <nd ref="-2461" />
    <nd ref="-2462" />
    <nd ref="-2463" />
    <nd ref="-2464" />
    <nd ref="-2465" />
    <nd ref="-2466" />
    <nd ref="-2467" />
    <nd ref="-2468" />
    <nd ref="-2469" />
    <nd ref="-2470" />
    <nd ref="-2471" />
    <nd ref="-2472" />
    <nd ref="-2473" />
    <nd ref="-2474" />
    <nd ref="-2475" />
    <nd ref="-2476" />
    <nd ref="-2477" />
    <nd ref="-2478" />
    <nd ref="-2479" />
    <nd ref="-2480" />
    <nd ref="-2481" />
    <nd ref="-2482" />
    <nd ref="-2483" />
    <nd ref="-2484" />
    <nd ref="-2485" />
    <nd ref="-2486" />
    <nd ref="-2487" />
    <nd ref="-2488" />
    <nd ref="-2489" />
    <nd ref="-2490" />
    <nd ref="-2491" />
    <nd ref="-2492" />
    <nd ref="-2493" />
    <nd ref="-2494" />
    <nd ref="-2495" />
    <nd ref="-2496" />
    <nd ref="-2497" />
    <nd ref="-2498" />
    <nd ref="-2499" />
    <nd ref="-2500" />
    <nd ref="-2501" />
    <nd ref="-2502" />
    <nd ref="-2503" />
    <nd ref="-2504" />
    <nd ref="-2505" />
    <nd ref="-2506" />
    <nd ref="-2507" />
    <nd ref="-2508" />
    <nd ref="-2509" />
    <nd ref="-2510" />
    <nd ref="-2511" />
    <nd ref="-2512" />
    <nd ref="-2513" />
    <nd ref="-2514" />
    <nd ref="-2515" />
    <nd ref="-2516" />
    <nd ref="-2517" />
    <nd ref="-2518" />
    <nd ref="-2519" />
    <tag k="boat" v="yes" />
    <tag k="natural" v="water" />
    <tag k="source" v="Bing" />
    <tag k="water" v="basin" />
  </way>
  <node id="-2315" lat="33.5689629" lon="130.4487577" />
  <node id="-2316" lat="33.5688175" lon="130.4490585" />
  <node id="-2317" lat="33.5687705" lon="130.4491503" />
  <node id="-2318" lat="33.5687235" lon="130.4492422" />
  <node id="-2319" lat="33.5685472" lon="130.4496681" />
  <node id="-2320" lat="33.5684752" lon="130.4501055" />
  <node id="-2321" lat="33.5684389" lon="130.4505248" />
  <node id="-2322" lat="33.5684433" lon="130.4507214" />
  <node id="-2323" lat="33.5684835" lon="130.4508984" />
  <node id="-2324" lat="33.5684947" lon="130.4511053" />
  <node id="-2325" lat="33.5685007" lon="130.4526557" />
  <node id="-2326" lat="33.5684678" lon="130.4526888" />
  <node id="-2327" lat="33.568441" lon="130.4526472" />
  <node id="-2328" lat="33.5684332" lon="130.4525909" />
  <node id="-2329" lat="33.5684477" lon="130.4525346" />
  <node id="-2330" lat="33.5684366" lon="130.4524326" />
  <node id="-2331" lat="33.5684187" lon="130.4524004" />
  <node id="-2332" lat="33.5683963" lon="130.4524326" />
  <node id="-2333" lat="33.5683852" lon="130.4525292" />
  <node id="-2334" lat="33.5683427" lon="130.4526553" />
  <node id="-2335" lat="33.5683293" lon="130.4527156" />
  <node id="-2336" lat="33.5683293" lon="130.452776" />
  <node id="-2337" lat="33.5683338" lon="130.4530898" />
  <node id="-2338" lat="33.5683248" lon="130.4531729" />
  <node id="-2339" lat="33.5683539" lon="130.4532936" />
  <node id="-2340" lat="33.5683717" lon="130.4533902" />
  <node id="-2341" lat="33.5683726" lon="130.4534918" />
  <node id="-2342" lat="33.5683717" lon="130.4536651" />
  <node id="-2343" lat="33.5684209" lon="130.4537456" />
  <node id="-2344" lat="33.5684321" lon="130.4537402" />
  <node id="-2345" lat="33.568431" lon="130.4536879" />
  <node id="-2346" lat="33.5684656" lon="130.4536383" />
  <node id="-2347" lat="33.5684846" lon="130.4536356" />
  <node id="-2348" lat="33.568498" lon="130.4537925" />
  <node id="-2349" lat="33.568517" lon="130.4539567" />
  <node id="-2350" lat="33.5685539" lon="130.4541667" />
  <node id="-2351" lat="33.5686371" lon="130.4545086" />
  <node id="-2352" lat="33.5687682" lon="130.4547982" />
  <node id="-2353" lat="33.5688724" lon="130.4552275" />
  <node id="-2354" lat="33.568969" lon="130.455668" />
  <node id="-2355" lat="33.5689707" lon="130.4557934" />
  <node id="-2356" lat="33.5689215" lon="130.4562829" />
  <node id="-2357" lat="33.5689115" lon="130.4562682" />
  <node id="-2358" lat="33.568888" lon="130.4562722" />
  <node id="-2359" lat="33.568869" lon="130.4563031" />
  <node id="-2360" lat="33.5688053" lon="130.4564559" />
  <node id="-2361" lat="33.5688031" lon="130.4564962" />
  <node id="-2362" lat="33.5688232" lon="130.4565123" />
  <node id="-2363" lat="33.5688589" lon="130.4565002" />
  <node id="-2364" lat="33.5689014" lon="130.4564358" />
  <node id="-2365" lat="33.5688957" lon="130.4565262" />
  <node id="-2366" lat="33.568776" lon="130.4566064" />
  <node id="-2367" lat="33.5686232" lon="130.4569656" />
  <node id="-2368" lat="33.5684566" lon="130.4572071" />
  <node id="-2369" lat="33.5682589" lon="130.4574242" />
  <node id="-2370" lat="33.5680678" lon="130.4576119" />
  <node id="-2371" lat="33.5679073" lon="130.4577312" />
  <node id="-2372" lat="33.56767" lon="130.4579633" />
  <node id="-2373" lat="33.5673189" lon="130.4582948" />
  <node id="-2374" lat="33.5669828" lon="130.458587" />
  <node id="-2375" lat="33.5663734" lon="130.4589874" />
  <node id="-2376" lat="33.5662106" lon="130.4590805" />
  <node id="-2377" lat="33.565977" lon="130.4591422" />
  <node id="-2378" lat="33.565764" lon="130.4592623" />
  <node id="-2379" lat="33.5653347" lon="130.4595271" />
  <node id="-2380" lat="33.5651464" lon="130.4596793" />
  <node id="-2381" lat="33.5650071" lon="130.4597631" />
  <node id="-2382" lat="33.5649255" lon="130.4598007" />
  <node id="-2383" lat="33.5648383" lon="130.4598637" />
  <node id="-2384" lat="33.5647841" lon="130.4599246" />
  <node id="-2385" lat="33.5647666" lon="130.4599109" />
  <node id="-2386" lat="33.5647444" lon="130.4599106" />
  <node id="-2387" lat="33.5646282" lon="130.4599334" />
  <node id="-2388" lat="33.5645634" lon="130.4599079" />
  <node id="-2389" lat="33.56455" lon="130.4599321" />
  <node id="-2390" lat="33.5644684" lon="130.4599321" />
  <node id="-2391" lat="33.5644528" lon="130.4599482" />
  <node id="-2392" lat="33.5643891" lon="130.4599495" />
  <node id="-2393" lat="33.5643321" lon="130.4599633" />
  <node id="-2394" lat="33.564303" lon="130.4600005" />
  <node id="-2395" lat="33.5642963" lon="130.4601265" />
  <node id="-2396" lat="33.564274" lon="130.4601882" />
  <node id="-2397" lat="33.5642215" lon="130.4602674" />
  <node id="-2398" lat="33.5641488" lon="130.4604565" />
  <node id="-2399" lat="33.564141" lon="130.4605114" />
  <node id="-2400" lat="33.5641477" lon="130.4605316" />
  <node id="-2401" lat="33.5641589" lon="130.4605637" />
  <node id="-2402" lat="33.5641779" lon="130.4605678" />
  <node id="-2403" lat="33.5641812" lon="130.4605302" />
  <node id="-2404" lat="33.5642013" lon="130.4604913" />
  <node id="-2405" lat="33.5642356" lon="130.4604633" />
  <node id="-2406" lat="33.5642034" lon="130.4605554" />
  <node id="-2407" lat="33.5640441" lon="130.4612659" />
  <node id="-2408" lat="33.5639905" lon="130.4623939" />
  <node id="-2409" lat="33.5638719" lon="130.4633232" />
  <node id="-2410" lat="33.5638238" lon="130.4639188" />
  <node id="-2411" lat="33.5637579" lon="130.4646117" />
  <node id="-2412" lat="33.563687" lon="130.4651344" />
  <node id="-2413" lat="33.5634667" lon="130.4657269" />
  <node id="-2414" lat="33.563211" lon="130.466204" />
  <node id="-2415" lat="33.5629324" lon="130.4666143" />
  <node id="-2416" lat="33.5625931" lon="130.4669576" />
  <node id="-2417" lat="33.5623475" lon="130.4672494" />
  <node id="-2418" lat="33.5620841" lon="130.4674803" />
  <node id="-2419" lat="33.5619753" lon="130.4675016" />
  <node id="-2420" lat="33.5607851" lon="130.4684558" />
  <node id="-2421" lat="33.5595924" lon="130.4692854" />
  <node id="-2422" lat="33.5584225" lon="130.4701028" />
  <node id="-2423" lat="33.5574577" lon="130.4707835" />
  <node id="-2424" lat="33.5563206" lon="130.4716131" />
  <node id="-2425" lat="33.5559459" lon="130.4718562" />
  <node id="-2426" lat="33.5559484" lon="130.47192" />
  <node id="-2427" lat="33.5554951" lon="130.4722057" />
  <node id="-2428" lat="33.5551896" lon="130.4724668" />
  <node id="-2429" lat="33.5549886" lon="130.4721844" />
  <node id="-2430" lat="33.5551026" lon="130.4720598" />
  <node id="-2431" lat="33.5556711" lon="130.4715097" />
  <node id="-2432" lat="33.5566245" lon="130.4708139" />
  <node id="-2433" lat="33.558891" lon="130.4691426" />
  <node id="-2434" lat="33.5607446" lon="130.4678845" />
  <node id="-2435" lat="33.5616435" lon="130.4672889" />
  <node id="-2436" lat="33.5619702" lon="130.4670184" />
  <node id="-2437" lat="33.5623576" lon="130.4667145" />
  <node id="-2438" lat="33.562626" lon="130.4664988" />
  <node id="-2439" lat="33.5627223" lon="130.4663165" />
  <node id="-2440" lat="33.5630768" lon="130.4657907" />
  <node id="-2441" lat="33.5633781" lon="130.4649399" />
  <node id="-2442" lat="33.5635528" lon="130.4627853" />
  <node id="-2443" lat="33.5635427" lon="130.4626608" />
  <node id="-2444" lat="33.5636012" lon="130.4618177" />
  <node id="-2445" lat="33.5636338" lon="130.4608106" />
  <node id="-2446" lat="33.5637149" lon="130.4606247" />
  <node id="-2447" lat="33.563784" lon="130.4604311" />
  <node id="-2448" lat="33.5638236" lon="130.4602915" />
  <node id="-2449" lat="33.5638992" lon="130.4600898" />
  <node id="-2450" lat="33.5641466" lon="130.459791" />
  <node id="-2451" lat="33.5642729" lon="130.4596819" />
  <node id="-2452" lat="33.5644718" lon="130.459566" />
  <node id="-2453" lat="33.5648965" lon="130.4593716" />
  <node id="-2454" lat="33.5650265" lon="130.4592482" />
  <node id="-2455" lat="33.5654719" lon="130.4590671" />
  <node id="-2456" lat="33.5659472" lon="130.4588507" />
  <node id="-2457" lat="33.5667208" lon="130.4583645" />
  <node id="-2458" lat="33.5670532" lon="130.4580277" />
  <node id="-2459" lat="33.5672452" lon="130.4577891" />
  <node id="-2460" lat="33.5672955" lon="130.4577327" />
  <node id="-2461" lat="33.5673738" lon="130.4576467" />
  <node id="-2462" lat="33.5674852" lon="130.4575109" />
  <node id="-2463" lat="33.567556" lon="130.4574725" />
  <node id="-2464" lat="33.5677611" lon="130.4573696" />
  <node id="-2465" lat="33.5678455" lon="130.4572974" />
  <node id="-2466" lat="33.5679465" lon="130.4571305" />
  <node id="-2467" lat="33.5680516" lon="130.4569763" />
  <node id="-2468" lat="33.5681723" lon="130.4568449" />
  <node id="-2469" lat="33.568222" lon="130.4567832" />
  <node id="-2470" lat="33.5683405" lon="130.4566437" />
  <node id="-2471" lat="33.568413" lon="130.4565455" />
  <node id="-2472" lat="33.5684868" lon="130.4564439" />
  <node id="-2473" lat="33.5685145" lon="130.4563783" />
  <node id="-2474" lat="33.5685449" lon="130.4563956" />
  <node id="-2475" lat="33.5685863" lon="130.4563875" />
  <node id="-2476" lat="33.5686221" lon="130.456342" />
  <node id="-2477" lat="33.5686511" lon="130.456291" />
  <node id="-2478" lat="33.5686489" lon="130.456228" />
  <node id="-2479" lat="33.5686578" lon="130.4561958" />
  <node id="-2480" lat="33.568669" lon="130.4561917" />
  <node id="-2481" lat="33.5686824" lon="130.4562092" />
  <node id="-2482" lat="33.5686969" lon="130.4562226" />
  <node id="-2483" lat="33.5687078" lon="130.456198" />
  <node id="-2484" lat="33.5687177" lon="130.4561211" />
  <node id="-2485" lat="33.5687718" lon="130.4557666" />
  <node id="-2486" lat="33.568783" lon="130.4555963" />
  <node id="-2487" lat="33.5687852" lon="130.4555011" />
  <node id="-2488" lat="33.5687762" lon="130.4554193" />
  <node id="-2489" lat="33.5687327" lon="130.4553053" />
  <node id="-2490" lat="33.5686835" lon="130.4551551" />
  <node id="-2491" lat="33.5686947" lon="130.4550545" />
  <node id="-2492" lat="33.5686812" lon="130.4549432" />
  <node id="-2493" lat="33.5686645" lon="130.4548533" />
  <node id="-2494" lat="33.5686221" lon="130.4547688" />
  <node id="-2495" lat="33.5685505" lon="130.4545422" />
  <node id="-2496" lat="33.5685025" lon="130.4544523" />
  <node id="-2497" lat="33.5683974" lon="130.4542901" />
  <node id="-2498" lat="33.5683706" lon="130.4542954" />
  <node id="-2499" lat="33.5683539" lon="130.4543343" />
  <node id="-2500" lat="33.5683583" lon="130.4543933" />
  <node id="-2501" lat="33.5683505" lon="130.4544255" />
  <node id="-2502" lat="33.5683282" lon="130.4544322" />
  <node id="-2503" lat="33.5682712" lon="130.4541868" />
  <node id="-2504" lat="33.5682217" lon="130.453908" />
  <node id="-2505" lat="33.5681648" lon="130.4531991" />
  <node id="-2506" lat="33.568155" lon="130.4527357" />
  <node id="-2507" lat="33.5681527" lon="130.4519498" />
  <node id="-2508" lat="33.5681438" lon="130.450885" />
  <node id="-2509" lat="33.5681371" lon="130.4499838" />
  <node id="-2510" lat="33.5681416" lon="130.4497826" />
  <node id="-2511" lat="33.5681714" lon="130.4496559" />
  <node id="-2512" lat="33.568308" lon="130.449133" />
  <node id="-2513" lat="33.568327" lon="130.4490262" />
  <node id="-2514" lat="33.5683238" lon="130.4489765" />
  <node id="-2515" lat="33.5683811" lon="130.448853" />
  <node id="-2516" lat="33.5684146" lon="130.4487809" />
  <node id="-2517" lat="33.5686295" lon="130.4485768" />
  <node id="-2518" lat="33.5686935" lon="130.4485205" />
  <node id="-2519" lat="33.5689629" lon="130.4487577" />
  <way id="207916358">
    <nd ref="-2520" />
    <nd ref="-2521" />
    <nd ref="-2522" />
    <nd ref="-2523" />
    <nd ref="-2524" />
    <nd ref="-2525" />
    <nd ref="-2526" />
    <nd ref="-2527" />
    <nd ref="-2528" />
    <nd ref="-2529" />
    <nd ref="-2530" />
    <nd ref="-2531" />
    <nd ref="-2532" />
    <nd ref="-2533" />
    <nd ref="-2534" />
    <nd ref="-2535" />
    <nd ref="-2536" />
    <nd ref="-2537" />
    <nd ref="-2538" />
    <nd ref="-2539" />
    <nd ref="-2540" />
    <nd ref="-2541" />
    <nd ref="-2542" />
    <nd ref="-2543" />
    <nd ref="-2544" />
    <nd ref="-2545" />
    <nd ref="-2546" />
    <nd ref="-2547" />
    <nd ref="-2548" />
    <nd ref="-2549" />
    <nd ref="-2550" />
    <nd ref="-2551" />
    <nd ref="-2552" />
    <nd ref="-2553" />
    <nd ref="-2554" />
    <nd ref="-2555" />
    <nd ref="-2556" />
    <nd ref="-2557" />
    <nd ref="-2558" />
    <nd ref="-2559" />
    <nd ref="-2560" />
    <nd ref="-2561" />
    <nd ref="-2562" />
    <nd ref="-2563" />
    <nd ref="-2564" />
    <nd ref="-2565" />
    <nd ref="-2566" />
    <nd ref="-2567" />
    <nd ref="-2568" />
    <nd ref="-2569" />
    <nd ref="-2570" />
    <nd ref="-2571" />
    <nd ref="-2572" />
    <nd ref="-2573" />
    <nd ref="-2574" />
    <nd ref="-2575" />
    <nd ref="-2576" />
    <nd ref="-2577" />
    <nd ref="-2578" />
    <nd ref="-2579" />
    <nd ref="-2580" />
    <nd ref="-2581" />
    <nd ref="-2582" />
    <nd ref="-2583" />
    <nd ref="-2584" />
    <nd ref="-2585" />
    <nd ref="-2586" />
    <nd ref="-2587" />
    <nd ref="-2588" />
    <nd ref="-2589" />
    <nd ref="-2590" />
    <nd ref="-2591" />
    <nd ref="-2592" />
    <nd ref="-2593" />
    <nd ref="-2594" />
    <nd ref="-2595" />
    <nd ref="-2596" />
    <nd ref="-2597" />
    <nd ref="-2598" />
    <nd ref="-2599" />
    <nd ref="-2600" />
    <nd ref="-2601" />
    <nd ref="-2602" />
    <nd ref="-2603" />
    <tag k="natural" v="water" />
    <tag k="source" v="Bing" />
    <tag k="water" v="river" />
  </way>
  <node id="-2520" lat="33.5927719" lon="130.4026202" />
  <node id="-2521" lat="33.5928554" lon="130.4029468" />
  <node id="-2522" lat="33.5928246" lon="130.4029512" />
  <node id="-2523" lat="33.5926949" lon="130.4029941" />
  <node id="-2524" lat="33.5926381" lon="130.4030135" />
  <node id="-2525" lat="33.5924143" lon="130.4030952" />
  <node id="-2526" lat="33.5923779" lon="130.4031084" />
  <node id="-2527" lat="33.5923415" lon="130.4031216" />
  <node id="-2528" lat="33.592239" lon="130.4031604" />
  <node id="-2529" lat="33.5922035" lon="130.4031699" />
  <node id="-2530" lat="33.5921681" lon="130.4031794" />
  <node id="-2531" lat="33.591874" lon="130.4033144" />
  <node id="-2532" lat="33.5916051" lon="130.4034482" />
  <node id="-2533" lat="33.5913369" lon="130.4035762" />
  <node id="-2534" lat="33.5912358" lon="130.4036255" />
  <node id="-2535" lat="33.590942" lon="130.4037593" />
  <node id="-2536" lat="33.5907887" lon="130.4038347" />
  <node id="-2537" lat="33.5906688" lon="130.4038933" />
  <node id="-2538" lat="33.5905759" lon="130.4039363" />
  <node id="-2539" lat="33.5904974" lon="130.4039648" />
  <node id="-2540" lat="33.5904412" lon="130.4039822" />
  <node id="-2541" lat="33.5902725" lon="130.4040191" />
  <node id="-2542" lat="33.5900718" lon="130.4040382" />
  <node id="-2543" lat="33.5899486" lon="130.4040329" />
  <node id="-2544" lat="33.5897751" lon="130.4040033" />
  <node id="-2545" lat="33.5896179" lon="130.4039587" />
  <node id="-2546" lat="33.5895221" lon="130.4039332" />
  <node id="-2547" lat="33.5894066" lon="130.4039018" />
  <node id="-2548" lat="33.588993" lon="130.4037062" />
  <node id="-2549" lat="33.5887932" lon="130.4035856" />
  <node id="-2550" lat="33.5886446" lon="130.4034927" />
  <node id="-2551" lat="33.5886262" lon="130.4034794" />
  <node id="-2552" lat="33.5883224" lon="130.4032591" />
  <node id="-2553" lat="33.5882137" lon="130.4031752" />
  <node id="-2554" lat="33.5881689" lon="130.4031456" />
  <node id="-2555" lat="33.5880772" lon="130.403085" />
  <node id="-2556" lat="33.5879712" lon="130.403027" />
  <node id="-2557" lat="33.5877421" lon="130.4029747" />
  <node id="-2558" lat="33.5875265" lon="130.4029318" />
  <node id="-2559" lat="33.5871919" lon="130.4028594" />
  <node id="-2560" lat="33.5870774" lon="130.4028668" />
  <node id="-2561" lat="33.5869651" lon="130.4028098" />
  <node id="-2562" lat="33.5867468" lon="130.4026611" />
  <node id="-2563" lat="33.5868047" lon="130.4026119" />
  <node id="-2564" lat="33.5868511" lon="130.4025697" />
  <node id="-2565" lat="33.587026" lon="130.4026917" />
  <node id="-2566" lat="33.5873271" lon="130.4027434" />
  <node id="-2567" lat="33.587531" lon="130.4027809" />
  <node id="-2568" lat="33.5878594" lon="130.4028681" />
  <node id="-2569" lat="33.5880281" lon="130.4029244" />
  <node id="-2570" lat="33.5882388" lon="130.4030246" />
  <node id="-2571" lat="33.5882938" lon="130.403063" />
  <node id="-2572" lat="33.5883946" lon="130.4031162" />
  <node id="-2573" lat="33.5886901" lon="130.4033402" />
  <node id="-2574" lat="33.5886915" lon="130.4033551" />
  <node id="-2575" lat="33.5888342" lon="130.4034531" />
  <node id="-2576" lat="33.5888773" lon="130.403487" />
  <node id="-2577" lat="33.5889162" lon="130.403506" />
  <node id="-2578" lat="33.5895013" lon="130.4037688" />
  <node id="-2579" lat="33.5895109" lon="130.4037504" />
  <node id="-2580" lat="33.5895196" lon="130.4037529" />
  <node id="-2581" lat="33.5896606" lon="130.4037879" />
  <node id="-2582" lat="33.5898452" lon="130.4038353" />
  <node id="-2583" lat="33.5900107" lon="130.4038602" />
  <node id="-2584" lat="33.5900728" lon="130.4038575" />
  <node id="-2585" lat="33.5901355" lon="130.4038493" />
  <node id="-2586" lat="33.590232" lon="130.403824" />
  <node id="-2587" lat="33.5902896" lon="130.4038048" />
  <node id="-2588" lat="33.5905356" lon="130.4036862" />
  <node id="-2589" lat="33.5906829" lon="130.4036112" />
  <node id="-2590" lat="33.5911396" lon="130.4033776" />
  <node id="-2591" lat="33.5912158" lon="130.4033515" />
  <node id="-2592" lat="33.5912492" lon="130.4033286" />
  <node id="-2593" lat="33.5920912" lon="130.4029412" />
  <node id="-2594" lat="33.5921353" lon="130.4029241" />
  <node id="-2595" lat="33.5921656" lon="130.402912" />
  <node id="-2596" lat="33.5921959" lon="130.4029" />
  <node id="-2597" lat="33.5922467" lon="130.4028803" />
  <node id="-2598" lat="33.5922974" lon="130.4028607" />
  <node id="-2599" lat="33.5923351" lon="130.402846" />
  <node id="-2600" lat="33.5923728" lon="130.4028313" />
  <node id="-2601" lat="33.5923794" lon="130.4027843" />
  <node id="-2602" lat="33.592747" lon="130.4026334" />
  <node id="-2603" lat="33.5927719" lon="130.4026202" />
  <way id="207916359">
    <nd ref="-2604" />
    <nd ref="-2605" />
    <nd ref="-2606" />
    <nd ref="-2607" />
    <nd ref="-2608" />
    <nd ref="-2609" />
    <nd ref="-2610" />
    <nd ref="-2611" />
    <nd ref="-2612" />
    <nd ref="-2613" />
    <nd ref="-2614" />
    <nd ref="-2615" />
    <nd ref="-2616" />
    <nd ref="-2617" />
    <nd ref="-2618" />
    <nd ref="-2619" />
    <nd ref="-2620" />
    <nd ref="-2621" />
    <nd ref="-2622" />
    <nd ref="-2623" />
    <nd ref="-2624" />
    <nd ref="-2625" />
    <nd ref="-2626" />
    <nd ref="-2627" />
    <nd ref="-2628" />
    <nd ref="-2629" />
    <nd ref="-2630" />
    <nd ref="-2631" />
    <nd ref="-2632" />
    <nd ref="-2633" />
    <nd ref="-2634" />
    <nd ref="-2635" />
    <nd ref="-2636" />
    <nd ref="-2637" />
    <nd ref="-2638" />
    <nd ref="-2639" />
    <nd ref="-2640" />
    <nd ref="-2641" />
    <nd ref="-2642" />
    <nd ref="-2643" />
    <nd ref="-2644" />
    <nd ref="-2645" />
    <nd ref="-2646" />
    <nd ref="-2647" />
    <nd ref="-2648" />
    <nd ref="-2649" />
    <nd ref="-2650" />
    <nd ref="-2651" />
    <nd ref="-2652" />
    <nd ref="-2653" />
    <nd ref="-2654" />
    <nd ref="-2655" />
    <tag k="natural" v="water" />
    <tag k="source" v="Bing" />
  </way>
  <node id="-2604" lat="33.5816018" lon="130.4010366" />
  <node id="-2605" lat="33.5818945" lon="130.4010702" />
  <node id="-2606" lat="33.5826517" lon="130.4011974" />
  <node id="-2607" lat="33.5828526" lon="130.4012116" />
  <node id="-2608" lat="33.5830283" lon="130.4012241" />
  <node id="-2609" lat="33.5831469" lon="130.4012672" />
  <node id="-2610" lat="33.5833594" lon="130.4013061" />
  <node id="-2611" lat="33.5835048" lon="130.4013006" />
  <node id="-2612" lat="33.5843566" lon="130.4013981" />
  <node id="-2613" lat="33.5847882" lon="130.4013728" />
  <node id="-2614" lat="33.5849939" lon="130.4013951" />
  <node id="-2615" lat="33.5853672" lon="130.4016395" />
  <node id="-2616" lat="33.5855877" lon="130.4018159" />
  <node id="-2617" lat="33.5856348" lon="130.4019212" />
  <node id="-2618" lat="33.5856753" lon="130.4020212" />
  <node id="-2619" lat="33.585111" lon="130.4016831" />
  <node id="-2620" lat="33.5849631" lon="130.4015935" />
  <node id="-2621" lat="33.5848641" lon="130.4014996" />
  <node id="-2622" lat="33.5846235" lon="130.4015154" />
  <node id="-2623" lat="33.5843016" lon="130.4015152" />
  <node id="-2624" lat="33.5837445" lon="130.4014641" />
  <node id="-2625" lat="33.5835979" lon="130.4014402" />
  <node id="-2626" lat="33.5833825" lon="130.4014142" />
  <node id="-2627" lat="33.5830892" lon="130.4013495" />
  <node id="-2628" lat="33.5828425" lon="130.4013258" />
  <node id="-2629" lat="33.5824333" lon="130.4012702" />
  <node id="-2630" lat="33.5820549" lon="130.4012199" />
  <node id="-2631" lat="33.5818886" lon="130.4012153" />
  <node id="-2632" lat="33.5815145" lon="130.4011864" />
  <node id="-2633" lat="33.581351" lon="130.4013144" />
  <node id="-2634" lat="33.5813442" lon="130.4013508" />
  <node id="-2635" lat="33.5810832" lon="130.4015752" />
  <node id="-2636" lat="33.5810461" lon="130.4015449" />
  <node id="-2637" lat="33.5814082" lon="130.4012073" />
  <node id="-2638" lat="33.5813874" lon="130.4011676" />
  <node id="-2639" lat="33.5809979" lon="130.4010937" />
  <node id="-2640" lat="33.5809303" lon="130.4010843" />
  <node id="-2641" lat="33.5805083" lon="130.4010506" />
  <node id="-2642" lat="33.5802252" lon="130.4010061" />
  <node id="-2643" lat="33.5800815" lon="130.4009868" />
  <node id="-2644" lat="33.5789898" lon="130.4008713" />
  <node id="-2645" lat="33.5788497" lon="130.4008583" />
  <node id="-2646" lat="33.5773358" lon="130.4006698" />
  <node id="-2647" lat="33.5773695" lon="130.4006231" />
  <node id="-2648" lat="33.5789245" lon="130.4007941" />
  <node id="-2649" lat="33.5790851" lon="130.4008075" />
  <node id="-2650" lat="33.5800138" lon="130.4008769" />
  <node id="-2651" lat="33.5801665" lon="130.4008928" />
  <node id="-2652" lat="33.5805192" lon="130.4009101" />
  <node id="-2653" lat="33.5809391" lon="130.4009681" />
  <node id="-2654" lat="33.5810078" lon="130.4009739" />
  <node id="-2655" lat="33.5816018" lon="130.4010366" />
  <way id="210946911">
    <nd ref="-2656" />
    <nd ref="-2657" />
    <nd ref="-2658" />
    <nd ref="-2659" />
    <nd ref="-2660" />
    <nd ref="-2661" />
    <nd ref="-2662" />
    <nd ref="-2663" />
    <nd ref="-2664" />
    <nd ref="-2665" />
    <nd ref="-2666" />
    <nd ref="-2667" />
    <nd ref="-2668" />
    <nd ref="-2669" />
    <nd ref="-2670" />
    <nd ref="-2671" />
    <nd ref="-2672" />
    <nd ref="-2673" />
    <nd ref="-2674" />
    <nd ref="-2675" />
    <nd ref="-2676" />
    <nd ref="-2677" />
    <nd ref="-2678" />
    <nd ref="-2679" />
    <nd ref="-2680" />
    <nd ref="-2681" />
    <nd ref="-2682" />
    <nd ref="-2683" />
    <nd ref="-2684" />
    <nd ref="-2685" />
    <nd ref="-2686" />
    <nd ref="-2687" />
    <nd ref="-2688" />
    <nd ref="-2689" />
    <nd ref="-2690" />
    <nd ref="-2691" />
    <nd ref="-2692" />
    <nd ref="-2693" />
    <tag k="natural" v="water" />
    <tag k="water" v="river" />
  </way>
  <node id="-2656" lat="33.5629967" lon="130.4145829" />
  <node id="-2657" lat="33.563006" lon="130.41455" />
  <node id="-2658" lat="33.5631738" lon="130.4146353" />
  <node id="-2659" lat="33.5632099" lon="130.4146497" />
  <node id="-2660" lat="33.563313" lon="130.4146568" />
  <node id="-2661" lat="33.563396" lon="130.4146658" />
  <node id="-2662" lat="33.563449" lon="130.4146819" />
  <node id="-2663" lat="33.563633" lon="130.4147663" />
  <node id="-2664" lat="33.563734" lon="130.4148173" />
  <node id="-2665" lat="33.5638654" lon="130.4148168" />
  <node id="-2666" lat="33.563956" lon="130.4148271" />
  <node id="-2667" lat="33.5642328" lon="130.4148449" />
  <node id="-2668" lat="33.5644159" lon="130.4149297" />
  <node id="-2669" lat="33.5646189" lon="130.41503" />
  <node id="-2670" lat="33.5648198" lon="130.4151085" />
  <node id="-2671" lat="33.5649987" lon="130.4151491" />
  <node id="-2672" lat="33.5653188" lon="130.4151191" />
  <node id="-2673" lat="33.565367" lon="130.415113" />
  <node id="-2674" lat="33.5656507" lon="130.4150681" />
  <node id="-2675" lat="33.5656972" lon="130.4150695" />
  <node id="-2676" lat="33.5656993" lon="130.4151244" />
  <node id="-2677" lat="33.5656485" lon="130.4151365" />
  <node id="-2678" lat="33.5653697" lon="130.4151957" />
  <node id="-2679" lat="33.5653222" lon="130.4152116" />
  <node id="-2680" lat="33.5649948" lon="130.4152358" />
  <node id="-2681" lat="33.5649907" lon="130.4152173" />
  <node id="-2682" lat="33.5648055" lon="130.4151621" />
  <node id="-2683" lat="33.5644019" lon="130.4149867" />
  <node id="-2684" lat="33.5642483" lon="130.4148962" />
  <node id="-2685" lat="33.5641569" lon="130.4148843" />
  <node id="-2686" lat="33.5639427" lon="130.414871" />
  <node id="-2687" lat="33.5638041" lon="130.414857" />
  <node id="-2688" lat="33.5637124" lon="130.4148566" />
  <node id="-2689" lat="33.5635453" lon="130.4147667" />
  <node id="-2690" lat="33.5633996" lon="130.4147081" />
  <node id="-2691" lat="33.5633015" lon="130.4146942" />
  <node id="-2692" lat="33.563205" lon="130.4146886" />
  <node id="-2693" lat="33.5629967" lon="130.4145829" />
  <way id="210946913">
    <nd ref="-2694" />
    <nd ref="-2695" />
    <nd ref="-2696" />
    <nd ref="-2697" />
    <nd ref="-2698" />
    <nd ref="-2699" />
    <nd ref="-2700" />
    <nd ref="-2701" />
    <nd ref="-2702" />
    <nd ref="-2703" />
    <nd ref="-2704" />
    <nd ref="-2705" />
    <nd ref="-2706" />
    <nd ref="-2707" />
    <nd ref="-2708" />
    <nd ref="-2709" />
    <nd ref="-2710" />
    <nd ref="-2711" />
    <nd ref="-2712" />
    <nd ref="-2713" />
    <nd ref="-2714" />
    <nd ref="-2715" />
    <nd ref="-2716" />
    <nd ref="-2717" />
    <nd ref="-2718" />
    <nd ref="-2719" />
    <nd ref="-2720" />
    <nd ref="-2721" />
    <nd ref="-2722" />
    <nd ref="-2723" />
    <nd ref="-2724" />
    <nd ref="-2725" />
    <nd ref="-2726" />
    <nd ref="-2727" />
    <nd ref="-2728" />
    <nd ref="-2729" />
    <nd ref="-2730" />
    <nd ref="-2731" />
    <nd ref="-2732" />
    <nd ref="-2733" />
    <nd ref="-2734" />
    <nd ref="-2735" />
    <nd ref="-2736" />
    <nd ref="-2737" />
    <nd ref="-2738" />
    <nd ref="-2739" />
    <nd ref="-2740" />
    <nd ref="-2741" />
    <nd ref="-2742" />
    <nd ref="-2743" />
    <nd ref="-2744" />
    <nd ref="-2745" />
    <nd ref="-2746" />
    <nd ref="-2747" />
    <nd ref="-2748" />
    <nd ref="-2749" />
    <nd ref="-2750" />
    <nd ref="-2751" />
    <nd ref="-2752" />
    <nd ref="-2753" />
    <tag k="natural" v="water" />
    <tag k="water" v="river" />
  </way>
  <node id="-2694" lat="33.5656972" lon="130.4150695" />
  <node id="-2695" lat="33.5657638" lon="130.4150318" />
  <node id="-2696" lat="33.5658111" lon="130.4150641" />
  <node id="-2697" lat="33.5660374" lon="130.4151472" />
  <node id="-2698" lat="33.5661254" lon="130.415188" />
  <node id="-2699" lat="33.5666844" lon="130.415465" />
  <node id="-2700" lat="33.5671429" lon="130.4156671" />
  <node id="-2701" lat="33.5682418" lon="130.4161673" />
  <node id="-2702" lat="33.569569" lon="130.416774" />
  <node id="-2703" lat="33.5701374" lon="130.4170319" />
  <node id="-2704" lat="33.5704535" lon="130.4171838" />
  <node id="-2705" lat="33.5705826" lon="130.4172608" />
  <node id="-2706" lat="33.5706418" lon="130.4173004" />
  <node id="-2707" lat="33.5707602" lon="130.4173849" />
  <node id="-2708" lat="33.5708244" lon="130.4174338" />
  <node id="-2709" lat="33.5709005" lon="130.4175069" />
  <node id="-2710" lat="33.5709809" lon="130.4175966" />
  <node id="-2711" lat="33.5710396" lon="130.4176719" />
  <node id="-2712" lat="33.5710988" lon="130.4177523" />
  <node id="-2713" lat="33.5711721" lon="130.4178564" />
  <node id="-2714" lat="33.5713919" lon="130.4181733" />
  <node id="-2715" lat="33.5717542" lon="130.4187285" />
  <node id="-2716" lat="33.5720625" lon="130.41906" />
  <node id="-2717" lat="33.5738695" lon="130.4202909" />
  <node id="-2718" lat="33.5739727" lon="130.420369" />
  <node id="-2719" lat="33.5740553" lon="130.4204315" />
  <node id="-2720" lat="33.5741176" lon="130.4204787" />
  <node id="-2721" lat="33.5742897" lon="130.4205458" />
  <node id="-2722" lat="33.5744603" lon="130.4205846" />
  <node id="-2723" lat="33.5747209" lon="130.420528" />
  <node id="-2724" lat="33.5746787" lon="130.4206872" />
  <node id="-2725" lat="33.5744528" lon="130.4206541" />
  <node id="-2726" lat="33.5742769" lon="130.4206413" />
  <node id="-2727" lat="33.5741032" lon="130.4205791" />
  <node id="-2728" lat="33.5740131" lon="130.4205135" />
  <node id="-2729" lat="33.5739293" lon="130.4204526" />
  <node id="-2730" lat="33.5738365" lon="130.4203851" />
  <node id="-2731" lat="33.5720344" lon="130.4191105" />
  <node id="-2732" lat="33.5717175" lon="130.4187725" />
  <node id="-2733" lat="33.57133" lon="130.4182416" />
  <node id="-2734" lat="33.5710995" lon="130.4179196" />
  <node id="-2735" lat="33.5710335" lon="130.4178227" />
  <node id="-2736" lat="33.5709714" lon="130.4177362" />
  <node id="-2737" lat="33.5709063" lon="130.417654" />
  <node id="-2738" lat="33.5708418" lon="130.4175867" />
  <node id="-2739" lat="33.5707765" lon="130.4175263" />
  <node id="-2740" lat="33.5707088" lon="130.417468" />
  <node id="-2741" lat="33.5705999" lon="130.4173835" />
  <node id="-2742" lat="33.5705435" lon="130.4173467" />
  <node id="-2743" lat="33.5704288" lon="130.4172862" />
  <node id="-2744" lat="33.5700936" lon="130.4171258" />
  <node id="-2745" lat="33.5695335" lon="130.4168732" />
  <node id="-2746" lat="33.568212" lon="130.4162679" />
  <node id="-2747" lat="33.5671096" lon="130.4157667" />
  <node id="-2748" lat="33.5666099" lon="130.4155315" />
  <node id="-2749" lat="33.5663026" lon="130.4153741" />
  <node id="-2750" lat="33.5660865" lon="130.4152856" />
  <node id="-2751" lat="33.5659614" lon="130.4152264" />
  <node id="-2752" lat="33.5656993" lon="130.4151244" />
  <node id="-2753" lat="33.5656972" lon="130.4150695" />
  <way id="210946914">
    <nd ref="-2754" />
    <nd ref="-2755" />
    <nd ref="-2756" />
    <nd ref="-2757" />
    <nd ref="-2758" />
    <nd ref="-2759" />
    <nd ref="-2760" />
    <nd ref="-2761" />
    <nd ref="-2762" />
    <nd ref="-2763" />
    <nd ref="-2764" />
    <nd ref="-2765" />
    <nd ref="-2766" />
    <nd ref="-2767" />
    <nd ref="-2768" />
    <nd ref="-2769" />
    <nd ref="-2770" />
    <nd ref="-2771" />
    <nd ref="-2772" />
    <nd ref="-2773" />
    <nd ref="-2774" />
    <nd ref="-2775" />
    <nd ref="-2776" />
    <nd ref="-2777" />
    <nd ref="-2778" />
    <nd ref="-2779" />
    <nd ref="-2780" />
    <nd ref="-2781" />
    <nd ref="-2782" />
    <nd ref="-2783" />
    <nd ref="-2784" />
    <nd ref="-2785" />
    <nd ref="-2786" />
    <nd ref="-2787" />
    <nd ref="-2788" />
    <nd ref="-2789" />
    <nd ref="-2790" />
    <nd ref="-2791" />
    <nd ref="-2792" />
    <nd ref="-2793" />
    <nd ref="-2794" />
    <nd ref="-2795" />
    <nd ref="-2796" />
    <nd ref="-2797" />
    <nd ref="-2798" />
    <nd ref="-2799" />
    <nd ref="-2800" />
    <nd ref="-2801" />
    <nd ref="-2802" />
    <nd ref="-2803" />
    <nd ref="-2804" />
    <nd ref="-2805" />
    <nd ref="-2806" />
    <nd ref="-2807" />
    <nd ref="-2808" />
    <nd ref="-2809" />
    <nd ref="-2810" />
    <nd ref="-2811" />
    <nd ref="-2812" />
    <nd ref="-2813" />
    <nd ref="-2814" />
    <nd ref="-2815" />
    <nd ref="-2816" />
    <nd ref="-2817" />
    <nd ref="-2818" />
    <nd ref="-2819" />
    <nd ref="-2820" />
    <nd ref="-2821" />
    <nd ref="-2822" />
    <nd ref="-2823" />
    <nd ref="-2824" />
    <nd ref="-2825" />
    <nd ref="-2826" />
    <nd ref="-2827" />
    <nd ref="-2828" />
    <tag k="natural" v="water" />
    <tag k="water" v="river" />
  </way>
  <node id="-2754" lat="33.5564955" lon="130.4165406" />
  <node id="-2755" lat="33.5566757" lon="130.4165351" />
  <node id="-2756" lat="33.5568119" lon="130.4165396" />
  <node id="-2757" lat="33.5569428" lon="130.4165099" />
  <node id="-2758" lat="33.5571557" lon="130.4164003" />
  <node id="-2759" lat="33.5572414" lon="130.4163546" />
  <node id="-2760" lat="33.5573005" lon="130.4163033" />
  <node id="-2761" lat="33.5573569" lon="130.4162501" />
  <node id="-2762" lat="33.5574164" lon="130.4161586" />
  <node id="-2763" lat="33.5575686" lon="130.4157886" />
  <node id="-2764" lat="33.557677" lon="130.4154791" />
  <node id="-2765" lat="33.5577009" lon="130.4154012" />
  <node id="-2766" lat="33.5577233" lon="130.415329" />
  <node id="-2767" lat="33.5577742" lon="130.4152623" />
  <node id="-2768" lat="33.5578269" lon="130.4151969" />
  <node id="-2769" lat="33.5579254" lon="130.4151221" />
  <node id="-2770" lat="33.5580039" lon="130.4150808" />
  <node id="-2771" lat="33.5581217" lon="130.415053" />
  <node id="-2772" lat="33.558377" lon="130.4150698" />
  <node id="-2773" lat="33.5584663" lon="130.4150747" />
  <node id="-2774" lat="33.5587898" lon="130.4151365" />
  <node id="-2775" lat="33.5591701" lon="130.4151843" />
  <node id="-2776" lat="33.5594567" lon="130.4152333" />
  <node id="-2777" lat="33.5599331" lon="130.4151987" />
  <node id="-2778" lat="33.5603709" lon="130.4152099" />
  <node id="-2779" lat="33.5605164" lon="130.4152043" />
  <node id="-2780" lat="33.5606167" lon="130.4152015" />
  <node id="-2781" lat="33.5611821" lon="130.4151165" />
  <node id="-2782" lat="33.5612347" lon="130.4151066" />
  <node id="-2783" lat="33.561414" lon="130.4150863" />
  <node id="-2784" lat="33.5621375" lon="130.4149849" />
  <node id="-2785" lat="33.5623637" lon="130.4149156" />
  <node id="-2786" lat="33.5624563" lon="130.4148377" />
  <node id="-2787" lat="33.5626148" lon="130.4147163" />
  <node id="-2788" lat="33.5628231" lon="130.4145775" />
  <node id="-2789" lat="33.5629125" lon="130.4145416" />
  <node id="-2790" lat="33.5629809" lon="130.4145403" />
  <node id="-2791" lat="33.563006" lon="130.41455" />
  <node id="-2792" lat="33.5629967" lon="130.4145829" />
  <node id="-2793" lat="33.5629191" lon="130.4145808" />
  <node id="-2794" lat="33.5628797" lon="130.4145956" />
  <node id="-2795" lat="33.5626605" lon="130.4147565" />
  <node id="-2796" lat="33.5624635" lon="130.4149063" />
  <node id="-2797" lat="33.5623834" lon="130.4149608" />
  <node id="-2798" lat="33.562095" lon="130.4150465" />
  <node id="-2799" lat="33.5614205" lon="130.4151513" />
  <node id="-2800" lat="33.5611645" lon="130.4151709" />
  <node id="-2801" lat="33.5606314" lon="130.4152529" />
  <node id="-2802" lat="33.5605093" lon="130.4152583" />
  <node id="-2803" lat="33.5599289" lon="130.415248" />
  <node id="-2804" lat="33.559445" lon="130.4152789" />
  <node id="-2805" lat="33.5591675" lon="130.41523" />
  <node id="-2806" lat="33.5587959" lon="130.41519" />
  <node id="-2807" lat="33.5585893" lon="130.4151748" />
  <node id="-2808" lat="33.5584548" lon="130.4151561" />
  <node id="-2809" lat="33.5583637" lon="130.4151441" />
  <node id="-2810" lat="33.5581268" lon="130.4151232" />
  <node id="-2811" lat="33.5580191" lon="130.4151501" />
  <node id="-2812" lat="33.5579367" lon="130.415203" />
  <node id="-2813" lat="33.557864" lon="130.4152691" />
  <node id="-2814" lat="33.5578155" lon="130.4153157" />
  <node id="-2815" lat="33.5577746" lon="130.4153735" />
  <node id="-2816" lat="33.5577483" lon="130.4154338" />
  <node id="-2817" lat="33.5577173" lon="130.4154975" />
  <node id="-2818" lat="33.5575992" lon="130.4157982" />
  <node id="-2819" lat="33.5574407" lon="130.4161705" />
  <node id="-2820" lat="33.5573831" lon="130.4162703" />
  <node id="-2821" lat="33.5573199" lon="130.4163378" />
  <node id="-2822" lat="33.557261" lon="130.4163847" />
  <node id="-2823" lat="33.5571766" lon="130.4164467" />
  <node id="-2824" lat="33.5569567" lon="130.4165639" />
  <node id="-2825" lat="33.5568175" lon="130.4165935" />
  <node id="-2826" lat="33.5566762" lon="130.416589" />
  <node id="-2827" lat="33.5564967" lon="130.4165945" />
  <node id="-2828" lat="33.5564955" lon="130.4165406" />
  <way id="211052061">
    <nd ref="-2829" />
    <nd ref="-2830" />
    <nd ref="-2831" />
    <nd ref="-2832" />
    <nd ref="-2833" />
    <tag k="natural" v="water" />
  </way>
  <node id="-2829" lat="33.5768889" lon="130.4051028" />
  <node id="-2830" lat="33.5764442" lon="130.405473" />
  <node id="-2831" lat="33.5764665" lon="130.4055116" />
  <node id="-2832" lat="33.5769112" lon="130.4051414" />
  <node id="-2833" lat="33.5768889" lon="130.4051028" />
  <way id="211052062">
    <nd ref="-2834" />
    <nd ref="-2835" />
    <nd ref="-2836" />
    <nd ref="-2837" />
    <nd ref="-2838" />
    <tag k="natural" v="water" />
  </way>
  <node id="-2834" lat="33.5776272" lon="130.4044564" />
  <node id="-2835" lat="33.5773184" lon="130.4047259" />
  <node id="-2836" lat="33.5773433" lon="130.4047669" />
  <node id="-2837" lat="33.5776521" lon="130.4044974" />
  <node id="-2838" lat="33.5776272" lon="130.4044564" />
  <way id="211052063">
    <nd ref="-2839" />
    <nd ref="-2840" />
    <nd ref="-2841" />
    <nd ref="-2842" />
    <nd ref="-2843" />
    <tag k="natural" v="water" />
  </way>
  <node id="-2839" lat="33.5806524" lon="130.401891" />
  <node id="-2840" lat="33.5796769" lon="130.4026856" />
  <node id="-2841" lat="33.5797072" lon="130.4027392" />
  <node id="-2842" lat="33.5806827" lon="130.4019446" />
  <node id="-2843" lat="33.5806524" lon="130.401891" />
  <way id="211052064">
    <nd ref="-2844" />
    <nd ref="-2845" />
    <nd ref="-2846" />
    <nd ref="-2847" />
    <nd ref="-2848" />
    <tag k="natural" v="water" />
  </way>
  <node id="-2844" lat="33.5772625" lon="130.4047824" />
  <node id="-2845" lat="33.5769334" lon="130.4050615" />
  <node id="-2846" lat="33.5769572" lon="130.4051019" />
  <node id="-2847" lat="33.5772863" lon="130.4048229" />
  <node id="-2848" lat="33.5772625" lon="130.4047824" />
  <way id="211052065">
    <nd ref="-2849" />
    <nd ref="-2850" />
    <nd ref="-2851" />
    <nd ref="-2852" />
    <nd ref="-2853" />
    <tag k="natural" v="water" />
  </way>
  <node id="-2849" lat="33.57595" lon="130.4058877" />
  <node id="-2850" lat="33.5751784" lon="130.4065239" />
  <node id="-2851" lat="33.5752029" lon="130.4065668" />
  <node id="-2852" lat="33.5759745" lon="130.4059306" />
  <node id="-2853" lat="33.57595" lon="130.4058877" />
  <way id="211052066">
    <nd ref="-2854" />
    <nd ref="-2855" />
    <nd ref="-2856" />
    <nd ref="-2857" />
    <nd ref="-2858" />
    <tag k="natural" v="water" />
  </way>
  <node id="-2854" lat="33.5788797" lon="130.4033679" />
  <node id="-2855" lat="33.5785238" lon="130.4036763" />
  <node id="-2856" lat="33.5785531" lon="130.4037249" />
  <node id="-2857" lat="33.5789089" lon="130.4034165" />
  <node id="-2858" lat="33.5788797" lon="130.4033679" />
  <way id="211052068">
    <nd ref="-2859" />
    <nd ref="-2860" />
    <nd ref="-2861" />
    <nd ref="-2862" />
    <nd ref="-2863" />
    <tag k="natural" v="water" />
  </way>
  <node id="-2859" lat="33.5784507" lon="130.4037373" />
  <node id="-2860" lat="33.5781046" lon="130.4040285" />
  <node id="-2861" lat="33.5781334" lon="130.4040778" />
  <node id="-2862" lat="33.5784795" lon="130.4037866" />
  <node id="-2863" lat="33.5784507" lon="130.4037373" />
  <way id="211052070">
    <nd ref="-2864" />
    <nd ref="-2865" />
    <nd ref="-2866" />
    <nd ref="-2867" />
    <nd ref="-2868" />
    <tag k="natural" v="water" />
  </way>
  <node id="-2864" lat="33.5751464" lon="130.406551" />
  <node id="-2865" lat="33.5749142" lon="130.4067425" />
  <node id="-2866" lat="33.5749388" lon="130.4067854" />
  <node id="-2867" lat="33.575171" lon="130.4065939" />
  <node id="-2868" lat="33.5751464" lon="130.406551" />
  <way id="211052072">
    <nd ref="-2869" />
    <nd ref="-2870" />
    <nd ref="-2871" />
    <nd ref="-2872" />
    <nd ref="-2873" />
    <tag k="natural" v="water" />
  </way>
  <node id="-2869" lat="33.5792335" lon="130.4030596" />
  <node id="-2870" lat="33.578919" lon="130.4033246" />
  <node id="-2871" lat="33.5789494" lon="130.4033766" />
  <node id="-2872" lat="33.5792639" lon="130.4031115" />
  <node id="-2873" lat="33.5792335" lon="130.4030596" />
  <way id="211052073">
    <nd ref="-2874" />
    <nd ref="-2875" />
    <nd ref="-2876" />
    <nd ref="-2877" />
    <nd ref="-2878" />
    <tag k="natural" v="water" />
  </way>
  <node id="-2874" lat="33.5764056" lon="130.4055114" />
  <node id="-2875" lat="33.576042" lon="130.4058196" />
  <node id="-2876" lat="33.5760658" lon="130.4058601" />
  <node id="-2877" lat="33.5764294" lon="130.4055518" />
  <node id="-2878" lat="33.5764056" lon="130.4055114" />
  <way id="211052074">
    <nd ref="-2879" />
    <nd ref="-2880" />
    <nd ref="-2881" />
    <nd ref="-2882" />
    <nd ref="-2883" />
    <tag k="natural" v="water" />
  </way>
  <node id="-2879" lat="33.578069" lon="130.4040586" />
  <node id="-2880" lat="33.5776682" lon="130.404413" />
  <node id="-2881" lat="33.5776968" lon="130.4044595" />
  <node id="-2882" lat="33.5780976" lon="130.4041051" />
  <node id="-2883" lat="33.578069" lon="130.4040586" />
  <way id="211052075">
    <nd ref="-2884" />
    <nd ref="-2885" />
    <nd ref="-2886" />
    <nd ref="-2887" />
    <nd ref="-2888" />
    <tag k="natural" v="water" />
  </way>
  <node id="-2884" lat="33.5796044" lon="130.4027469" />
  <node id="-2885" lat="33.5792666" lon="130.4030221" />
  <node id="-2886" lat="33.5792969" lon="130.4030756" />
  <node id="-2887" lat="33.5796347" lon="130.4028004" />
  <node id="-2888" lat="33.5796044" lon="130.4027469" />
  <way id="380341522">
    <nd ref="-2889" />
    <nd ref="-2890" />
    <nd ref="-2891" />
    <nd ref="-2892" />
    <nd ref="-2893" />
    <nd ref="-2894" />
    <nd ref="-2895" />
    <nd ref="-2896" />
    <nd ref="-2897" />
    <nd ref="-2898" />
    <nd ref="-2899" />
    <nd ref="-2900" />
    <nd ref="-2901" />
    <nd ref="-2902" />
    <nd ref="-2903" />
    <nd ref="-2904" />
    <tag k="name" v="無染池" />
    <tag k="natural" v="water" />
    <tag k="source" v="GSImaps/ort" />
    <tag k="water" v="pond" />
    <tag k="wikidata" v="Q124540298" />
  </way>
  <node id="-2889" lat="33.5965662" lon="130.4136211" />
  <node id="-2890" lat="33.5965282" lon="130.4136694" />
  <node id="-2891" lat="33.5964634" lon="130.4137042" />
  <node id="-2892" lat="33.5964299" lon="130.4137766" />
  <node id="-2893" lat="33.5964366" lon="130.4138249" />
  <node id="-2894" lat="33.596488" lon="130.4138598" />
  <node id="-2895" lat="33.5965304" lon="130.413841" />
  <node id="-2896" lat="33.5965572" lon="130.4137954" />
  <node id="-2897" lat="33.596571" lon="130.413692" />
  <node id="-2898" lat="33.5965911" lon="130.4136547" />
  <node id="-2899" lat="33.596622" lon="130.4136533" />
  <node id="-2900" lat="33.5966421" lon="130.4136023" />
  <node id="-2901" lat="33.5966399" lon="130.4135513" />
  <node id="-2902" lat="33.5965885" lon="130.4135433" />
  <node id="-2903" lat="33.5965662" lon="130.4135943" />
  <node id="-2904" lat="33.5965662" lon="130.4136211" />
  <way id="425431906">
    <nd ref="-2905" />
    <nd ref="-2906" />
    <tag k="layer" v="-1" />
    <tag k="name" v="御笠川放水路" />
    <tag k="name:ja" v="御笠川放水路" />
    <tag k="note" v="National-Land Numerical Information (River) 2006, MLIT Japan" />
    <tag k="note:ja" v="国土数値情報(河川データ)平成18年国土交通省" />
    <tag k="source" v="KSJ2" />
    <tag k="source_ref" v="http://nlftp.mlit.go.jp/ksj/jpgis/datalist/KsjTmplt-W05.html" />
    <tag k="tunnel" v="culvert" />
    <tag k="waterway" v="river" />
  </way>
  <node id="-2905" lat="33.573342" lon="130.426177" />
  <node id="-2906" lat="33.573352" lon="130.4258508" />
  <way id="425431907">
    <nd ref="-2907" />
    <nd ref="-2908" />
    <tag k="name" v="御笠川放水路" />
    <tag k="name:ja" v="御笠川放水路" />
    <tag k="note" v="National-Land Numerical Information (River) 2006, MLIT Japan" />
    <tag k="note:ja" v="国土数値情報(河川データ)平成18年国土交通省" />
    <tag k="source" v="KSJ2" />
    <tag k="source_ref" v="http://nlftp.mlit.go.jp/ksj/jpgis/datalist/KsjTmplt-W05.html" />
    <tag k="waterway" v="river" />
  </way>
  <node id="-2907" lat="33.573352" lon="130.4258508" />
  <node id="-2908" lat="33.5728487" lon="130.4251767" />
  <way id="425651872">
    <nd ref="-2909" />
    <nd ref="-2910" />
    <tag k="layer" v="-1" />
    <tag k="name" v="上牟田川" />
    <tag k="name:ja" v="上牟田川" />
    <tag k="note" v="National-Land Numerical Information (River) 2006, MLIT Japan" />
    <tag k="note:ja" v="国土数値情報(河川データ)平成18年国土交通省" />
    <tag k="source" v="KSJ2" />
    <tag k="source_ref" v="http://nlftp.mlit.go.jp/ksj/jpgis/datalist/KsjTmplt-W05.html" />
    <tag k="tunnel" v="culvert" />
    <tag k="waterway" v="river" />
  </way>
  <node id="-2909" lat="33.5867855" lon="130.438273" />
  <node id="-2910" lat="33.5869146" lon="130.4387248" />
  <way id="425651873">
    <nd ref="-2911" />
    <nd ref="-2912" />
    <nd ref="-2913" />
    <nd ref="-2914" />
    <nd ref="-2915" />
    <nd ref="-2916" />
    <tag k="name" v="上牟田川" />
    <tag k="name:ja" v="上牟田川" />
    <tag k="note" v="National-Land Numerical Information (River) 2006, MLIT Japan" />
    <tag k="note:ja" v="国土数値情報(河川データ)平成18年国土交通省" />
    <tag k="source" v="KSJ2" />
    <tag k="source_ref" v="http://nlftp.mlit.go.jp/ksj/jpgis/datalist/KsjTmplt-W05.html" />
    <tag k="waterway" v="river" />
  </way>
  <node id="-2911" lat="33.5869146" lon="130.4387248" />
  <node id="-2912" lat="33.5870538" lon="130.4392163" />
  <node id="-2913" lat="33.5870688" lon="130.4392364" />
  <node id="-2914" lat="33.5870858" lon="130.439259" />
  <node id="-2915" lat="33.5871807" lon="130.4395681" />
  <node id="-2916" lat="33.5871612" lon="130.4396328" />
  <way id="489707331">
    <nd ref="-2917" />
    <nd ref="-2918" />
    <nd ref="-2919" />
    <nd ref="-2920" />
    <nd ref="-2921" />
    <nd ref="-2922" />
    <nd ref="-2923" />
    <nd ref="-2924" />
    <nd ref="-2925" />
    <nd ref="-2926" />
    <tag k="natural" v="water" />
    <tag k="water" v="pond" />
  </way>
  <node id="-2917" lat="33.5923254" lon="130.4019865" />
  <node id="-2918" lat="33.5923115" lon="130.4019905" />
  <node id="-2919" lat="33.592312" lon="130.4020214" />
  <node id="-2920" lat="33.5922936" lon="130.4020267" />
  <node id="-2921" lat="33.5922807" lon="130.4020348" />
  <node id="-2922" lat="33.5922796" lon="130.4020488" />
  <node id="-2923" lat="33.5922891" lon="130.4020509" />
  <node id="-2924" lat="33.5923092" lon="130.4020421" />
  <node id="-2925" lat="33.5923355" lon="130.4020307" />
  <node id="-2926" lat="33.5923254" lon="130.4019865" />
  <way id="489707332">
    <nd ref="-2927" />
    <nd ref="-2928" />
    <nd ref="-2929" />
    <nd ref="-2930" />
    <nd ref="-2931" />
    <nd ref="-2932" />
    <tag k="natural" v="water" />
    <tag k="water" v="pond" />
  </way>
  <node id="-2927" lat="33.5923228" lon="130.4019716" />
  <node id="-2928" lat="33.5923161" lon="130.4019515" />
  <node id="-2929" lat="33.5923027" lon="130.4019468" />
  <node id="-2930" lat="33.5922965" lon="130.4019595" />
  <node id="-2931" lat="33.5923032" lon="130.4019837" />
  <node id="-2932" lat="33.5923228" lon="130.4019716" />
  <way id="494107247">
    <nd ref="-2933" />
    <nd ref="-2934" />
    <nd ref="-2935" />
    <nd ref="-2936" />
    <nd ref="-2937" />
    <nd ref="-2938" />
    <nd ref="-2939" />
    <tag k="note" v="National-Land Numerical Information (River) 2006, MLIT Japan" />
    <tag k="note:ja" v="国土数値情報(河川データ)平成18年国土交通省" />
    <tag k="source" v="KSJ2" />
    <tag k="source_ref" v="http://nlftp.mlit.go.jp/ksj/jpgis/datalist/KsjTmplt-W05.html" />
    <tag k="waterway" v="stream" />
  </way>
  <node id="-2933" lat="33.5972048" lon="130.4413764" />
  <node id="-2934" lat="33.5973059" lon="130.4413064" />
  <node id="-2935" lat="33.5981976" lon="130.4411461" />
  <node id="-2936" lat="33.5986362" lon="130.440855" />
  <node id="-2937" lat="33.599102" lon="130.440394" />
  <node id="-2938" lat="33.599463" lon="130.440044" />
  <node id="-2939" lat="33.5997669" lon="130.4397054" />
  <way id="495986770">
    <nd ref="-2940" />
    <nd ref="-2941" />
    <tag k="name" v="吉塚新川" />
    <tag k="name:en" v="Yoshizuka New River" />
    <tag k="name:ja" v="吉塚新川" />
    <tag k="note" v="National-Land Numerical Information (River) 2006, MLIT Japan" />
    <tag k="note:ja" v="国土数値情報(河川データ)平成18年国土交通省" />
    <tag k="source" v="KSJ2" />
    <tag k="source_ref" v="http://nlftp.mlit.go.jp/ksj/jpgis/datalist/KsjTmplt-W05.html" />
    <tag k="waterway" v="river" />
  </way>
  <node id="-2940" lat="33.598595" lon="130.44836" />
  <node id="-2941" lat="33.6002765" lon="130.4489041" />
  <way id="529445577">
    <nd ref="-2942" />
    <nd ref="-2943" />
    <nd ref="-2944" />
    <nd ref="-2945" />
    <nd ref="-2946" />
    <nd ref="-2947" />
    <nd ref="-2948" />
    <nd ref="-2949" />
    <nd ref="-2950" />
    <nd ref="-2951" />
    <nd ref="-2952" />
    <nd ref="-2953" />
    <nd ref="-2954" />
    <tag k="natural" v="water" />
    <tag k="water" v="river" />
  </way>
  <node id="-2942" lat="33.5936726" lon="130.4442076" />
  <node id="-2943" lat="33.5946009" lon="130.443584" />
  <node id="-2944" lat="33.5948992" lon="130.4432782" />
  <node id="-2945" lat="33.5954432" lon="130.4431281" />
  <node id="-2946" lat="33.5956096" lon="130.4430113" />
  <node id="-2947" lat="33.5961559" lon="130.4427659" />
  <node id="-2948" lat="33.5961402" lon="130.4427176" />
  <node id="-2949" lat="33.5955805" lon="130.4429658" />
  <node id="-2950" lat="33.5954275" lon="130.4430824" />
  <node id="-2951" lat="33.5948768" lon="130.4432246" />
  <node id="-2952" lat="33.5945819" lon="130.4435357" />
  <node id="-2953" lat="33.5936525" lon="130.4441607" />
  <node id="-2954" lat="33.5936726" lon="130.4442076" />
  <way id="529445582">
    <nd ref="-2955" />
    <nd ref="-2956" />
    <nd ref="-2957" />
    <nd ref="-2958" />
    <nd ref="-2959" />
    <tag k="natural" v="water" />
    <tag k="water" v="river" />
  </way>
  <node id="-2955" lat="33.5955896" lon="130.4456465" />
  <node id="-2956" lat="33.5955675" lon="130.4455995" />
  <node id="-2957" lat="33.5940735" lon="130.446613" />
  <node id="-2958" lat="33.5940956" lon="130.44666" />
  <node id="-2959" lat="33.5955896" lon="130.4456465" />
  <way id="529445595">
    <nd ref="-2960" />
    <nd ref="-2961" />
    <nd ref="-2962" />
    <nd ref="-2963" />
    <nd ref="-2964" />
    <tag k="natural" v="water" />
    <tag k="water" v="river" />
  </way>
  <node id="-2960" lat="33.5814196" lon="130.4551065" />
  <node id="-2961" lat="33.5823482" lon="130.4544672" />
  <node id="-2962" lat="33.5823709" lon="130.4545147" />
  <node id="-2963" lat="33.5814423" lon="130.455154" />
  <node id="-2964" lat="33.5814196" lon="130.4551065" />
  <way id="529476306">
    <nd ref="-2965" />
    <nd ref="-2966" />
    <nd ref="-2967" />
    <nd ref="-2968" />
    <nd ref="-2969" />
    <tag k="natural" v="water" />
    <tag k="water" v="river" />
  </way>
  <node id="-2965" lat="33.5777041" lon="130.4576415" />
  <node id="-2966" lat="33.5774628" lon="130.457789" />
  <node id="-2967" lat="33.5774874" lon="130.4578292" />
  <node id="-2968" lat="33.5777242" lon="130.4576898" />
  <node id="-2969" lat="33.5777041" lon="130.4576415" />
  <way id="529476307">
    <nd ref="-2970" />
    <nd ref="-2971" />
    <nd ref="-2972" />
    <nd ref="-2973" />
    <nd ref="-2974" />
    <tag k="natural" v="water" />
    <tag k="water" v="river" />
  </way>
  <node id="-2970" lat="33.5791969" lon="130.4566881" />
  <node id="-2971" lat="33.5791736" lon="130.4566387" />
  <node id="-2972" lat="33.5783103" lon="130.4572256" />
  <node id="-2973" lat="33.5783335" lon="130.457275" />
  <node id="-2974" lat="33.5791969" lon="130.4566881" />
  <way id="529476320">
    <nd ref="-2975" />
    <nd ref="-2976" />
    <nd ref="-2977" />
    <nd ref="-2978" />
    <nd ref="-2979" />
    <tag k="natural" v="water" />
    <tag k="water" v="river" />
  </way>
  <node id="-2975" lat="33.5800235" lon="130.4532995" />
  <node id="-2976" lat="33.5800045" lon="130.4532589" />
  <node id="-2977" lat="33.5797529" lon="130.4534285" />
  <node id="-2978" lat="33.5797719" lon="130.4534692" />
  <node id="-2979" lat="33.5800235" lon="130.4532995" />
  <way id="529476321">
    <nd ref="-2980" />
    <nd ref="-2981" />
    <nd ref="-2982" />
    <nd ref="-2983" />
    <nd ref="-2984" />
    <tag k="natural" v="water" />
    <tag k="water" v="river" />
  </way>
  <node id="-2980" lat="33.5859533" lon="130.4520086" />
  <node id="-2981" lat="33.5859731" lon="130.4520503" />
  <node id="-2982" lat="33.585128" lon="130.452628" />
  <node id="-2983" lat="33.5851083" lon="130.4525863" />
  <node id="-2984" lat="33.5859533" lon="130.4520086" />
  <way id="529476322">
    <nd ref="-2985" />
    <nd ref="-2986" />
    <nd ref="-2987" />
    <nd ref="-2988" />
    <nd ref="-2989" />
    <tag k="natural" v="water" />
    <tag k="water" v="river" />
  </way>
  <node id="-2985" lat="33.5846855" lon="130.4529378" />
  <node id="-2986" lat="33.5846651" lon="130.452894" />
  <node id="-2987" lat="33.5839821" lon="130.4533524" />
  <node id="-2988" lat="33.5840025" lon="130.4533961" />
  <node id="-2989" lat="33.5846855" lon="130.4529378" />
  <way id="529476328">
    <nd ref="-2990" />
    <nd ref="-2991" />
    <nd ref="-2992" />
    <nd ref="-2993" />
    <nd ref="-2994" />
    <tag k="natural" v="water" />
    <tag k="water" v="river" />
  </way>
  <node id="-2990" lat="33.5837326" lon="130.4512215" />
  <node id="-2991" lat="33.5837104" lon="130.4511746" />
  <node id="-2992" lat="33.5827625" lon="130.4518312" />
  <node id="-2993" lat="33.5827847" lon="130.4518782" />
  <node id="-2994" lat="33.5837326" lon="130.4512215" />
  <way id="529476329">
    <nd ref="-2995" />
    <nd ref="-2996" />
    <nd ref="-2997" />
    <nd ref="-2998" />
    <nd ref="-2999" />
    <tag k="natural" v="water" />
    <tag k="water" v="river" />
  </way>
  <node id="-2995" lat="33.58522" lon="130.4501863" />
  <node id="-2996" lat="33.5851988" lon="130.4501447" />
  <node id="-2997" lat="33.5843135" lon="130.4507576" />
  <node id="-2998" lat="33.5843413" lon="130.4507938" />
  <node id="-2999" lat="33.58522" lon="130.4501863" />
  <way id="529476358">
    <nd ref="-3000" />
    <nd ref="-3001" />
    <nd ref="-3002" />
    <nd ref="-3003" />
    <nd ref="-3004" />
    <nd ref="-3005" />
    <nd ref="-3006" />
    <nd ref="-3007" />
    <nd ref="-3008" />
    <nd ref="-3009" />
    <nd ref="-3010" />
    <nd ref="-3011" />
    <nd ref="-3012" />
    <tag k="natural" v="water" />
    <tag k="water" v="river" />
  </way>
  <node id="-3000" lat="33.5891084" lon="130.4498663" />
  <node id="-3001" lat="33.5889375" lon="130.4499845" />
  <node id="-3002" lat="33.5889328" lon="130.4499747" />
  <node id="-3003" lat="33.5870558" lon="130.4512514" />
  <node id="-3004" lat="33.5870634" lon="130.4512677" />
  <node id="-3005" lat="33.5868682" lon="130.4514005" />
  <node id="-3006" lat="33.5868774" lon="130.4514158" />
  <node id="-3007" lat="33.5870706" lon="130.4512841" />
  <node id="-3008" lat="33.5870782" lon="130.4512982" />
  <node id="-3009" lat="33.5889537" lon="130.4500192" />
  <node id="-3010" lat="33.5889467" lon="130.4500047" />
  <node id="-3011" lat="33.5891212" lon="130.4498838" />
  <node id="-3012" lat="33.5891084" lon="130.4498663" />
  <way id="529476363">
    <nd ref="-3013" />
    <nd ref="-3014" />
    <nd ref="-3015" />
    <nd ref="-3016" />
    <nd ref="-3017" />
    <nd ref="-3018" />
    <nd ref="-3019" />
    <nd ref="-3020" />
    <nd ref="-3021" />
    <nd ref="-3022" />
    <nd ref="-3023" />
    <tag k="natural" v="water" />
    <tag k="water" v="river" />
  </way>
  <node id="-3013" lat="33.5880328" lon="130.4479028" />
  <node id="-3014" lat="33.5880245" lon="130.4478876" />
  <node id="-3015" lat="33.5882459" lon="130.447737" />
  <node id="-3016" lat="33.58824" lon="130.4477262" />
  <node id="-3017" lat="33.5880187" lon="130.4478769" />
  <node id="-3018" lat="33.5880093" lon="130.4478598" />
  <node id="-3019" lat="33.5869908" lon="130.4485649" />
  <node id="-3020" lat="33.5859628" lon="130.4492597" />
  <node id="-3021" lat="33.5859885" lon="130.4493042" />
  <node id="-3022" lat="33.5870132" lon="130.4486038" />
  <node id="-3023" lat="33.5880328" lon="130.4479028" />
  <way id="552144773">
    <nd ref="-3024" />
    <nd ref="-3025" />
    <nd ref="-3026" />
    <nd ref="-3027" />
    <nd ref="-3028" />
    <tag k="natural" v="water" />
    <tag k="water" v="basin" />
  </way>
  <node id="-3024" lat="33.5868992" lon="130.4402769" />
  <node id="-3025" lat="33.5865506" lon="130.4402876" />
  <node id="-3026" lat="33.5865618" lon="130.4406148" />
  <node id="-3027" lat="33.5869015" lon="130.4406094" />
  <node id="-3028" lat="33.5868992" lon="130.4402769" />
  <way id="683350324">
    <nd ref="-3029" />
    <nd ref="-3030" />
    <tag k="name" v="薬院新川" />
    <tag k="name:en" v="Yakuin Shinkawa River" />
    <tag k="name:ja" v="薬院新川" />
    <tag k="note" v="National-Land Numerical Information (River) 2006, MLIT Japan" />
    <tag k="note:ja" v="国土数値情報(河川データ)平成18年国土交通省" />
    <tag k="source" v="KSJ2" />
    <tag k="source_ref" v="http://nlftp.mlit.go.jp/ksj/jpgis/datalist/KsjTmplt-W05.html" />
    <tag k="waterway" v="river" />
  </way>
  <node id="-3029" lat="33.5857412" lon="130.4019847" />
  <node id="-3030" lat="33.5868047" lon="130.4026119" />
  <way id="683350325">
    <nd ref="-3031" />
    <nd ref="-3032" />
    <tag k="note" v="National-Land Numerical Information (River) 2006, MLIT Japan" />
    <tag k="note:ja" v="国土数値情報(河川データ)平成18年国土交通省" />
    <tag k="source" v="KSJ2" />
    <tag k="source_ref" v="http://nlftp.mlit.go.jp/ksj/jpgis/datalist/KsjTmplt-W05.html" />
    <tag k="waterway" v="stream" />
  </way>
  <node id="-3031" lat="33.5856348" lon="130.4019212" />
  <node id="-3032" lat="33.5857412" lon="130.4019847" />
  <way id="683350326">
    <nd ref="-3033" />
    <nd ref="-3034" />
    <nd ref="-3035" />
    <nd ref="-3036" />
    <nd ref="-3037" />
    <nd ref="-3038" />
    <nd ref="-3039" />
    <nd ref="-3040" />
    <tag k="natural" v="water" />
    <tag k="source" v="Bing" />
  </way>
  <node id="-3033" lat="33.5855877" lon="130.4018159" />
  <node id="-3034" lat="33.5868511" lon="130.4025697" />
  <node id="-3035" lat="33.5868047" lon="130.4026119" />
  <node id="-3036" lat="33.5867468" lon="130.4026611" />
  <node id="-3037" lat="33.586199" lon="130.4023096" />
  <node id="-3038" lat="33.5856753" lon="130.4020212" />
  <node id="-3039" lat="33.5856348" lon="130.4019212" />
  <node id="-3040" lat="33.5855877" lon="130.4018159" />
  <way id="700024105">
    <nd ref="-3041" />
    <nd ref="-3042" />
    <nd ref="-3043" />
    <nd ref="-3044" />
    <nd ref="-3045" />
    <nd ref="-3046" />
    <nd ref="-3047" />
    <nd ref="-3048" />
    <nd ref="-3049" />
    <nd ref="-3050" />
    <nd ref="-3051" />
    <nd ref="-3052" />
    <tag k="note" v="National-Land Numerical Information (River) 2006, MLIT Japan" />
    <tag k="note:ja" v="国土数値情報(河川データ)平成18年国土交通省" />
    <tag k="source" v="KSJ2" />
    <tag k="source_ref" v="http://nlftp.mlit.go.jp/ksj/jpgis/datalist/KsjTmplt-W05.html" />
    <tag k="waterway" v="stream" />
  </way>
  <node id="-3041" lat="33.5651145" lon="130.434312" />
  <node id="-3042" lat="33.565152" lon="130.434406" />
  <node id="-3043" lat="33.565243" lon="130.4346338" />
  <node id="-3044" lat="33.5652808" lon="130.4346858" />
  <node id="-3045" lat="33.5653345" lon="130.4347247" />
  <node id="-3046" lat="33.5654098" lon="130.4347303" />
  <node id="-3047" lat="33.5656717" lon="130.4346117" />
  <node id="-3048" lat="33.5656893" lon="130.4346038" />
  <node id="-3049" lat="33.5658158" lon="130.4345581" />
  <node id="-3050" lat="33.5659145" lon="130.434557" />
  <node id="-3051" lat="33.5661132" lon="130.4345798" />
  <node id="-3052" lat="33.5662912" lon="130.4346052" />
  <way id="724218531">
    <nd ref="-3053" />
    <nd ref="-3054" />
    <nd ref="-3055" />
    <nd ref="-3056" />
    <nd ref="-3057" />
    <nd ref="-3058" />
    <nd ref="-3059" />
    <nd ref="-3060" />
    <nd ref="-3061" />
    <nd ref="-3062" />
    <nd ref="-3063" />
    <nd ref="-3064" />
    <nd ref="-3065" />
    <nd ref="-3066" />
    <nd ref="-3067" />
    <nd ref="-3068" />
    <nd ref="-3069" />
    <nd ref="-3070" />
    <nd ref="-3071" />
    <nd ref="-3072" />
    <nd ref="-3073" />
    <nd ref="-3074" />
    <nd ref="-3075" />
    <nd ref="-3076" />
    <nd ref="-3077" />
    <nd ref="-3078" />
    <nd ref="-3079" />
    <nd ref="-3080" />
    <nd ref="-3081" />
    <nd ref="-3082" />
    <nd ref="-3083" />
    <nd ref="-3084" />
    <nd ref="-3085" />
    <nd ref="-3086" />
    <nd ref="-3087" />
    <nd ref="-3088" />
    <nd ref="-3089" />
    <nd ref="-3090" />
    <nd ref="-3091" />
    <nd ref="-3092" />
    <nd ref="-3093" />
    <nd ref="-3094" />
    <nd ref="-3095" />
    <nd ref="-3096" />
    <nd ref="-3097" />
    <nd ref="-3098" />
    <nd ref="-3099" />
    <nd ref="-3100" />
    <nd ref="-3101" />
    <nd ref="-3102" />
    <nd ref="-3103" />
    <nd ref="-3104" />
    <nd ref="-3105" />
    <nd ref="-3106" />
    <nd ref="-3107" />
    <nd ref="-3108" />
    <nd ref="-3109" />
    <nd ref="-3110" />
    <nd ref="-3111" />
    <nd ref="-3112" />
    <tag k="natural" v="water" />
    <tag k="water" v="reservoir" />
  </way>
  <node id="-3053" lat="33.5860601" lon="130.4618398" />
  <node id="-3054" lat="33.5859897" lon="130.4618281" />
  <node id="-3055" lat="33.585914" lon="130.4618319" />
  <node id="-3056" lat="33.5858016" lon="130.4618101" />
  <node id="-3057" lat="33.5856809" lon="130.4617783" />
  <node id="-3058" lat="33.5855883" lon="130.4617426" />
  <node id="-3059" lat="33.5855041" lon="130.4617233" />
  <node id="-3060" lat="33.5853898" lon="130.4616659" />
  <node id="-3061" lat="33.585314" lon="130.4615882" />
  <node id="-3062" lat="33.5852705" lon="130.4615394" />
  <node id="-3063" lat="33.5852565" lon="130.4615493" />
  <node id="-3064" lat="33.5852592" lon="130.4615724" />
  <node id="-3065" lat="33.5853055" lon="130.4616498" />
  <node id="-3066" lat="33.5853153" lon="130.4617424" />
  <node id="-3067" lat="33.5853137" lon="130.4617894" />
  <node id="-3068" lat="33.5853052" lon="130.4618293" />
  <node id="-3069" lat="33.5852919" lon="130.4618518" />
  <node id="-3070" lat="33.5853065" lon="130.4618665" />
  <node id="-3071" lat="33.5853078" lon="130.4619015" />
  <node id="-3072" lat="33.5852977" lon="130.4619317" />
  <node id="-3073" lat="33.5852905" lon="130.4619548" />
  <node id="-3074" lat="33.5852984" lon="130.462014" />
  <node id="-3075" lat="33.5852908" lon="130.4620266" />
  <node id="-3076" lat="33.5852589" lon="130.4620269" />
  <node id="-3077" lat="33.5852603" lon="130.4620372" />
  <node id="-3078" lat="33.5853033" lon="130.4620434" />
  <node id="-3079" lat="33.5853213" lon="130.4620541" />
  <node id="-3080" lat="33.5853332" lon="130.4620724" />
  <node id="-3081" lat="33.5853587" lon="130.4620877" />
  <node id="-3082" lat="33.5854014" lon="130.4620786" />
  <node id="-3083" lat="33.5854333" lon="130.4620213" />
  <node id="-3084" lat="33.5854906" lon="130.4619978" />
  <node id="-3085" lat="33.5855626" lon="130.461959" />
  <node id="-3086" lat="33.5856048" lon="130.4619535" />
  <node id="-3087" lat="33.5856379" lon="130.4619754" />
  <node id="-3088" lat="33.5856616" lon="130.4619885" />
  <node id="-3089" lat="33.5857381" lon="130.4620713" />
  <node id="-3090" lat="33.5857728" lon="130.462111" />
  <node id="-3091" lat="33.585871" lon="130.4622434" />
  <node id="-3092" lat="33.5858975" lon="130.4622751" />
  <node id="-3093" lat="33.5859223" lon="130.4623089" />
  <node id="-3094" lat="33.5859488" lon="130.4623208" />
  <node id="-3095" lat="33.5859554" lon="130.4623545" />
  <node id="-3096" lat="33.5860298" lon="130.462295" />
  <node id="-3097" lat="33.5860563" lon="130.4623069" />
  <node id="-3098" lat="33.5860645" lon="130.462285" />
  <node id="-3099" lat="33.586" lon="130.4622553" />
  <node id="-3100" lat="33.5860116" lon="130.4622354" />
  <node id="-3101" lat="33.5860529" lon="130.4621778" />
  <node id="-3102" lat="33.5860678" lon="130.4621322" />
  <node id="-3103" lat="33.5860811" lon="130.4620309" />
  <node id="-3104" lat="33.5860893" lon="130.4619714" />
  <node id="-3105" lat="33.5861026" lon="130.4619476" />
  <node id="-3106" lat="33.5860695" lon="130.4619396" />
  <node id="-3107" lat="33.5860794" lon="130.4618821" />
  <node id="-3108" lat="33.5861174" lon="130.461886" />
  <node id="-3109" lat="33.5861274" lon="130.4618503" />
  <node id="-3110" lat="33.5861555" lon="130.4618225" />
  <node id="-3111" lat="33.586096" lon="130.4618258" />
  <node id="-3112" lat="33.5860601" lon="130.4618398" />
  <way id="724223922">
    <nd ref="-3113" />
    <nd ref="-3114" />
    <nd ref="-3115" />
    <nd ref="-3116" />
    <nd ref="-3117" />
    <nd ref="-3118" />
    <nd ref="-3119" />
    <nd ref="-3120" />
    <nd ref="-3121" />
    <nd ref="-3122" />
    <nd ref="-3123" />
    <nd ref="-3124" />
    <nd ref="-3125" />
    <nd ref="-3126" />
    <nd ref="-3127" />
    <nd ref="-3128" />
    <nd ref="-3129" />
    <nd ref="-3130" />
    <nd ref="-3131" />
    <nd ref="-3132" />
    <nd ref="-3133" />
    <nd ref="-3134" />
    <nd ref="-3135" />
    <nd ref="-3136" />
    <nd ref="-3137" />
    <nd ref="-3138" />
    <nd ref="-3139" />
    <nd ref="-3140" />
    <nd ref="-3141" />
    <nd ref="-3142" />
    <nd ref="-3143" />
    <nd ref="-3144" />
    <nd ref="-3145" />
    <nd ref="-3146" />
    <nd ref="-3147" />
    <nd ref="-3148" />
    <nd ref="-3149" />
    <nd ref="-3150" />
    <nd ref="-3151" />
    <nd ref="-3152" />
    <nd ref="-3153" />
    <nd ref="-3154" />
    <nd ref="-3155" />
    <nd ref="-3156" />
    <nd ref="-3157" />
    <nd ref="-3158" />
    <nd ref="-3159" />
    <nd ref="-3160" />
    <nd ref="-3161" />
    <nd ref="-3162" />
    <nd ref="-3163" />
    <nd ref="-3164" />
    <nd ref="-3165" />
    <nd ref="-3166" />
    <nd ref="-3167" />
    <nd ref="-3168" />
    <nd ref="-3169" />
    <nd ref="-3170" />
    <nd ref="-3171" />
    <nd ref="-3172" />
    <nd ref="-3173" />
    <nd ref="-3174" />
    <nd ref="-3175" />
    <nd ref="-3176" />
    <nd ref="-3177" />
    <nd ref="-3178" />
    <nd ref="-3179" />
    <nd ref="-3180" />
    <nd ref="-3181" />
    <nd ref="-3182" />
    <nd ref="-3183" />
    <nd ref="-3184" />
    <nd ref="-3185" />
    <nd ref="-3186" />
    <nd ref="-3187" />
    <nd ref="-3188" />
    <nd ref="-3189" />
    <nd ref="-3190" />
    <nd ref="-3191" />
    <nd ref="-3192" />
    <nd ref="-3193" />
    <nd ref="-3194" />
    <nd ref="-3195" />
    <nd ref="-3196" />
    <nd ref="-3197" />
    <nd ref="-3198" />
    <nd ref="-3199" />
    <nd ref="-3200" />
    <nd ref="-3201" />
    <nd ref="-3202" />
    <nd ref="-3203" />
    <nd ref="-3204" />
    <nd ref="-3205" />
    <nd ref="-3206" />
    <nd ref="-3207" />
    <nd ref="-3208" />
    <nd ref="-3209" />
    <nd ref="-3210" />
    <nd ref="-3211" />
    <nd ref="-3212" />
    <nd ref="-3213" />
    <nd ref="-3214" />
    <nd ref="-3215" />
    <nd ref="-3216" />
    <nd ref="-3217" />
    <nd ref="-3218" />
    <nd ref="-3219" />
    <nd ref="-3220" />
    <nd ref="-3221" />
    <nd ref="-3222" />
    <tag k="natural" v="water" />
    <tag k="water" v="river" />
  </way>
  <node id="-3113" lat="33.6013688" lon="130.4590765" />
  <node id="-3114" lat="33.6014112" lon="130.4592825" />
  <node id="-3115" lat="33.6014505" lon="130.4598811" />
  <node id="-3116" lat="33.6013926" lon="130.4601122" />
  <node id="-3117" lat="33.6013409" lon="130.4602414" />
  <node id="-3118" lat="33.6013181" lon="130.4603233" />
  <node id="-3119" lat="33.6012891" lon="130.4604078" />
  <node id="-3120" lat="33.6012147" lon="130.4605469" />
  <node id="-3121" lat="33.6010367" lon="130.4608251" />
  <node id="-3122" lat="33.6009933" lon="130.4609171" />
  <node id="-3123" lat="33.6008422" lon="130.4613717" />
  <node id="-3124" lat="33.6007594" lon="130.4616176" />
  <node id="-3125" lat="33.6005691" lon="130.4620474" />
  <node id="-3126" lat="33.6002836" lon="130.4626485" />
  <node id="-3127" lat="33.6000373" lon="130.4631379" />
  <node id="-3128" lat="33.6000435" lon="130.463205" />
  <node id="-3129" lat="33.5998594" lon="130.4635205" />
  <node id="-3130" lat="33.5997994" lon="130.4636099" />
  <node id="-3131" lat="33.5993566" lon="130.4640074" />
  <node id="-3132" lat="33.59898" lon="130.4643403" />
  <node id="-3133" lat="33.598413" lon="130.4648644" />
  <node id="-3134" lat="33.5981316" lon="130.4651004" />
  <node id="-3135" lat="33.5980365" lon="130.4651526" />
  <node id="-3136" lat="33.5979785" lon="130.4652271" />
  <node id="-3137" lat="33.5977178" lon="130.4654681" />
  <node id="-3138" lat="33.5975812" lon="130.4655202" />
  <node id="-3139" lat="33.5975067" lon="130.4655352" />
  <node id="-3140" lat="33.5972618" lon="130.4656987" />
  <node id="-3141" lat="33.5972578" lon="130.465773" />
  <node id="-3142" lat="33.5970899" lon="130.4659663" />
  <node id="-3143" lat="33.5970242" lon="130.4660535" />
  <node id="-3144" lat="33.5969761" lon="130.4660959" />
  <node id="-3145" lat="33.596982" lon="130.4661101" />
  <node id="-3146" lat="33.5967247" lon="130.4663352" />
  <node id="-3147" lat="33.5966757" lon="130.4663576" />
  <node id="-3148" lat="33.5965441" lon="130.4664648" />
  <node id="-3149" lat="33.596495" lon="130.4664884" />
  <node id="-3150" lat="33.5964881" lon="130.4665049" />
  <node id="-3151" lat="33.5963016" lon="130.4664884" />
  <node id="-3152" lat="33.5961887" lon="130.4664707" />
  <node id="-3153" lat="33.5960581" lon="130.4664401" />
  <node id="-3154" lat="33.5960503" lon="130.4664024" />
  <node id="-3155" lat="33.5959924" lon="130.4663717" />
  <node id="-3156" lat="33.5958186" lon="130.4663246" />
  <node id="-3157" lat="33.5958225" lon="130.4662668" />
  <node id="-3158" lat="33.5960729" lon="130.4663034" />
  <node id="-3159" lat="33.5961337" lon="130.4663882" />
  <node id="-3160" lat="33.5963752" lon="130.4664413" />
  <node id="-3161" lat="33.5964724" lon="130.4664354" />
  <node id="-3162" lat="33.5965569" lon="130.4663918" />
  <node id="-3163" lat="33.5966325" lon="130.4662987" />
  <node id="-3164" lat="33.5966953" lon="130.4662303" />
  <node id="-3165" lat="33.5967208" lon="130.4662232" />
  <node id="-3166" lat="33.5967287" lon="130.466202" />
  <node id="-3167" lat="33.5968592" lon="130.4660912" />
  <node id="-3168" lat="33.5969741" lon="130.4660005" />
  <node id="-3169" lat="33.5970094" lon="130.4659239" />
  <node id="-3170" lat="33.597142" lon="130.4657317" />
  <node id="-3171" lat="33.5973403" lon="130.4655597" />
  <node id="-3172" lat="33.5975258" lon="130.4654029" />
  <node id="-3173" lat="33.5976142" lon="130.4653169" />
  <node id="-3174" lat="33.5977781" lon="130.4652886" />
  <node id="-3175" lat="33.5978518" lon="130.4652332" />
  <node id="-3176" lat="33.5979293" lon="130.4651566" />
  <node id="-3177" lat="33.5979872" lon="130.4650835" />
  <node id="-3178" lat="33.5979126" lon="130.4650906" />
  <node id="-3179" lat="33.5977948" lon="130.4651236" />
  <node id="-3180" lat="33.5980452" lon="130.4649232" />
  <node id="-3181" lat="33.5982327" lon="130.4647617" />
  <node id="-3182" lat="33.5983937" lon="130.4646062" />
  <node id="-3183" lat="33.598429" lon="130.4646109" />
  <node id="-3184" lat="33.599073" lon="130.4640192" />
  <node id="-3185" lat="33.5990573" lon="130.4639909" />
  <node id="-3186" lat="33.599075" lon="130.4639721" />
  <node id="-3187" lat="33.5991025" lon="130.4639944" />
  <node id="-3188" lat="33.5993567" lon="130.4637634" />
  <node id="-3189" lat="33.5995492" lon="130.4635878" />
  <node id="-3190" lat="33.5997072" lon="130.4634193" />
  <node id="-3191" lat="33.59972" lon="130.4634181" />
  <node id="-3192" lat="33.599771" lon="130.4633391" />
  <node id="-3193" lat="33.5997907" lon="130.4633438" />
  <node id="-3194" lat="33.599824" lon="130.4632566" />
  <node id="-3195" lat="33.5998554" lon="130.463094" />
  <node id="-3196" lat="33.5998613" lon="130.463068" />
  <node id="-3197" lat="33.5998525" lon="130.4630622" />
  <node id="-3198" lat="33.6000272" lon="130.4626673" />
  <node id="-3199" lat="33.6000587" lon="130.4626909" />
  <node id="-3200" lat="33.600093" lon="130.4626661" />
  <node id="-3201" lat="33.6003208" lon="130.4621923" />
  <node id="-3202" lat="33.6003218" lon="130.4621405" />
  <node id="-3203" lat="33.6004454" lon="130.4618765" />
  <node id="-3204" lat="33.6005682" lon="130.4616207" />
  <node id="-3205" lat="33.6005534" lon="130.4615806" />
  <node id="-3206" lat="33.600575" lon="130.4615099" />
  <node id="-3207" lat="33.6006349" lon="130.4612989" />
  <node id="-3208" lat="33.6008332" lon="130.460824" />
  <node id="-3209" lat="33.6009245" lon="130.4606719" />
  <node id="-3210" lat="33.6011336" lon="130.4603454" />
  <node id="-3211" lat="33.601115" lon="130.460316" />
  <node id="-3212" lat="33.6011748" lon="130.4602252" />
  <node id="-3213" lat="33.6012072" lon="130.4601215" />
  <node id="-3214" lat="33.601222" lon="130.4600166" />
  <node id="-3215" lat="33.6012259" lon="130.4599247" />
  <node id="-3216" lat="33.6012485" lon="130.4597891" />
  <node id="-3217" lat="33.6012436" lon="130.459564" />
  <node id="-3218" lat="33.60122" lon="130.4594025" />
  <node id="-3219" lat="33.6012092" lon="130.459333" />
  <node id="-3220" lat="33.6011856" lon="130.4592198" />
  <node id="-3221" lat="33.6011785" lon="130.4591806" />
  <node id="-3222" lat="33.6013688" lon="130.4590765" />
  <way id="730416953">
    <nd ref="-3223" />
    <nd ref="-3224" />
    <nd ref="-3225" />
    <nd ref="-3226" />
    <nd ref="-3227" />
    <nd ref="-3228" />
    <nd ref="-3229" />
    <nd ref="-3230" />
    <nd ref="-3231" />
    <nd ref="-3232" />
    <nd ref="-3233" />
    <nd ref="-3234" />
    <tag k="natural" v="water" />
    <tag k="water" v="river" />
  </way>
  <node id="-3223" lat="33.6003029" lon="130.4488582" />
  <node id="-3224" lat="33.5994205" lon="130.4485964" />
  <node id="-3225" lat="33.598714" lon="130.4483503" />
  <node id="-3226" lat="33.5986363" lon="130.4482779" />
  <node id="-3227" lat="33.5985285" lon="130.4482531" />
  <node id="-3228" lat="33.5984984" lon="130.4483704" />
  <node id="-3229" lat="33.5991948" lon="130.448636" />
  <node id="-3230" lat="33.599435" lon="130.4487077" />
  <node id="-3231" lat="33.5994411" lon="130.4486903" />
  <node id="-3232" lat="33.6002594" lon="130.4489337" />
  <node id="-3233" lat="33.6002765" lon="130.4489041" />
  <node id="-3234" lat="33.6003029" lon="130.4488582" />
  <way id="730420015">
    <nd ref="-3235" />
    <nd ref="-3236" />
    <nd ref="-3237" />
    <tag k="waterway" v="river" />
  </way>
  <node id="-3235" lat="33.5990472" lon="130.4434611" />
  <node id="-3236" lat="33.5990971" lon="130.4434291" />
  <node id="-3237" lat="33.5999449" lon="130.4428441" />
  <way id="730420018">
    <nd ref="-3238" />
    <nd ref="-3239" />
    <nd ref="-3240" />
    <nd ref="-3241" />
    <nd ref="-3242" />
    <nd ref="-3243" />
    <nd ref="-3244" />
    <nd ref="-3245" />
    <nd ref="-3246" />
    <nd ref="-3247" />
    <nd ref="-3248" />
    <tag k="natural" v="water" />
    <tag k="water" v="river" />
  </way>
  <node id="-3238" lat="33.5999421" lon="130.442837" />
  <node id="-3239" lat="33.5990926" lon="130.4434244" />
  <node id="-3240" lat="33.5990831" lon="130.4434184" />
  <node id="-3241" lat="33.5990396" lon="130.4434445" />
  <node id="-3242" lat="33.5990472" lon="130.4434611" />
  <node id="-3243" lat="33.5990563" lon="130.4434808" />
  <node id="-3244" lat="33.5991032" lon="130.4434472" />
  <node id="-3245" lat="33.5990993" lon="130.4434352" />
  <node id="-3246" lat="33.5999477" lon="130.4428511" />
  <node id="-3247" lat="33.5999449" lon="130.4428441" />
  <node id="-3248" lat="33.5999421" lon="130.442837" />
  <way id="741781476">
    <nd ref="-3249" />
    <nd ref="-3250" />
    <nd ref="-3251" />
    <nd ref="-3252" />
    <nd ref="-3253" />
    <nd ref="-3254" />
    <nd ref="-3255" />
    <nd ref="-3256" />
    <nd ref="-3257" />
    <tag k="natural" v="water" />
    <tag k="water" v="river" />
  </way>
  <node id="-3249" lat="33.5978946" lon="130.4312184" />
  <node id="-3250" lat="33.597901" lon="130.4312355" />
  <node id="-3251" lat="33.5979074" lon="130.4312526" />
  <node id="-3252" lat="33.597684" lon="130.4314725" />
  <node id="-3253" lat="33.5974472" lon="130.4316817" />
  <node id="-3254" lat="33.5974729" lon="130.4316375" />
  <node id="-3255" lat="33.5974986" lon="130.4315932" />
  <node id="-3256" lat="33.5976673" lon="130.4314417" />
  <node id="-3257" lat="33.5978946" lon="130.4312184" />
  <way id="741844548">
    <nd ref="-3258" />
    <nd ref="-3259" />
    <nd ref="-3260" />
    <nd ref="-3261" />
    <nd ref="-3262" />
    <tag k="natural" v="water" />
    <tag k="water" v="river" />
  </way>
  <node id="-3258" lat="33.5853893" lon="130.4386608" />
  <node id="-3259" lat="33.585358" lon="130.438754" />
  <node id="-3260" lat="33.5853413" lon="130.4387473" />
  <node id="-3261" lat="33.5853681" lon="130.4386541" />
  <node id="-3262" lat="33.5853893" lon="130.4386608" />
  <way id="741844549">
    <nd ref="-3263" />
    <nd ref="-3264" />
    <nd ref="-3265" />
    <nd ref="-3266" />
    <nd ref="-3267" />
    <tag k="natural" v="water" />
    <tag k="water" v="river" />
  </way>
  <node id="-3263" lat="33.5854614" lon="130.4384395" />
  <node id="-3264" lat="33.5854128" lon="130.4385857" />
  <node id="-3265" lat="33.5853943" lon="130.4385777" />
  <node id="-3266" lat="33.5854429" lon="130.4384302" />
  <node id="-3267" lat="33.5854614" lon="130.4384395" />
  <way id="742391017">
    <nd ref="-3268" />
    <nd ref="-3269" />
    <nd ref="-3270" />
    <nd ref="-3271" />
    <nd ref="-3272" />
    <nd ref="-3273" />
    <nd ref="-3274" />
    <nd ref="-3275" />
    <nd ref="-3276" />
    <nd ref="-3277" />
    <nd ref="-3278" />
    <nd ref="-3279" />
    <nd ref="-3280" />
    <nd ref="-3281" />
    <nd ref="-3282" />
    <nd ref="-3283" />
    <nd ref="-3284" />
    <nd ref="-3285" />
    <nd ref="-3286" />
    <nd ref="-3287" />
    <nd ref="-3288" />
    <nd ref="-3289" />
    <nd ref="-3290" />
    <nd ref="-3291" />
    <nd ref="-3292" />
    <nd ref="-3293" />
    <nd ref="-3294" />
    <nd ref="-3295" />
    <nd ref="-3296" />
    <nd ref="-3297" />
    <nd ref="-3298" />
    <nd ref="-3299" />
    <nd ref="-3300" />
    <nd ref="-3301" />
    <nd ref="-3302" />
    <nd ref="-3303" />
    <nd ref="-3304" />
    <nd ref="-3305" />
    <nd ref="-3306" />
    <nd ref="-3307" />
    <nd ref="-3308" />
    <nd ref="-3309" />
    <nd ref="-3310" />
    <nd ref="-3311" />
    <nd ref="-3312" />
    <nd ref="-3313" />
    <nd ref="-3314" />
    <nd ref="-3315" />
    <nd ref="-3316" />
    <nd ref="-3317" />
    <nd ref="-3318" />
    <nd ref="-3319" />
    <nd ref="-3320" />
    <nd ref="-3321" />
    <nd ref="-3322" />
    <nd ref="-3323" />
    <nd ref="-3324" />
    <nd ref="-3325" />
    <nd ref="-3326" />
    <nd ref="-3327" />
    <nd ref="-3328" />
    <nd ref="-3329" />
    <nd ref="-3330" />
    <nd ref="-3331" />
    <nd ref="-3332" />
    <nd ref="-3333" />
    <nd ref="-3334" />
    <nd ref="-3335" />
    <nd ref="-3336" />
    <nd ref="-3337" />
    <nd ref="-3338" />
    <nd ref="-3339" />
    <nd ref="-3340" />
    <nd ref="-3341" />
    <nd ref="-3342" />
    <nd ref="-3343" />
    <nd ref="-3344" />
    <nd ref="-3345" />
    <nd ref="-3346" />
    <nd ref="-3347" />
    <nd ref="-3348" />
    <nd ref="-3349" />
    <nd ref="-3350" />
    <nd ref="-3351" />
    <nd ref="-3352" />
    <nd ref="-3353" />
    <nd ref="-3354" />
    <nd ref="-3355" />
    <tag k="natural" v="water" />
    <tag k="water" v="river" />
  </way>
  <node id="-3268" lat="33.598648" lon="130.4408281" />
  <node id="-3269" lat="33.5986444" lon="130.4408049" />
  <node id="-3270" lat="33.5986475" lon="130.4407825" />
  <node id="-3271" lat="33.598657" lon="130.4407607" />
  <node id="-3272" lat="33.598705" lon="130.4407141" />
  <node id="-3273" lat="33.5994747" lon="130.4399349" />
  <node id="-3274" lat="33.5997975" lon="130.4395875" />
  <node id="-3275" lat="33.5999528" lon="130.4394333" />
  <node id="-3276" lat="33.6000438" lon="130.4393535" />
  <node id="-3277" lat="33.6000665" lon="130.439331" />
  <node id="-3278" lat="33.6000885" lon="130.4393093" />
  <node id="-3279" lat="33.6001181" lon="130.4392999" />
  <node id="-3280" lat="33.600122" lon="130.4392871" />
  <node id="-3281" lat="33.6001058" lon="130.4392529" />
  <node id="-3282" lat="33.6000058" lon="130.4390927" />
  <node id="-3283" lat="33.5999427" lon="130.4389974" />
  <node id="-3284" lat="33.5998673" lon="130.4389016" />
  <node id="-3285" lat="33.5996137" lon="130.4385824" />
  <node id="-3286" lat="33.5993652" lon="130.4382813" />
  <node id="-3287" lat="33.599258" lon="130.4381673" />
  <node id="-3288" lat="33.5991864" lon="130.4381049" />
  <node id="-3289" lat="33.5991038" lon="130.4380506" />
  <node id="-3290" lat="33.5991096" lon="130.4380447" />
  <node id="-3291" lat="33.5991155" lon="130.4380386" />
  <node id="-3292" lat="33.5991987" lon="130.4380942" />
  <node id="-3293" lat="33.599268" lon="130.4381626" />
  <node id="-3294" lat="33.599373" lon="130.4382733" />
  <node id="-3295" lat="33.5996266" lon="130.4385723" />
  <node id="-3296" lat="33.5998779" lon="130.4388935" />
  <node id="-3297" lat="33.5999516" lon="130.4389867" />
  <node id="-3298" lat="33.6000175" lon="130.439088" />
  <node id="-3299" lat="33.6001287" lon="130.4392637" />
  <node id="-3300" lat="33.6001449" lon="130.439273" />
  <node id="-3301" lat="33.6001605" lon="130.4392777" />
  <node id="-3302" lat="33.6001912" lon="130.4392677" />
  <node id="-3303" lat="33.600213" lon="130.4392529" />
  <node id="-3304" lat="33.6002488" lon="130.4392335" />
  <node id="-3305" lat="33.6002689" lon="130.4391973" />
  <node id="-3306" lat="33.6002742" lon="130.4391759" />
  <node id="-3307" lat="33.60048" lon="130.4390042" />
  <node id="-3308" lat="33.6011988" lon="130.4383296" />
  <node id="-3309" lat="33.6012088" lon="130.4383034" />
  <node id="-3310" lat="33.6012072" lon="130.4382806" />
  <node id="-3311" lat="33.6012574" lon="130.438227" />
  <node id="-3312" lat="33.6013993" lon="130.4381049" />
  <node id="-3313" lat="33.601449" lon="130.4380774" />
  <node id="-3314" lat="33.6014546" lon="130.4380862" />
  <node id="-3315" lat="33.6017925" lon="130.4378226" />
  <node id="-3316" lat="33.6020254" lon="130.4376215" />
  <node id="-3317" lat="33.6022186" lon="130.4374424" />
  <node id="-3318" lat="33.6022668" lon="130.437395" />
  <node id="-3319" lat="33.6025593" lon="130.4371353" />
  <node id="-3320" lat="33.60259" lon="130.4370575" />
  <node id="-3321" lat="33.60259" lon="130.4370388" />
  <node id="-3322" lat="33.6025711" lon="130.4370026" />
  <node id="-3323" lat="33.6028559" lon="130.4370945" />
  <node id="-3324" lat="33.602809" lon="130.437144" />
  <node id="-3325" lat="33.6024504" lon="130.4374123" />
  <node id="-3326" lat="33.6024021" lon="130.4374555" />
  <node id="-3327" lat="33.6023686" lon="130.4374656" />
  <node id="-3328" lat="33.6023049" lon="130.4375072" />
  <node id="-3329" lat="33.6014641" lon="130.438225" />
  <node id="-3330" lat="33.601411" lon="130.438292" />
  <node id="-3331" lat="33.6012703" lon="130.4384121" />
  <node id="-3332" lat="33.6012396" lon="130.4384449" />
  <node id="-3333" lat="33.6012128" lon="130.4384429" />
  <node id="-3334" lat="33.6003616" lon="130.4392254" />
  <node id="-3335" lat="33.6003487" lon="130.4392348" />
  <node id="-3336" lat="33.600284" lon="130.4392569" />
  <node id="-3337" lat="33.6002248" lon="130.4392938" />
  <node id="-3338" lat="33.6002035" lon="130.4393086" />
  <node id="-3339" lat="33.6001834" lon="130.439324" />
  <node id="-3340" lat="33.6001806" lon="130.4393421" />
  <node id="-3341" lat="33.6001845" lon="130.4393602" />
  <node id="-3342" lat="33.6001868" lon="130.4393736" />
  <node id="-3343" lat="33.6001762" lon="130.4393884" />
  <node id="-3344" lat="33.6000963" lon="130.4394387" />
  <node id="-3345" lat="33.6000298" lon="130.4395245" />
  <node id="-3346" lat="33.5999773" lon="130.4395755" />
  <node id="-3347" lat="33.599869" lon="130.4396774" />
  <node id="-3348" lat="33.5995171" lon="130.4400355" />
  <node id="-3349" lat="33.5992979" lon="130.4402688" />
  <node id="-3350" lat="33.5991387" lon="130.4404284" />
  <node id="-3351" lat="33.5987603" lon="130.4408083" />
  <node id="-3352" lat="33.5986913" lon="130.4408542" />
  <node id="-3353" lat="33.5986729" lon="130.4408539" />
  <node id="-3354" lat="33.5986642" lon="130.4408455" />
  <node id="-3355" lat="33.598648" lon="130.4408281" />
  <way id="743588850">
    <nd ref="-3356" />
    <nd ref="-3357" />
    <nd ref="-3358" />
    <nd ref="-3359" />
    <nd ref="-3360" />
    <tag k="natural" v="water" />
    <tag k="water" v="river" />
  </way>
  <node id="-3356" lat="33.5688047" lon="130.4594186" />
  <node id="-3357" lat="33.5685941" lon="130.4590563" />
  <node id="-3358" lat="33.5685964" lon="130.4590188" />
  <node id="-3359" lat="33.5688201" lon="130.4594111" />
  <node id="-3360" lat="33.5688047" lon="130.4594186" />
  <way id="743592023">
    <nd ref="-3361" />
    <nd ref="-3362" />
    <tag k="layer" v="-1" />
    <tag k="tunnel" v="yes" />
    <tag k="waterway" v="stream" />
  </way>
  <node id="-3361" lat="33.5705429" lon="130.4569099" />
  <node id="-3362" lat="33.5704803" lon="130.4569595" />
  <way id="743592024">
    <nd ref="-3363" />
    <nd ref="-3364" />
    <tag k="waterway" v="stream" />
  </way>
  <node id="-3363" lat="33.5707563" lon="130.4567302" />
  <node id="-3364" lat="33.5705429" lon="130.4569099" />
  <way id="743592028">
    <nd ref="-3365" />
    <nd ref="-3366" />
    <nd ref="-3367" />
    <nd ref="-3368" />
    <nd ref="-3369" />
    <nd ref="-3370" />
    <nd ref="-3371" />
    <nd ref="-3372" />
    <nd ref="-3373" />
    <nd ref="-3374" />
    <tag k="waterway" v="stream" />
  </way>
  <node id="-3365" lat="33.5704803" lon="130.4569595" />
  <node id="-3366" lat="33.5700959" lon="130.4572774" />
  <node id="-3367" lat="33.5702596" lon="130.4575825" />
  <node id="-3368" lat="33.5704463" lon="130.4579017" />
  <node id="-3369" lat="33.5706401" lon="130.4582128" />
  <node id="-3370" lat="33.5706792" lon="130.4583335" />
  <node id="-3371" lat="33.5707116" lon="130.4583818" />
  <node id="-3372" lat="33.5709351" lon="130.458587" />
  <node id="-3373" lat="33.5710748" lon="130.4587365" />
  <node id="-3374" lat="33.5713461" lon="130.4590805" />
  <way id="743599238">
    <nd ref="-3375" />
    <nd ref="-3376" />
    <nd ref="-3377" />
    <tag k="waterway" v="stream" />
  </way>
  <node id="-3375" lat="33.5736889" lon="130.4535511" />
  <node id="-3376" lat="33.5738895" lon="130.4533117" />
  <node id="-3377" lat="33.5741175" lon="130.4530804" />
  <way id="743599239">
    <nd ref="-3378" />
    <nd ref="-3379" />
    <tag k="layer" v="-1" />
    <tag k="tunnel" v="yes" />
    <tag k="waterway" v="stream" />
  </way>
  <node id="-3378" lat="33.5736459" lon="130.453596" />
  <node id="-3379" lat="33.5736889" lon="130.4535511" />
  <way id="743599240">
    <nd ref="-3380" />
    <nd ref="-3381" />
    <nd ref="-3382" />
    <nd ref="-3383" />
    <nd ref="-3384" />
    <nd ref="-3385" />
    <tag k="waterway" v="stream" />
  </way>
  <node id="-3380" lat="33.5725844" lon="130.4551732" />
  <node id="-3381" lat="33.5724579" lon="130.454969" />
  <node id="-3382" lat="33.5727509" lon="130.4546193" />
  <node id="-3383" lat="33.5730861" lon="130.4542384" />
  <node id="-3384" lat="33.57318" lon="130.4541291" />
  <node id="-3385" lat="33.5736459" lon="130.453596" />
  <way id="743599241">
    <nd ref="-3386" />
    <nd ref="-3387" />
    <tag k="waterway" v="stream" />
  </way>
  <node id="-3386" lat="33.5741744" lon="130.4530133" />
  <node id="-3387" lat="33.5741175" lon="130.4530804" />
  <way id="743599242">
    <nd ref="-3388" />
    <nd ref="-3389" />
    <tag k="waterway" v="stream" />
  </way>
  <node id="-3388" lat="33.5738487" lon="130.4537871" />
  <node id="-3389" lat="33.5739571" lon="130.4539576" />
  <way id="743599243">
    <nd ref="-3390" />
    <nd ref="-3391" />
    <tag k="waterway" v="stream" />
  </way>
  <node id="-3390" lat="33.5741175" lon="130.4530804" />
  <node id="-3391" lat="33.5744406" lon="130.4536487" />
  <way id="755608424">
    <nd ref="-3392" />
    <nd ref="-3393" />
    <nd ref="-3394" />
    <nd ref="-3395" />
    <nd ref="-3396" />
    <nd ref="-3397" />
    <nd ref="-3398" />
    <nd ref="-3399" />
    <nd ref="-3400" />
    <nd ref="-3401" />
    <nd ref="-3402" />
    <nd ref="-3403" />
    <nd ref="-3404" />
    <nd ref="-3405" />
    <nd ref="-3406" />
    <nd ref="-3407" />
    <nd ref="-3408" />
    <nd ref="-3409" />
    <nd ref="-3410" />
    <nd ref="-3411" />
    <nd ref="-3412" />
    <nd ref="-3413" />
    <nd ref="-3414" />
    <nd ref="-3415" />
    <nd ref="-3416" />
    <nd ref="-3417" />
    <nd ref="-3418" />
    <nd ref="-3419" />
    <nd ref="-3420" />
    <nd ref="-3421" />
    <nd ref="-3422" />
    <nd ref="-3423" />
    <nd ref="-3424" />
    <nd ref="-3425" />
    <nd ref="-3426" />
    <nd ref="-3427" />
    <nd ref="-3428" />
    <nd ref="-3429" />
    <nd ref="-3430" />
    <nd ref="-3431" />
    <nd ref="-3432" />
    <nd ref="-3433" />
    <nd ref="-3434" />
    <nd ref="-3435" />
    <nd ref="-3436" />
    <nd ref="-3437" />
    <nd ref="-3438" />
    <nd ref="-3439" />
    <nd ref="-3440" />
    <nd ref="-3441" />
    <nd ref="-3442" />
    <nd ref="-3443" />
    <nd ref="-3444" />
    <nd ref="-3445" />
    <nd ref="-3446" />
    <nd ref="-3447" />
    <nd ref="-3448" />
    <nd ref="-3449" />
    <nd ref="-3450" />
    <nd ref="-3451" />
    <nd ref="-3452" />
    <nd ref="-3453" />
    <nd ref="-3454" />
    <nd ref="-3455" />
    <nd ref="-3456" />
    <nd ref="-3457" />
    <nd ref="-3458" />
    <nd ref="-3459" />
    <nd ref="-3460" />
    <nd ref="-3461" />
    <nd ref="-3462" />
    <nd ref="-3463" />
    <nd ref="-3464" />
    <nd ref="-3465" />
    <nd ref="-3466" />
    <nd ref="-3467" />
    <nd ref="-3468" />
    <nd ref="-3469" />
    <nd ref="-3470" />
    <nd ref="-3471" />
    <nd ref="-3472" />
    <nd ref="-3473" />
    <nd ref="-3474" />
    <nd ref="-3475" />
    <nd ref="-3476" />
    <nd ref="-3477" />
    <nd ref="-3478" />
    <nd ref="-3479" />
    <nd ref="-3480" />
    <nd ref="-3481" />
    <nd ref="-3482" />
    <nd ref="-3483" />
    <nd ref="-3484" />
    <nd ref="-3485" />
    <nd ref="-3486" />
    <nd ref="-3487" />
    <nd ref="-3488" />
    <nd ref="-3489" />
    <nd ref="-3490" />
    <nd ref="-3491" />
    <nd ref="-3492" />
    <nd ref="-3493" />
    <nd ref="-3494" />
    <nd ref="-3495" />
    <nd ref="-3496" />
    <nd ref="-3497" />
    <nd ref="-3498" />
    <nd ref="-3499" />
    <nd ref="-3500" />
    <nd ref="-3501" />
    <nd ref="-3502" />
    <nd ref="-3503" />
    <nd ref="-3504" />
    <nd ref="-3505" />
    <nd ref="-3506" />
    <nd ref="-3507" />
    <nd ref="-3508" />
    <nd ref="-3509" />
    <nd ref="-3510" />
    <nd ref="-3511" />
    <nd ref="-3512" />
    <nd ref="-3513" />
    <nd ref="-3514" />
    <nd ref="-3515" />
    <nd ref="-3516" />
    <nd ref="-3517" />
    <nd ref="-3518" />
    <nd ref="-3519" />
    <nd ref="-3520" />
    <nd ref="-3521" />
    <nd ref="-3522" />
    <nd ref="-3523" />
    <nd ref="-3524" />
    <nd ref="-3525" />
    <nd ref="-3526" />
    <nd ref="-3527" />
    <nd ref="-3528" />
    <nd ref="-3529" />
    <nd ref="-3530" />
    <nd ref="-3531" />
    <nd ref="-3532" />
    <nd ref="-3533" />
    <nd ref="-3534" />
    <nd ref="-3535" />
    <nd ref="-3536" />
    <nd ref="-3537" />
    <nd ref="-3538" />
    <nd ref="-3539" />
    <nd ref="-3540" />
    <nd ref="-3541" />
    <nd ref="-3542" />
    <nd ref="-3543" />
    <nd ref="-3544" />
    <nd ref="-3545" />
    <nd ref="-3546" />
    <nd ref="-3547" />
    <nd ref="-3548" />
    <nd ref="-3549" />
    <nd ref="-3550" />
    <nd ref="-3551" />
    <nd ref="-3552" />
    <nd ref="-3553" />
    <nd ref="-3554" />
    <nd ref="-3555" />
    <nd ref="-3556" />
    <nd ref="-3557" />
    <nd ref="-3558" />
    <nd ref="-3559" />
    <nd ref="-3560" />
    <nd ref="-3561" />
    <nd ref="-3562" />
    <nd ref="-3563" />
    <nd ref="-3564" />
    <nd ref="-3565" />
    <nd ref="-3566" />
    <nd ref="-3567" />
    <nd ref="-3568" />
    <nd ref="-3569" />
    <nd ref="-3570" />
    <nd ref="-3571" />
    <nd ref="-3572" />
    <nd ref="-3573" />
    <nd ref="-3574" />
    <nd ref="-3575" />
    <nd ref="-3576" />
    <nd ref="-3577" />
    <nd ref="-3578" />
    <nd ref="-3579" />
    <nd ref="-3580" />
    <nd ref="-3581" />
    <nd ref="-3582" />
    <nd ref="-3583" />
    <nd ref="-3584" />
    <nd ref="-3585" />
    <nd ref="-3586" />
    <nd ref="-3587" />
    <nd ref="-3588" />
    <nd ref="-3589" />
    <nd ref="-3590" />
    <nd ref="-3591" />
    <tag k="natural" v="water" />
    <tag k="water" v="basin" />
  </way>
  <node id="-3392" lat="33.5505078" lon="130.4707895" />
  <node id="-3393" lat="33.5505166" lon="130.4706047" />
  <node id="-3394" lat="33.5505181" lon="130.470564" />
  <node id="-3395" lat="33.5505288" lon="130.4704993" />
  <node id="-3396" lat="33.55055" lon="130.4704269" />
  <node id="-3397" lat="33.5505685" lon="130.4703873" />
  <node id="-3398" lat="33.5506151" lon="130.4703289" />
  <node id="-3399" lat="33.5506909" lon="130.4702633" />
  <node id="-3400" lat="33.5507472" lon="130.4702321" />
  <node id="-3401" lat="33.5508423" lon="130.4701815" />
  <node id="-3402" lat="33.5509469" lon="130.4701345" />
  <node id="-3403" lat="33.5510981" lon="130.4700683" />
  <node id="-3404" lat="33.5512799" lon="130.4699884" />
  <node id="-3405" lat="33.5514422" lon="130.4699308" />
  <node id="-3406" lat="33.5515142" lon="130.4699064" />
  <node id="-3407" lat="33.5515236" lon="130.4698973" />
  <node id="-3408" lat="33.5526811" lon="130.4694464" />
  <node id="-3409" lat="33.5528993" lon="130.4693538" />
  <node id="-3410" lat="33.5530527" lon="130.4692772" />
  <node id="-3411" lat="33.55316" lon="130.4691966" />
  <node id="-3412" lat="33.5532436" lon="130.4691173" />
  <node id="-3413" lat="33.5533228" lon="130.4690242" />
  <node id="-3414" lat="33.5533821" lon="130.4689431" />
  <node id="-3415" lat="33.5534224" lon="130.4688766" />
  <node id="-3416" lat="33.5535224" lon="130.4687201" />
  <node id="-3417" lat="33.5536711" lon="130.4684851" />
  <node id="-3418" lat="33.5537701" lon="130.4682649" />
  <node id="-3419" lat="33.5538233" lon="130.4680895" />
  <node id="-3420" lat="33.5538563" lon="130.4679233" />
  <node id="-3421" lat="33.5538773" lon="130.4677574" />
  <node id="-3422" lat="33.5538815" lon="130.4676439" />
  <node id="-3423" lat="33.553875" lon="130.4674275" />
  <node id="-3424" lat="33.5538587" lon="130.4672869" />
  <node id="-3425" lat="33.5538127" lon="130.4670765" />
  <node id="-3426" lat="33.5537619" lon="130.4668939" />
  <node id="-3427" lat="33.5537135" lon="130.4667913" />
  <node id="-3428" lat="33.5530776" lon="130.465524" />
  <node id="-3429" lat="33.5524769" lon="130.464339" />
  <node id="-3430" lat="33.5523657" lon="130.4641958" />
  <node id="-3431" lat="33.5523549" lon="130.4641788" />
  <node id="-3432" lat="33.5523115" lon="130.4639661" />
  <node id="-3433" lat="33.5522185" lon="130.4637472" />
  <node id="-3434" lat="33.5522142" lon="130.4637179" />
  <node id="-3435" lat="33.5522086" lon="130.4636134" />
  <node id="-3436" lat="33.5522059" lon="130.463482" />
  <node id="-3437" lat="33.5522556" lon="130.4633573" />
  <node id="-3438" lat="33.5523293" lon="130.4632191" />
  <node id="-3439" lat="33.5523649" lon="130.4631806" />
  <node id="-3440" lat="33.5524221" lon="130.4631239" />
  <node id="-3441" lat="33.5525326" lon="130.4630474" />
  <node id="-3442" lat="33.5529016" lon="130.4627873" />
  <node id="-3443" lat="33.5531511" lon="130.4626035" />
  <node id="-3444" lat="33.553314" lon="130.4624762" />
  <node id="-3445" lat="33.553732" lon="130.4621758" />
  <node id="-3446" lat="33.5540708" lon="130.461932" />
  <node id="-3447" lat="33.5552877" lon="130.4610564" />
  <node id="-3448" lat="33.5557166" lon="130.4607446" />
  <node id="-3449" lat="33.555956" lon="130.4605879" />
  <node id="-3450" lat="33.5562187" lon="130.4604457" />
  <node id="-3451" lat="33.5564802" lon="130.4603183" />
  <node id="-3452" lat="33.5572627" lon="130.4599459" />
  <node id="-3453" lat="33.5607389" lon="130.4582249" />
  <node id="-3454" lat="33.5614396" lon="130.4578905" />
  <node id="-3455" lat="33.5619627" lon="130.4576199" />
  <node id="-3456" lat="33.562153" lon="130.4575361" />
  <node id="-3457" lat="33.562372" lon="130.4574041" />
  <node id="-3458" lat="33.5625798" lon="130.4572579" />
  <node id="-3459" lat="33.5629798" lon="130.4569171" />
  <node id="-3460" lat="33.5639043" lon="130.4561161" />
  <node id="-3461" lat="33.5644858" lon="130.4556178" />
  <node id="-3462" lat="33.5651009" lon="130.4551645" />
  <node id="-3463" lat="33.5654082" lon="130.4549472" />
  <node id="-3464" lat="33.5657165" lon="130.4547422" />
  <node id="-3465" lat="33.5657868" lon="130.4546892" />
  <node id="-3466" lat="33.5663233" lon="130.4543077" />
  <node id="-3467" lat="33.5663592" lon="130.4542807" />
  <node id="-3468" lat="33.566389" lon="130.4542396" />
  <node id="-3469" lat="33.5666691" lon="130.4536615" />
  <node id="-3470" lat="33.5667123" lon="130.4535685" />
  <node id="-3471" lat="33.5674352" lon="130.4520322" />
  <node id="-3472" lat="33.5676063" lon="130.4516519" />
  <node id="-3473" lat="33.5676577" lon="130.451577" />
  <node id="-3474" lat="33.56768" lon="130.4514744" />
  <node id="-3475" lat="33.5677581" lon="130.4509156" />
  <node id="-3476" lat="33.5678338" lon="130.4503845" />
  <node id="-3477" lat="33.5678622" lon="130.4499811" />
  <node id="-3478" lat="33.5678706" lon="130.4497608" />
  <node id="-3479" lat="33.567915" lon="130.4494022" />
  <node id="-3480" lat="33.5679852" lon="130.4491471" />
  <node id="-3481" lat="33.5680756" lon="130.4488864" />
  <node id="-3482" lat="33.5681164" lon="130.448789" />
  <node id="-3483" lat="33.5681934" lon="130.4486693" />
  <node id="-3484" lat="33.5682683" lon="130.4485728" />
  <node id="-3485" lat="33.5683583" lon="130.4484866" />
  <node id="-3486" lat="33.5685411" lon="130.4483858" />
  <node id="-3487" lat="33.5686788" lon="130.448341" />
  <node id="-3488" lat="33.5689401" lon="130.4482496" />
  <node id="-3489" lat="33.5686935" lon="130.4485205" />
  <node id="-3490" lat="33.5686861" lon="130.4484418" />
  <node id="-3491" lat="33.5685515" lon="130.4484951" />
  <node id="-3492" lat="33.5683955" lon="130.448576" />
  <node id="-3493" lat="33.5683149" lon="130.4486393" />
  <node id="-3494" lat="33.5682501" lon="130.4487228" />
  <node id="-3495" lat="33.5681779" lon="130.4488425" />
  <node id="-3496" lat="33.5681424" lon="130.4489228" />
  <node id="-3497" lat="33.5680935" lon="130.4490624" />
  <node id="-3498" lat="33.5680637" lon="130.4492176" />
  <node id="-3499" lat="33.5680194" lon="130.4495026" />
  <node id="-3500" lat="33.567971" lon="130.4497709" />
  <node id="-3501" lat="33.5679471" lon="130.4499945" />
  <node id="-3502" lat="33.5679253" lon="130.4504194" />
  <node id="-3503" lat="33.567908" lon="130.4506154" />
  <node id="-3504" lat="33.5679348" lon="130.4506221" />
  <node id="-3505" lat="33.5679147" lon="130.4508206" />
  <node id="-3506" lat="33.5678879" lon="130.4508179" />
  <node id="-3507" lat="33.5678623" lon="130.4509393" />
  <node id="-3508" lat="33.5677694" lon="130.4514913" />
  <node id="-3509" lat="33.567708" lon="130.4516762" />
  <node id="-3510" lat="33.5676654" lon="130.4517632" />
  <node id="-3511" lat="33.5675201" lon="130.4520911" />
  <node id="-3512" lat="33.5668043" lon="130.4536129" />
  <node id="-3513" lat="33.5667458" lon="130.4536941" />
  <node id="-3514" lat="33.5664663" lon="130.4543146" />
  <node id="-3515" lat="33.5664263" lon="130.4543759" />
  <node id="-3516" lat="33.5663665" lon="130.4544293" />
  <node id="-3517" lat="33.5658267" lon="130.4547998" />
  <node id="-3518" lat="33.565753" lon="130.4548474" />
  <node id="-3519" lat="33.5654585" lon="130.4550572" />
  <node id="-3520" lat="33.5651557" lon="130.4552677" />
  <node id="-3521" lat="33.564564" lon="130.4557197" />
  <node id="-3522" lat="33.5639587" lon="130.4562191" />
  <node id="-3523" lat="33.5630373" lon="130.457011" />
  <node id="-3524" lat="33.5626379" lon="130.4573478" />
  <node id="-3525" lat="33.5625932" lon="130.4573934" />
  <node id="-3526" lat="33.5624156" lon="130.4575168" />
  <node id="-3527" lat="33.5621809" lon="130.4576555" />
  <node id="-3528" lat="33.5619701" lon="130.457759" />
  <node id="-3529" lat="33.5614749" lon="130.4579966" />
  <node id="-3530" lat="33.5607664" lon="130.4583401" />
  <node id="-3531" lat="33.5599081" lon="130.4587567" />
  <node id="-3532" lat="33.5572977" lon="130.4600445" />
  <node id="-3533" lat="33.5565193" lon="130.4604082" />
  <node id="-3534" lat="33.5562556" lon="130.4605275" />
  <node id="-3535" lat="33.555994" lon="130.4606992" />
  <node id="-3536" lat="33.5557623" lon="130.460834" />
  <node id="-3537" lat="33.5553328" lon="130.4611421" />
  <node id="-3538" lat="33.55378" lon="130.462271" />
  <node id="-3539" lat="33.5533777" lon="130.4625915" />
  <node id="-3540" lat="33.5531926" lon="130.4627069" />
  <node id="-3541" lat="33.5529441" lon="130.4628798" />
  <node id="-3542" lat="33.5525822" lon="130.46314" />
  <node id="-3543" lat="33.5524735" lon="130.4632232" />
  <node id="-3544" lat="33.5523986" lon="130.4632956" />
  <node id="-3545" lat="33.5523483" lon="130.4634042" />
  <node id="-3546" lat="33.5523214" lon="130.463503" />
  <node id="-3547" lat="33.5523103" lon="130.4636228" />
  <node id="-3548" lat="33.5523171" lon="130.463733" />
  <node id="-3549" lat="33.5523942" lon="130.4639272" />
  <node id="-3550" lat="33.5524369" lon="130.4641023" />
  <node id="-3551" lat="33.5525305" lon="130.4642893" />
  <node id="-3552" lat="33.5531397" lon="130.4654805" />
  <node id="-3553" lat="33.5537749" lon="130.4667464" />
  <node id="-3554" lat="33.55382" lon="130.4668457" />
  <node id="-3555" lat="33.5538894" lon="130.4670404" />
  <node id="-3556" lat="33.5539283" lon="130.4672592" />
  <node id="-3557" lat="33.5539466" lon="130.4674141" />
  <node id="-3558" lat="33.5539552" lon="130.4676552" />
  <node id="-3559" lat="33.553951" lon="130.4677615" />
  <node id="-3560" lat="33.5539307" lon="130.4679299" />
  <node id="-3561" lat="33.5538963" lon="130.4681166" />
  <node id="-3562" lat="33.5538371" lon="130.4682938" />
  <node id="-3563" lat="33.5537415" lon="130.4684967" />
  <node id="-3564" lat="33.5537175" lon="130.4685178" />
  <node id="-3565" lat="33.5535702" lon="130.4687626" />
  <node id="-3566" lat="33.5534733" lon="130.4689253" />
  <node id="-3567" lat="33.5534302" lon="130.4689904" />
  <node id="-3568" lat="33.5533717" lon="130.4690737" />
  <node id="-3569" lat="33.5532872" lon="130.4691757" />
  <node id="-3570" lat="33.5531982" lon="130.4692586" />
  <node id="-3571" lat="33.5530864" lon="130.4693417" />
  <node id="-3572" lat="33.5529209" lon="130.4694276" />
  <node id="-3573" lat="33.5526989" lon="130.4695154" />
  <node id="-3574" lat="33.551529" lon="130.4699684" />
  <node id="-3575" lat="33.5514617" lon="130.4699945" />
  <node id="-3576" lat="33.5512955" lon="130.4700608" />
  <node id="-3577" lat="33.5511139" lon="130.4701337" />
  <node id="-3578" lat="33.5509585" lon="130.4701952" />
  <node id="-3579" lat="33.5508557" lon="130.4702385" />
  <node id="-3580" lat="33.5507768" lon="130.4702897" />
  <node id="-3581" lat="33.5507261" lon="130.470333" />
  <node id="-3582" lat="33.5506909" lon="130.4703639" />
  <node id="-3583" lat="33.5506568" lon="130.4704036" />
  <node id="-3584" lat="33.5506244" lon="130.4704504" />
  <node id="-3585" lat="33.5505947" lon="130.4704993" />
  <node id="-3586" lat="33.5505825" lon="130.4705433" />
  <node id="-3587" lat="33.5505768" lon="130.4706104" />
  <node id="-3588" lat="33.5505713" lon="130.470671" />
  <node id="-3589" lat="33.5505758" lon="130.4707531" />
  <node id="-3590" lat="33.5505418" lon="130.4707713" />
  <node id="-3591" lat="33.5505078" lon="130.4707895" />
  <way id="761272209">
    <nd ref="-3592" />
    <nd ref="-3593" />
    <nd ref="-3594" />
    <nd ref="-3595" />
    <nd ref="-3596" />
    <nd ref="-3597" />
    <nd ref="-3598" />
    <nd ref="-3599" />
    <tag k="waterway" v="stream" />
  </way>
  <node id="-3592" lat="33.599085" lon="130.437357" />
  <node id="-3593" lat="33.5995506" lon="130.436908" />
  <node id="-3594" lat="33.5998338" lon="130.4366445" />
  <node id="-3595" lat="33.600623" lon="130.435925" />
  <node id="-3596" lat="33.6008212" lon="130.4357567" />
  <node id="-3597" lat="33.6011854" lon="130.435471" />
  <node id="-3598" lat="33.6014518" lon="130.4352631" />
  <node id="-3599" lat="33.601474" lon="130.4352612" />
  <way id="761272210">
    <nd ref="-3600" />
    <nd ref="-3601" />
    <nd ref="-3602" />
    <nd ref="-3603" />
    <nd ref="-3604" />
    <nd ref="-3605" />
    <nd ref="-3606" />
    <nd ref="-3607" />
    <nd ref="-3608" />
    <nd ref="-3609" />
    <nd ref="-3610" />
    <nd ref="-3611" />
    <nd ref="-3612" />
    <nd ref="-3613" />
    <nd ref="-3614" />
    <nd ref="-3615" />
    <nd ref="-3616" />
    <nd ref="-3617" />
    <nd ref="-3618" />
    <nd ref="-3619" />
    <nd ref="-3620" />
    <nd ref="-3621" />
    <nd ref="-3622" />
    <nd ref="-3623" />
    <nd ref="-3624" />
    <nd ref="-3625" />
    <nd ref="-3626" />
    <nd ref="-3627" />
    <nd ref="-3628" />
    <nd ref="-3629" />
    <nd ref="-3630" />
    <nd ref="-3631" />
    <nd ref="-3632" />
    <nd ref="-3633" />
    <nd ref="-3634" />
    <nd ref="-3635" />
    <nd ref="-3636" />
    <nd ref="-3637" />
    <nd ref="-3638" />
    <nd ref="-3639" />
    <nd ref="-3640" />
    <nd ref="-3641" />
    <nd ref="-3642" />
    <nd ref="-3643" />
    <nd ref="-3644" />
    <nd ref="-3645" />
    <nd ref="-3646" />
    <nd ref="-3647" />
    <nd ref="-3648" />
    <nd ref="-3649" />
    <nd ref="-3650" />
    <nd ref="-3651" />
    <nd ref="-3652" />
    <nd ref="-3653" />
    <nd ref="-3654" />
    <nd ref="-3655" />
    <nd ref="-3656" />
    <nd ref="-3657" />
    <nd ref="-3658" />
    <nd ref="-3659" />
    <nd ref="-3660" />
    <nd ref="-3661" />
    <nd ref="-3662" />
    <nd ref="-3663" />
    <nd ref="-3664" />
    <nd ref="-3665" />
    <nd ref="-3666" />
    <nd ref="-3667" />
    <nd ref="-3668" />
    <nd ref="-3669" />
    <nd ref="-3670" />
    <nd ref="-3671" />
    <nd ref="-3672" />
    <nd ref="-3673" />
    <nd ref="-3674" />
    <nd ref="-3675" />
    <nd ref="-3676" />
    <nd ref="-3677" />
    <nd ref="-3678" />
    <nd ref="-3679" />
    <nd ref="-3680" />
    <nd ref="-3681" />
    <nd ref="-3682" />
    <nd ref="-3683" />
    <nd ref="-3684" />
    <nd ref="-3685" />
    <nd ref="-3686" />
    <nd ref="-3687" />
    <nd ref="-3688" />
    <nd ref="-3689" />
    <nd ref="-3690" />
    <nd ref="-3691" />
    <nd ref="-3692" />
    <nd ref="-3693" />
    <nd ref="-3694" />
    <nd ref="-3695" />
    <nd ref="-3696" />
    <nd ref="-3697" />
    <nd ref="-3698" />
    <nd ref="-3699" />
    <nd ref="-3700" />
    <nd ref="-3701" />
    <nd ref="-3702" />
    <nd ref="-3703" />
    <nd ref="-3704" />
    <nd ref="-3705" />
    <nd ref="-3706" />
    <nd ref="-3707" />
    <nd ref="-3708" />
    <nd ref="-3709" />
    <nd ref="-3710" />
    <nd ref="-3711" />
    <nd ref="-3712" />
    <nd ref="-3713" />
    <nd ref="-3714" />
    <nd ref="-3715" />
    <nd ref="-3716" />
    <nd ref="-3717" />
    <nd ref="-3718" />
    <nd ref="-3719" />
    <nd ref="-3720" />
    <nd ref="-3721" />
    <nd ref="-3722" />
    <nd ref="-3723" />
    <nd ref="-3724" />
    <nd ref="-3725" />
    <nd ref="-3726" />
    <nd ref="-3727" />
    <nd ref="-3728" />
    <nd ref="-3729" />
    <nd ref="-3730" />
    <nd ref="-3731" />
    <nd ref="-3732" />
    <nd ref="-3733" />
    <nd ref="-3734" />
    <nd ref="-3735" />
    <nd ref="-3736" />
    <nd ref="-3737" />
    <nd ref="-3738" />
    <nd ref="-3739" />
    <nd ref="-3740" />
    <nd ref="-3741" />
    <nd ref="-3742" />
    <nd ref="-3743" />
    <nd ref="-3744" />
    <nd ref="-3745" />
    <nd ref="-3746" />
    <nd ref="-3747" />
    <nd ref="-3748" />
    <nd ref="-3749" />
    <nd ref="-3750" />
    <nd ref="-3751" />
    <nd ref="-3752" />
    <nd ref="-3753" />
    <nd ref="-3754" />
    <nd ref="-3755" />
    <nd ref="-3756" />
    <nd ref="-3757" />
    <nd ref="-3758" />
    <nd ref="-3759" />
    <nd ref="-3760" />
    <nd ref="-3761" />
    <nd ref="-3762" />
    <nd ref="-3763" />
    <nd ref="-3764" />
    <nd ref="-3765" />
    <nd ref="-3766" />
    <nd ref="-3767" />
    <nd ref="-3768" />
    <nd ref="-3769" />
    <nd ref="-3770" />
    <nd ref="-3771" />
    <nd ref="-3772" />
    <nd ref="-3773" />
    <nd ref="-3774" />
    <nd ref="-3775" />
    <nd ref="-3776" />
    <nd ref="-3777" />
    <nd ref="-3778" />
    <nd ref="-3779" />
    <nd ref="-3780" />
    <nd ref="-3781" />
    <nd ref="-3782" />
    <nd ref="-3783" />
    <nd ref="-3784" />
    <nd ref="-3785" />
    <nd ref="-3786" />
    <nd ref="-3787" />
    <nd ref="-3788" />
    <nd ref="-3789" />
    <nd ref="-3790" />
    <nd ref="-3791" />
    <nd ref="-3792" />
    <nd ref="-3793" />
    <nd ref="-3794" />
    <nd ref="-3795" />
    <nd ref="-3796" />
    <nd ref="-3797" />
    <nd ref="-3798" />
    <nd ref="-3799" />
    <nd ref="-3800" />
    <nd ref="-3801" />
    <nd ref="-3802" />
    <nd ref="-3803" />
    <nd ref="-3804" />
    <nd ref="-3805" />
    <nd ref="-3806" />
    <nd ref="-3807" />
    <nd ref="-3808" />
    <nd ref="-3809" />
    <nd ref="-3810" />
    <nd ref="-3811" />
    <nd ref="-3812" />
    <nd ref="-3813" />
    <nd ref="-3814" />
    <tag k="natural" v="water" />
    <tag k="water" v="river" />
  </way>
  <node id="-3600" lat="33.6008548" lon="130.4357057" />
  <node id="-3601" lat="33.601137" lon="130.4354929" />
  <node id="-3602" lat="33.6011598" lon="130.4354757" />
  <node id="-3603" lat="33.6011759" lon="130.4354636" />
  <node id="-3604" lat="33.6014462" lon="130.4352503" />
  <node id="-3605" lat="33.6014398" lon="130.4352402" />
  <node id="-3606" lat="33.6013937" lon="130.4351626" />
  <node id="-3607" lat="33.6013747" lon="130.4351478" />
  <node id="-3608" lat="33.6012189" lon="130.4348883" />
  <node id="-3609" lat="33.6011748" lon="130.4348212" />
  <node id="-3610" lat="33.6010123" lon="130.4346208" />
  <node id="-3611" lat="33.600857" lon="130.4344431" />
  <node id="-3612" lat="33.6008028" lon="130.4344102" />
  <node id="-3613" lat="33.6007648" lon="130.4343753" />
  <node id="-3614" lat="33.600752" lon="130.4343619" />
  <node id="-3615" lat="33.6007162" lon="130.4343961" />
  <node id="-3616" lat="33.6007017" lon="130.4343794" />
  <node id="-3617" lat="33.6007391" lon="130.4343465" />
  <node id="-3618" lat="33.6006358" lon="130.4342224" />
  <node id="-3619" lat="33.600552" lon="130.4340669" />
  <node id="-3620" lat="33.6004582" lon="130.4338369" />
  <node id="-3621" lat="33.6004431" lon="130.4336659" />
  <node id="-3622" lat="33.6004431" lon="130.4336531" />
  <node id="-3623" lat="33.6004375" lon="130.4336438" />
  <node id="-3624" lat="33.60027" lon="130.4336022" />
  <node id="-3625" lat="33.600203" lon="130.43357" />
  <node id="-3626" lat="33.6001628" lon="130.4335606" />
  <node id="-3627" lat="33.600146" lon="130.4335284" />
  <node id="-3628" lat="33.6001868" lon="130.4335299" />
  <node id="-3629" lat="33.6002088" lon="130.4335357" />
  <node id="-3630" lat="33.6002823" lon="130.4335707" />
  <node id="-3631" lat="33.600351" lon="130.4335814" />
  <node id="-3632" lat="33.6004498" lon="130.4336129" />
  <node id="-3633" lat="33.6004336" lon="130.4335479" />
  <node id="-3634" lat="33.600413" lon="130.4335157" />
  <node id="-3635" lat="33.6002153" lon="130.4332703" />
  <node id="-3636" lat="33.5995048" lon="130.4325306" />
  <node id="-3637" lat="33.5994748" lon="130.4324982" />
  <node id="-3638" lat="33.5994121" lon="130.4323462" />
  <node id="-3639" lat="33.5990809" lon="130.4315731" />
  <node id="-3640" lat="33.5990401" lon="130.4315047" />
  <node id="-3641" lat="33.5990284" lon="130.431498" />
  <node id="-3642" lat="33.5989187" lon="130.4315989" />
  <node id="-3643" lat="33.5989164" lon="130.4315956" />
  <node id="-3644" lat="33.5989133" lon="130.4315912" />
  <node id="-3645" lat="33.5989617" lon="130.4315479" />
  <node id="-3646" lat="33.5988011" lon="130.4313324" />
  <node id="-3647" lat="33.598753" lon="130.4312827" />
  <node id="-3648" lat="33.598638" lon="130.4311178" />
  <node id="-3649" lat="33.5985447" lon="130.4309274" />
  <node id="-3650" lat="33.5984481" lon="130.4308194" />
  <node id="-3651" lat="33.5984515" lon="130.4308033" />
  <node id="-3652" lat="33.5984548" lon="130.4307872" />
  <node id="-3653" lat="33.5985665" lon="130.4309153" />
  <node id="-3654" lat="33.5986598" lon="130.4311057" />
  <node id="-3655" lat="33.5987726" lon="130.431268" />
  <node id="-3656" lat="33.5988145" lon="130.4313109" />
  <node id="-3657" lat="33.5989787" lon="130.4315268" />
  <node id="-3658" lat="33.5990491" lon="130.4314625" />
  <node id="-3659" lat="33.5991038" lon="130.4315597" />
  <node id="-3660" lat="33.5993859" lon="130.4322208" />
  <node id="-3661" lat="33.5994451" lon="130.4323442" />
  <node id="-3662" lat="33.5994981" lon="130.4324777" />
  <node id="-3663" lat="33.5995233" lon="130.4325132" />
  <node id="-3664" lat="33.6002292" lon="130.4332522" />
  <node id="-3665" lat="33.600284" lon="130.4333105" />
  <node id="-3666" lat="33.6004275" lon="130.4334889" />
  <node id="-3667" lat="33.600456" lon="130.4335358" />
  <node id="-3668" lat="33.6004699" lon="130.4335787" />
  <node id="-3669" lat="33.6004755" lon="130.4336156" />
  <node id="-3670" lat="33.6004688" lon="130.4336699" />
  <node id="-3671" lat="33.6004828" lon="130.4338282" />
  <node id="-3672" lat="33.6005744" lon="130.4340541" />
  <node id="-3673" lat="33.6006565" lon="130.434205" />
  <node id="-3674" lat="33.6007291" lon="130.4342962" />
  <node id="-3675" lat="33.6007838" lon="130.4343566" />
  <node id="-3676" lat="33.6008285" lon="130.4343894" />
  <node id="-3677" lat="33.6008743" lon="130.4344156" />
  <node id="-3678" lat="33.6010257" lon="130.4345926" />
  <node id="-3679" lat="33.6011932" lon="130.4347964" />
  <node id="-3680" lat="33.6012418" lon="130.4348715" />
  <node id="-3681" lat="33.6013965" lon="130.435125" />
  <node id="-3682" lat="33.6014116" lon="130.4351431" />
  <node id="-3683" lat="33.6014853" lon="130.4352343" />
  <node id="-3684" lat="33.6015216" lon="130.4352819" />
  <node id="-3685" lat="33.6017232" lon="130.4356722" />
  <node id="-3686" lat="33.6017735" lon="130.4357761" />
  <node id="-3687" lat="33.6017942" lon="130.4358076" />
  <node id="-3688" lat="33.6018333" lon="130.4358492" />
  <node id="-3689" lat="33.6018751" lon="130.4359022" />
  <node id="-3690" lat="33.6019494" lon="130.435984" />
  <node id="-3691" lat="33.6020008" lon="130.436049" />
  <node id="-3692" lat="33.602098" lon="130.4361811" />
  <node id="-3693" lat="33.6021566" lon="130.4362468" />
  <node id="-3694" lat="33.6021929" lon="130.4363099" />
  <node id="-3695" lat="33.6022225" lon="130.4363622" />
  <node id="-3696" lat="33.6022946" lon="130.4364815" />
  <node id="-3697" lat="33.6023253" lon="130.4365305" />
  <node id="-3698" lat="33.6023342" lon="130.4365902" />
  <node id="-3699" lat="33.6023661" lon="130.4366545" />
  <node id="-3700" lat="33.6023834" lon="130.4367068" />
  <node id="-3701" lat="33.6024052" lon="130.4367766" />
  <node id="-3702" lat="33.6024225" lon="130.4368161" />
  <node id="-3703" lat="33.6024504" lon="130.4368591" />
  <node id="-3704" lat="33.6024817" lon="130.4368946" />
  <node id="-3705" lat="33.6025241" lon="130.4369207" />
  <node id="-3706" lat="33.6025861" lon="130.4369429" />
  <node id="-3707" lat="33.6026101" lon="130.4369435" />
  <node id="-3708" lat="33.6029212" lon="130.4369073" />
  <node id="-3709" lat="33.6030575" lon="130.4369181" />
  <node id="-3710" lat="33.6031027" lon="130.4369127" />
  <node id="-3711" lat="33.6032278" lon="130.4368731" />
  <node id="-3712" lat="33.6032731" lon="130.4368664" />
  <node id="-3713" lat="33.6033183" lon="130.4368678" />
  <node id="-3714" lat="33.6033446" lon="130.4368624" />
  <node id="-3715" lat="33.6033825" lon="130.4368456" />
  <node id="-3716" lat="33.6034322" lon="130.4368369" />
  <node id="-3717" lat="33.6035238" lon="130.4368014" />
  <node id="-3718" lat="33.6036009" lon="130.4367766" />
  <node id="-3719" lat="33.6037629" lon="130.4366995" />
  <node id="-3720" lat="33.6038444" lon="130.4366726" />
  <node id="-3721" lat="33.6039014" lon="130.4366512" />
  <node id="-3722" lat="33.6039656" lon="130.4366344" />
  <node id="-3723" lat="33.6042354" lon="130.4365848" />
  <node id="-3724" lat="33.6042873" lon="130.4365654" />
  <node id="-3725" lat="33.6044236" lon="130.4364835" />
  <node id="-3726" lat="33.6045274" lon="130.4364286" />
  <node id="-3727" lat="33.6046146" lon="130.4363917" />
  <node id="-3728" lat="33.6047648" lon="130.4362891" />
  <node id="-3729" lat="33.60481" lon="130.4362609" />
  <node id="-3730" lat="33.6049324" lon="130.4361717" />
  <node id="-3731" lat="33.6049647" lon="130.4361597" />
  <node id="-3732" lat="33.6049832" lon="130.4361556" />
  <node id="-3733" lat="33.6050318" lon="130.4361905" />
  <node id="-3734" lat="33.6050508" lon="130.4361845" />
  <node id="-3735" lat="33.6050619" lon="130.4362026" />
  <node id="-3736" lat="33.604981" lon="130.4363266" />
  <node id="-3737" lat="33.6049603" lon="130.4363119" />
  <node id="-3738" lat="33.6049301" lon="130.4362777" />
  <node id="-3739" lat="33.6048625" lon="130.4363414" />
  <node id="-3740" lat="33.6047816" lon="130.4363789" />
  <node id="-3741" lat="33.6046576" lon="130.4364614" />
  <node id="-3742" lat="33.604557" lon="130.4365258" />
  <node id="-3743" lat="33.6043348" lon="130.4366411" />
  <node id="-3744" lat="33.604055" lon="130.4367068" />
  <node id="-3745" lat="33.6039628" lon="130.4367216" />
  <node id="-3746" lat="33.6039003" lon="130.436739" />
  <node id="-3747" lat="33.6036825" lon="130.4368289" />
  <node id="-3748" lat="33.6034786" lon="130.4369047" />
  <node id="-3749" lat="33.6033775" lon="130.4369389" />
  <node id="-3750" lat="33.6032714" lon="130.4369616" />
  <node id="-3751" lat="33.6031575" lon="130.4369992" />
  <node id="-3752" lat="33.602991" lon="130.4370743" />
  <node id="-3753" lat="33.6028559" lon="130.4370945" />
  <node id="-3754" lat="33.6025711" lon="130.4370026" />
  <node id="-3755" lat="33.6025063" lon="130.4369737" />
  <node id="-3756" lat="33.6024113" lon="130.4368959" />
  <node id="-3757" lat="33.6023655" lon="130.436853" />
  <node id="-3758" lat="33.6023275" lon="130.4367699" />
  <node id="-3759" lat="33.6023097" lon="130.4367135" />
  <node id="-3760" lat="33.6022795" lon="130.4366586" />
  <node id="-3761" lat="33.6022382" lon="130.4366089" />
  <node id="-3762" lat="33.6021689" lon="130.4365472" />
  <node id="-3763" lat="33.6021365" lon="130.4364614" />
  <node id="-3764" lat="33.6021164" lon="130.4364219" />
  <node id="-3765" lat="33.6020913" lon="130.4364366" />
  <node id="-3766" lat="33.602077" lon="130.4364093" />
  <node id="-3767" lat="33.6020439" lon="130.4363464" />
  <node id="-3768" lat="33.602036" lon="130.4363313" />
  <node id="-3769" lat="33.6018148" lon="130.4363957" />
  <node id="-3770" lat="33.6016841" lon="130.4365043" />
  <node id="-3771" lat="33.6014021" lon="130.4367445" />
  <node id="-3772" lat="33.6013934" lon="130.4366935" />
  <node id="-3773" lat="33.601692" lon="130.4364413" />
  <node id="-3774" lat="33.6018092" lon="130.4363568" />
  <node id="-3775" lat="33.6020092" lon="130.4362817" />
  <node id="-3776" lat="33.6019243" lon="130.4361208" />
  <node id="-3777" lat="33.601879" lon="130.4360581" />
  <node id="-3778" lat="33.6017467" lon="130.4358472" />
  <node id="-3779" lat="33.6017288" lon="130.4358123" />
  <node id="-3780" lat="33.6016964" lon="130.4357681" />
  <node id="-3781" lat="33.6016752" lon="130.435705" />
  <node id="-3782" lat="33.6014585" lon="130.4352739" />
  <node id="-3783" lat="33.6011817" lon="130.4354914" />
  <node id="-3784" lat="33.6011603" lon="130.435509" />
  <node id="-3785" lat="33.6011397" lon="130.4355258" />
  <node id="-3786" lat="33.600901" lon="130.4357214" />
  <node id="-3787" lat="33.6008867" lon="130.4357331" />
  <node id="-3788" lat="33.6008628" lon="130.4357527" />
  <node id="-3789" lat="33.6008302" lon="130.4357794" />
  <node id="-3790" lat="33.6006408" lon="130.4359417" />
  <node id="-3791" lat="33.6009821" lon="130.4365231" />
  <node id="-3792" lat="33.6009692" lon="130.4365405" />
  <node id="-3793" lat="33.6006263" lon="130.4359645" />
  <node id="-3794" lat="33.600595" lon="130.435988" />
  <node id="-3795" lat="33.5998528" lon="130.4366612" />
  <node id="-3796" lat="33.5998396" lon="130.4366761" />
  <node id="-3797" lat="33.5998248" lon="130.4366898" />
  <node id="-3798" lat="33.5998119" lon="130.4367017" />
  <node id="-3799" lat="33.5996071" lon="130.436891" />
  <node id="-3800" lat="33.599588" lon="130.4369086" />
  <node id="-3801" lat="33.5995568" lon="130.4369288" />
  <node id="-3802" lat="33.5990904" lon="130.4373653" />
  <node id="-3803" lat="33.599085" lon="130.437357" />
  <node id="-3804" lat="33.5990736" lon="130.4373398" />
  <node id="-3805" lat="33.5995009" lon="130.4369281" />
  <node id="-3806" lat="33.5995361" lon="130.4368785" />
  <node id="-3807" lat="33.599783" lon="130.4366545" />
  <node id="-3808" lat="33.5998159" lon="130.436627" />
  <node id="-3809" lat="33.6000918" lon="130.4363803" />
  <node id="-3810" lat="33.6002169" lon="130.436271" />
  <node id="-3811" lat="33.6003214" lon="130.4361784" />
  <node id="-3812" lat="33.600566" lon="130.435937" />
  <node id="-3813" lat="33.6005962" lon="130.4359169" />
  <node id="-3814" lat="33.6008548" lon="130.4357057" />
  <way id="761274290">
    <nd ref="-3815" />
    <nd ref="-3816" />
    <tag k="waterway" v="stream" />
  </way>
  <node id="-3815" lat="33.5935072" lon="130.4365198" />
  <node id="-3816" lat="33.5940496" lon="130.4360571" />
  <way id="761274291">
    <nd ref="-3817" />
    <nd ref="-3818" />
    <nd ref="-3819" />
    <nd ref="-3820" />
    <nd ref="-3821" />
    <nd ref="-3822" />
    <nd ref="-3823" />
    <nd ref="-3824" />
    <nd ref="-3825" />
    <nd ref="-3826" />
    <nd ref="-3827" />
    <nd ref="-3828" />
    <nd ref="-3829" />
    <nd ref="-3830" />
    <nd ref="-3831" />
    <nd ref="-3832" />
    <nd ref="-3833" />
    <nd ref="-3834" />
    <nd ref="-3835" />
    <tag k="waterway" v="stream" />
  </way>
  <node id="-3817" lat="33.5984515" lon="130.4308033" />
  <node id="-3818" lat="33.5985537" lon="130.4309206" />
  <node id="-3819" lat="33.5986497" lon="130.4311104" />
  <node id="-3820" lat="33.5987625" lon="130.431276" />
  <node id="-3821" lat="33.5988083" lon="130.4313236" />
  <node id="-3822" lat="33.5989714" lon="130.4315402" />
  <node id="-3823" lat="33.5990435" lon="130.4314785" />
  <node id="-3824" lat="33.5990904" lon="130.4315657" />
  <node id="-3825" lat="33.5993145" lon="130.4320924" />
  <node id="-3826" lat="33.5993725" lon="130.4322289" />
  <node id="-3827" lat="33.5994244" lon="130.4323449" />
  <node id="-3828" lat="33.5994869" lon="130.432485" />
  <node id="-3829" lat="33.5995115" lon="130.4325219" />
  <node id="-3830" lat="33.6001776" lon="130.4332157" />
  <node id="-3831" lat="33.6002203" lon="130.4332602" />
  <node id="-3832" lat="33.6004191" lon="130.4334989" />
  <node id="-3833" lat="33.6004448" lon="130.4335412" />
  <node id="-3834" lat="33.6004571" lon="130.4335814" />
  <node id="-3835" lat="33.6004587" lon="130.4336368" />
  <way id="761276374">
    <nd ref="-3836" />
    <nd ref="-3837" />
    <nd ref="-3838" />
    <nd ref="-3839" />
    <nd ref="-3840" />
    <nd ref="-3841" />
    <nd ref="-3842" />
    <nd ref="-3843" />
    <nd ref="-3844" />
    <tag k="natural" v="water" />
    <tag k="water" v="river" />
  </way>
  <node id="-3836" lat="33.5980884" lon="130.4322644" />
  <node id="-3837" lat="33.598089" lon="130.4322772" />
  <node id="-3838" lat="33.5980895" lon="130.4322899" />
  <node id="-3839" lat="33.5979007" lon="130.4324435" />
  <node id="-3840" lat="33.5976377" lon="130.4326614" />
  <node id="-3841" lat="33.5976318" lon="130.4326503" />
  <node id="-3842" lat="33.5976259" lon="130.4326392" />
  <node id="-3843" lat="33.5978946" lon="130.4324274" />
  <node id="-3844" lat="33.5980884" lon="130.4322644" />
  <way id="761276375">
    <nd ref="-3845" />
    <nd ref="-3846" />
    <nd ref="-3847" />
    <nd ref="-3848" />
    <nd ref="-3849" />
    <nd ref="-3850" />
    <nd ref="-3851" />
    <tag k="natural" v="water" />
    <tag k="water" v="river" />
  </way>
  <node id="-3845" lat="33.5983341" lon="130.4320888" />
  <node id="-3846" lat="33.5983286" lon="130.4320787" />
  <node id="-3847" lat="33.598323" lon="130.4320687" />
  <node id="-3848" lat="33.5981342" lon="130.4322309" />
  <node id="-3849" lat="33.5981387" lon="130.4322393" />
  <node id="-3850" lat="33.5981431" lon="130.4322477" />
  <node id="-3851" lat="33.5983341" lon="130.4320888" />
  <way id="761276376">
    <nd ref="-3852" />
    <nd ref="-3853" />
    <nd ref="-3854" />
    <nd ref="-3855" />
    <nd ref="-3856" />
    <nd ref="-3857" />
    <nd ref="-3858" />
    <tag k="natural" v="water" />
    <tag k="water" v="river" />
  </way>
  <node id="-3852" lat="33.5985721" lon="130.4318681" />
  <node id="-3853" lat="33.5983906" lon="130.432021" />
  <node id="-3854" lat="33.5983945" lon="130.4320277" />
  <node id="-3855" lat="33.5983984" lon="130.4320344" />
  <node id="-3856" lat="33.598581" lon="130.4318829" />
  <node id="-3857" lat="33.5985766" lon="130.4318755" />
  <node id="-3858" lat="33.5985721" lon="130.4318681" />
  <way id="761278400">
    <nd ref="-3859" />
    <nd ref="-3860" />
    <nd ref="-3861" />
    <nd ref="-3862" />
    <nd ref="-3863" />
    <nd ref="-3864" />
    <tag k="waterway" v="stream" />
  </way>
  <node id="-3859" lat="33.592637" lon="130.4313706" />
  <node id="-3860" lat="33.5927292" lon="130.4315413" />
  <node id="-3861" lat="33.5932078" lon="130.4323053" />
  <node id="-3862" lat="33.593448" lon="130.4326768" />
  <node id="-3863" lat="33.5937133" lon="130.4330704" />
  <node id="-3864" lat="33.5938066" lon="130.4331952" />
  <way id="761278401">
    <nd ref="-3865" />
    <nd ref="-3866" />
    <nd ref="-3867" />
    <nd ref="-3868" />
    <nd ref="-3869" />
    <nd ref="-3870" />
    <nd ref="-3871" />
    <tag k="waterway" v="stream" />
  </way>
  <node id="-3865" lat="33.593777" lon="130.4333628" />
  <node id="-3866" lat="33.5938189" lon="130.4333246" />
  <node id="-3867" lat="33.5938329" lon="130.4332937" />
  <node id="-3868" lat="33.5938435" lon="130.433226" />
  <node id="-3869" lat="33.5938837" lon="130.4331945" />
  <node id="-3870" lat="33.5946824" lon="130.4324911" />
  <node id="-3871" lat="33.595375" lon="130.4318748" />
  <way id="761278402">
    <nd ref="-3872" />
    <nd ref="-3873" />
    <nd ref="-3874" />
    <nd ref="-3875" />
    <nd ref="-3876" />
    <nd ref="-3877" />
    <nd ref="-3878" />
    <tag k="natural" v="water" />
    <tag k="water" v="river" />
  </way>
  <node id="-3872" lat="33.5975556" lon="130.4327016" />
  <node id="-3873" lat="33.5975609" lon="130.4327103" />
  <node id="-3874" lat="33.5975662" lon="130.432719" />
  <node id="-3875" lat="33.5973847" lon="130.4328693" />
  <node id="-3876" lat="33.5973783" lon="130.4328609" />
  <node id="-3877" lat="33.5973718" lon="130.4328525" />
  <node id="-3878" lat="33.5975556" lon="130.4327016" />
  <way id="761279562">
    <nd ref="-3879" />
    <nd ref="-3880" />
    <nd ref="-3881" />
    <nd ref="-3882" />
    <nd ref="-3883" />
    <tag k="natural" v="water" />
    <tag k="water" v="river" />
  </way>
  <node id="-3879" lat="33.5960542" lon="130.4296561" />
  <node id="-3880" lat="33.5960622" lon="130.4296687" />
  <node id="-3881" lat="33.5962009" lon="130.4295402" />
  <node id="-3882" lat="33.5961928" lon="130.4295276" />
  <node id="-3883" lat="33.5960542" lon="130.4296561" />
  <way id="761279563">
    <nd ref="-3884" />
    <nd ref="-3885" />
    <nd ref="-3886" />
    <nd ref="-3887" />
    <nd ref="-3888" />
    <tag k="natural" v="water" />
    <tag k="water" v="river" />
  </way>
  <node id="-3884" lat="33.595684" lon="130.4299918" />
  <node id="-3885" lat="33.5956935" lon="130.4300068" />
  <node id="-3886" lat="33.5960055" lon="130.4297219" />
  <node id="-3887" lat="33.595996" lon="130.4297068" />
  <node id="-3888" lat="33.595684" lon="130.4299918" />
  <way id="761279564">
    <nd ref="-3889" />
    <nd ref="-3890" />
    <nd ref="-3891" />
    <nd ref="-3892" />
    <nd ref="-3893" />
    <tag k="natural" v="water" />
    <tag k="water" v="river" />
  </way>
  <node id="-3889" lat="33.595087" lon="130.4305574" />
  <node id="-3890" lat="33.5950781" lon="130.4305435" />
  <node id="-3891" lat="33.5949392" lon="130.4306706" />
  <node id="-3892" lat="33.5949481" lon="130.4306846" />
  <node id="-3893" lat="33.595087" lon="130.4305574" />
  <way id="761279565">
    <nd ref="-3894" />
    <nd ref="-3895" />
    <nd ref="-3896" />
    <nd ref="-3897" />
    <nd ref="-3898" />
    <tag k="natural" v="water" />
    <tag k="water" v="river" />
  </way>
  <node id="-3894" lat="33.5951953" lon="130.4304592" />
  <node id="-3895" lat="33.5951873" lon="130.4304469" />
  <node id="-3896" lat="33.5951213" lon="130.4305094" />
  <node id="-3897" lat="33.5951293" lon="130.4305216" />
  <node id="-3898" lat="33.5951953" lon="130.4304592" />
  <way id="761279566">
    <nd ref="-3899" />
    <nd ref="-3900" />
    <nd ref="-3901" />
    <nd ref="-3902" />
    <nd ref="-3903" />
    <tag k="natural" v="water" />
    <tag k="water" v="river" />
  </way>
  <node id="-3899" lat="33.5954747" lon="130.4302055" />
  <node id="-3900" lat="33.5954643" lon="130.4301892" />
  <node id="-3901" lat="33.5952172" lon="130.4304178" />
  <node id="-3902" lat="33.5952277" lon="130.430434" />
  <node id="-3903" lat="33.5954747" lon="130.4302055" />
  <way id="761279567">
    <nd ref="-3904" />
    <nd ref="-3905" />
    <nd ref="-3906" />
    <nd ref="-3907" />
    <nd ref="-3908" />
    <tag k="natural" v="water" />
    <tag k="water" v="river" />
  </way>
  <node id="-3904" lat="33.5955907" lon="130.4300774" />
  <node id="-3905" lat="33.5955031" lon="130.4301575" />
  <node id="-3906" lat="33.5955132" lon="130.4301734" />
  <node id="-3907" lat="33.5956008" lon="130.4300932" />
  <node id="-3908" lat="33.5955907" lon="130.4300774" />
  <way id="761280756">
    <nd ref="-3909" />
    <nd ref="-3910" />
    <nd ref="-3911" />
    <nd ref="-3912" />
    <nd ref="-3913" />
    <nd ref="-3914" />
    <nd ref="-3915" />
    <tag k="natural" v="water" />
    <tag k="water" v="river" />
  </way>
  <node id="-3909" lat="33.5994199" lon="130.4340863" />
  <node id="-3910" lat="33.5993752" lon="130.4340434" />
  <node id="-3911" lat="33.5993665" lon="130.4340516" />
  <node id="-3912" lat="33.599354" lon="130.4340635" />
  <node id="-3913" lat="33.5993976" lon="130.4341038" />
  <node id="-3914" lat="33.5994071" lon="130.4340963" />
  <node id="-3915" lat="33.5994199" lon="130.4340863" />
  <way id="761280758">
    <nd ref="-3916" />
    <nd ref="-3917" />
    <nd ref="-3918" />
    <nd ref="-3919" />
    <nd ref="-3920" />
    <nd ref="-3921" />
    <nd ref="-3922" />
    <tag k="natural" v="water" />
    <tag k="water" v="river" />
  </way>
  <node id="-3916" lat="33.5984579" lon="130.4333515" />
  <node id="-3917" lat="33.598463" lon="130.4333605" />
  <node id="-3918" lat="33.5984705" lon="130.4333738" />
  <node id="-3919" lat="33.5984232" lon="130.4334083" />
  <node id="-3920" lat="33.5984168" lon="130.433397" />
  <node id="-3921" lat="33.5984106" lon="130.433386" />
  <node id="-3922" lat="33.5984579" lon="130.4333515" />
  <way id="761280759">
    <nd ref="-3923" />
    <nd ref="-3924" />
    <nd ref="-3925" />
    <nd ref="-3926" />
    <nd ref="-3927" />
    <nd ref="-3928" />
    <nd ref="-3929" />
    <nd ref="-3930" />
    <nd ref="-3931" />
    <nd ref="-3932" />
    <nd ref="-3933" />
    <nd ref="-3934" />
    <nd ref="-3935" />
    <nd ref="-3936" />
    <nd ref="-3937" />
    <nd ref="-3938" />
    <nd ref="-3939" />
    <nd ref="-3940" />
    <tag k="natural" v="water" />
    <tag k="water" v="river" />
  </way>
  <node id="-3923" lat="33.5985812" lon="130.4332699" />
  <node id="-3924" lat="33.5985316" lon="130.4333224" />
  <node id="-3925" lat="33.5985261" lon="130.4333137" />
  <node id="-3926" lat="33.59852" lon="130.4333041" />
  <node id="-3927" lat="33.5985704" lon="130.4332529" />
  <node id="-3928" lat="33.5987262" lon="130.4331207" />
  <node id="-3929" lat="33.5987598" lon="130.4331462" />
  <node id="-3930" lat="33.5987765" lon="130.433169" />
  <node id="-3931" lat="33.5988134" lon="130.4332669" />
  <node id="-3932" lat="33.5992055" lon="130.4338302" />
  <node id="-3933" lat="33.5993194" lon="130.4339844" />
  <node id="-3934" lat="33.5993112" lon="130.4339961" />
  <node id="-3935" lat="33.5993026" lon="130.4340085" />
  <node id="-3936" lat="33.5992535" lon="130.4339428" />
  <node id="-3937" lat="33.5987866" lon="130.4332602" />
  <node id="-3938" lat="33.5987419" lon="130.4331516" />
  <node id="-3939" lat="33.598724" lon="130.4331489" />
  <node id="-3940" lat="33.5985812" lon="130.4332699" />
  <way id="761280761">
    <nd ref="-3941" />
    <nd ref="-3942" />
    <nd ref="-3943" />
    <nd ref="-3944" />
    <nd ref="-3945" />
    <nd ref="-3946" />
    <nd ref="-3947" />
    <nd ref="-3948" />
    <nd ref="-3949" />
    <nd ref="-3950" />
    <nd ref="-3951" />
    <nd ref="-3952" />
    <tag k="natural" v="water" />
    <tag k="water" v="river" />
  </way>
  <node id="-3941" lat="33.5979811" lon="130.4338275" />
  <node id="-3942" lat="33.5982537" lon="130.4335231" />
  <node id="-3943" lat="33.5983018" lon="130.4334775" />
  <node id="-3944" lat="33.5983093" lon="130.4334918" />
  <node id="-3945" lat="33.5983179" lon="130.4335083" />
  <node id="-3946" lat="33.5982682" lon="130.4335445" />
  <node id="-3947" lat="33.5981381" lon="130.4336961" />
  <node id="-3948" lat="33.5979979" lon="130.4338463" />
  <node id="-3949" lat="33.5978628" lon="130.4339849" />
  <node id="-3950" lat="33.5978559" lon="130.4339747" />
  <node id="-3951" lat="33.5978489" lon="130.4339646" />
  <node id="-3952" lat="33.5979811" lon="130.4338275" />
  <way id="761280762">
    <nd ref="-3953" />
    <nd ref="-3954" />
    <nd ref="-3955" />
    <nd ref="-3956" />
    <nd ref="-3957" />
    <nd ref="-3958" />
    <nd ref="-3959" />
    <tag k="natural" v="water" />
    <tag k="water" v="river" />
  </way>
  <node id="-3953" lat="33.5974611" lon="130.4343168" />
  <node id="-3954" lat="33.597468" lon="130.4343264" />
  <node id="-3955" lat="33.5974778" lon="130.4343398" />
  <node id="-3956" lat="33.5973987" lon="130.4344184" />
  <node id="-3957" lat="33.5973899" lon="130.4344063" />
  <node id="-3958" lat="33.597382" lon="130.4343953" />
  <node id="-3959" lat="33.5974611" lon="130.4343168" />
  <way id="761280763">
    <nd ref="-3960" />
    <nd ref="-3961" />
    <nd ref="-3962" />
    <nd ref="-3963" />
    <nd ref="-3964" />
    <nd ref="-3965" />
    <nd ref="-3966" />
    <tag k="natural" v="water" />
    <tag k="water" v="river" />
  </way>
  <node id="-3960" lat="33.5972905" lon="130.4345111" />
  <node id="-3961" lat="33.5972984" lon="130.4345234" />
  <node id="-3962" lat="33.5973064" lon="130.4345358" />
  <node id="-3963" lat="33.5968734" lon="130.4349424" />
  <node id="-3964" lat="33.5968652" lon="130.4349297" />
  <node id="-3965" lat="33.5968575" lon="130.4349177" />
  <node id="-3966" lat="33.5972905" lon="130.4345111" />
  <way id="761280764">
    <nd ref="-3967" />
    <nd ref="-3968" />
    <nd ref="-3969" />
    <nd ref="-3970" />
    <nd ref="-3971" />
    <tag k="natural" v="water" />
    <tag k="water" v="river" />
  </way>
  <node id="-3967" lat="33.5967305" lon="130.4290521" />
  <node id="-3968" lat="33.596631" lon="130.4291385" />
  <node id="-3969" lat="33.5966349" lon="130.4291451" />
  <node id="-3970" lat="33.5967345" lon="130.4290587" />
  <node id="-3971" lat="33.5967305" lon="130.4290521" />
  <way id="761280765">
    <nd ref="-3972" />
    <nd ref="-3973" />
    <nd ref="-3974" />
    <nd ref="-3975" />
    <nd ref="-3976" />
    <tag k="natural" v="water" />
    <tag k="water" v="river" />
  </way>
  <node id="-3972" lat="33.5965914" lon="130.4291837" />
  <node id="-3973" lat="33.5965862" lon="130.4291754" />
  <node id="-3974" lat="33.5962579" lon="130.4294755" />
  <node id="-3975" lat="33.5962632" lon="130.4294838" />
  <node id="-3976" lat="33.5965914" lon="130.4291837" />
  <way id="761418938">
    <nd ref="-3977" />
    <nd ref="-3978" />
    <nd ref="-3979" />
    <tag k="waterway" v="stream" />
  </way>
  <node id="-3977" lat="33.5947494" lon="130.4368664" />
  <node id="-3978" lat="33.5948592" lon="130.4367836" />
  <node id="-3979" lat="33.5948788" lon="130.4367709" />
  <way id="761418939">
    <nd ref="-3980" />
    <nd ref="-3981" />
    <nd ref="-3982" />
    <nd ref="-3983" />
    <nd ref="-3984" />
    <nd ref="-3985" />
    <tag k="layer" v="-1" />
    <tag k="tunnel" v="yes" />
    <tag k="waterway" v="stream" />
  </way>
  <node id="-3980" lat="33.5947658" lon="130.4365887" />
  <node id="-3981" lat="33.5948322" lon="130.4366839" />
  <node id="-3982" lat="33.5948384" lon="130.4366955" />
  <node id="-3983" lat="33.5948788" lon="130.4367709" />
  <node id="-3984" lat="33.5952326" lon="130.4373492" />
  <node id="-3985" lat="33.5955087" lon="130.4377878" />
  <way id="761418941">
    <nd ref="-3986" />
    <nd ref="-3987" />
    <nd ref="-3988" />
    <nd ref="-3989" />
    <nd ref="-3990" />
    <nd ref="-3991" />
    <nd ref="-3992" />
    <tag k="natural" v="water" />
    <tag k="water" v="river" />
  </way>
  <node id="-3986" lat="33.5960291" lon="130.4386394" />
  <node id="-3987" lat="33.5958347" lon="130.4383463" />
  <node id="-3988" lat="33.5958387" lon="130.4383433" />
  <node id="-3989" lat="33.5958442" lon="130.438339" />
  <node id="-3990" lat="33.5960386" lon="130.4386307" />
  <node id="-3991" lat="33.5960342" lon="130.4386347" />
  <node id="-3992" lat="33.5960291" lon="130.4386394" />
  <way id="761418942">
    <nd ref="-3993" />
    <nd ref="-3994" />
    <nd ref="-3995" />
    <nd ref="-3996" />
    <nd ref="-3997" />
    <nd ref="-3998" />
    <nd ref="-3999" />
    <tag k="natural" v="water" />
    <tag k="water" v="river" />
  </way>
  <node id="-3993" lat="33.5948265" lon="130.4366887" />
  <node id="-3994" lat="33.5947589" lon="130.4365942" />
  <node id="-3995" lat="33.5947658" lon="130.4365887" />
  <node id="-3996" lat="33.594774" lon="130.4365821" />
  <node id="-3997" lat="33.5948383" lon="130.4366787" />
  <node id="-3998" lat="33.5948322" lon="130.4366839" />
  <node id="-3999" lat="33.5948265" lon="130.4366887" />
  <way id="761418943">
    <nd ref="-4000" />
    <nd ref="-4001" />
    <nd ref="-4002" />
    <nd ref="-4003" />
    <nd ref="-4004" />
    <nd ref="-4005" />
    <nd ref="-4006" />
    <nd ref="-4007" />
    <nd ref="-4008" />
    <nd ref="-4009" />
    <nd ref="-4010" />
    <nd ref="-4011" />
    <nd ref="-4012" />
    <nd ref="-4013" />
    <tag k="natural" v="water" />
    <tag k="water" v="river" />
  </way>
  <node id="-4000" lat="33.5957481" lon="130.4382169" />
  <node id="-4001" lat="33.5957258" lon="130.4381847" />
  <node id="-4002" lat="33.5956727" lon="130.4380956" />
  <node id="-4003" lat="33.5955269" lon="130.4378354" />
  <node id="-4004" lat="33.5955096" lon="130.4377998" />
  <node id="-4005" lat="33.5955087" lon="130.4377878" />
  <node id="-4006" lat="33.595508" lon="130.4377784" />
  <node id="-4007" lat="33.5955068" lon="130.437771" />
  <node id="-4008" lat="33.5955376" lon="130.437834" />
  <node id="-4009" lat="33.5956833" lon="130.4380895" />
  <node id="-4010" lat="33.5957381" lon="130.4381807" />
  <node id="-4011" lat="33.5957599" lon="130.4382116" />
  <node id="-4012" lat="33.5957536" lon="130.4382144" />
  <node id="-4013" lat="33.5957481" lon="130.4382169" />
  <way id="761418944">
    <nd ref="-4014" />
    <nd ref="-4015" />
    <nd ref="-4016" />
    <nd ref="-4017" />
    <nd ref="-4018" />
    <nd ref="-4019" />
    <nd ref="-4020" />
    <nd ref="-4021" />
    <nd ref="-4022" />
    <nd ref="-4023" />
    <nd ref="-4024" />
    <nd ref="-4025" />
    <nd ref="-4026" />
    <nd ref="-4027" />
    <nd ref="-4028" />
    <nd ref="-4029" />
    <nd ref="-4030" />
    <nd ref="-4031" />
    <nd ref="-4032" />
    <nd ref="-4033" />
    <nd ref="-4034" />
    <nd ref="-4035" />
    <nd ref="-4036" />
    <nd ref="-4037" />
    <nd ref="-4038" />
    <tag k="natural" v="water" />
    <tag k="water" v="river" />
  </way>
  <node id="-4014" lat="33.5966786" lon="130.4380265" />
  <node id="-4015" lat="33.5966831" lon="130.4380335" />
  <node id="-4016" lat="33.5966876" lon="130.4380406" />
  <node id="-4017" lat="33.5968239" lon="130.4379185" />
  <node id="-4018" lat="33.5968864" lon="130.4378454" />
  <node id="-4019" lat="33.5971735" lon="130.4375923" />
  <node id="-4020" lat="33.597464" lon="130.4373412" />
  <node id="-4021" lat="33.5977418" lon="130.4370854" />
  <node id="-4022" lat="33.5980214" lon="130.4368323" />
  <node id="-4023" lat="33.5984319" lon="130.4364862" />
  <node id="-4024" lat="33.598533" lon="130.4364198" />
  <node id="-4025" lat="33.5985576" lon="130.4364041" />
  <node id="-4026" lat="33.5985768" lon="130.4363937" />
  <node id="-4027" lat="33.5985749" lon="130.4363766" />
  <node id="-4028" lat="33.5985729" lon="130.4363595" />
  <node id="-4029" lat="33.5985511" lon="130.4363883" />
  <node id="-4030" lat="33.5985282" lon="130.4364088" />
  <node id="-4031" lat="33.5984252" lon="130.4364735" />
  <node id="-4032" lat="33.5980096" lon="130.4368202" />
  <node id="-4033" lat="33.5977315" lon="130.4370733" />
  <node id="-4034" lat="33.5974578" lon="130.4373351" />
  <node id="-4035" lat="33.5971654" lon="130.4375816" />
  <node id="-4036" lat="33.5968769" lon="130.4378334" />
  <node id="-4037" lat="33.5968138" lon="130.4379051" />
  <node id="-4038" lat="33.5966786" lon="130.4380265" />
  <way id="761421638">
    <nd ref="-4039" />
    <nd ref="-4040" />
    <nd ref="-4041" />
    <nd ref="-4042" />
    <nd ref="-4043" />
    <nd ref="-4044" />
    <nd ref="-4045" />
    <nd ref="-4046" />
    <nd ref="-4047" />
    <nd ref="-4048" />
    <nd ref="-4049" />
    <tag k="waterway" v="stream" />
  </way>
  <node id="-4039" lat="33.5985726" lon="130.438064" />
  <node id="-4040" lat="33.5986084" lon="130.4380372" />
  <node id="-4041" lat="33.5986443" lon="130.4380154" />
  <node id="-4042" lat="33.5986853" lon="130.4379979" />
  <node id="-4043" lat="33.5987208" lon="130.4379875" />
  <node id="-4044" lat="33.5987496" lon="130.4379823" />
  <node id="-4045" lat="33.598777" lon="130.4379795" />
  <node id="-4046" lat="33.5988095" lon="130.4379746" />
  <node id="-4047" lat="33.5988498" lon="130.4379701" />
  <node id="-4048" lat="33.5988797" lon="130.4379715" />
  <node id="-4049" lat="33.5989151" lon="130.4379762" />
  <way id="761461113">
    <nd ref="-4050" />
    <nd ref="-4051" />
    <nd ref="-4052" />
    <nd ref="-4053" />
    <nd ref="-4054" />
    <nd ref="-4055" />
    <nd ref="-4056" />
    <nd ref="-4057" />
    <nd ref="-4058" />
    <nd ref="-4059" />
    <nd ref="-4060" />
    <nd ref="-4061" />
    <nd ref="-4062" />
    <nd ref="-4063" />
    <nd ref="-4064" />
    <nd ref="-4065" />
    <nd ref="-4066" />
    <nd ref="-4067" />
    <nd ref="-4068" />
    <nd ref="-4069" />
    <nd ref="-4070" />
    <nd ref="-4071" />
    <nd ref="-4072" />
    <nd ref="-4073" />
    <nd ref="-4074" />
    <nd ref="-4075" />
    <nd ref="-4076" />
    <nd ref="-4077" />
    <nd ref="-4078" />
    <nd ref="-4079" />
    <nd ref="-4080" />
    <nd ref="-4081" />
    <nd ref="-4082" />
    <nd ref="-4083" />
    <nd ref="-4084" />
    <nd ref="-4085" />
    <nd ref="-4086" />
    <nd ref="-4087" />
    <nd ref="-4088" />
    <nd ref="-4089" />
    <nd ref="-4090" />
    <nd ref="-4091" />
    <nd ref="-4092" />
    <nd ref="-4093" />
    <nd ref="-4094" />
    <nd ref="-4095" />
    <nd ref="-4096" />
    <nd ref="-4097" />
    <nd ref="-4098" />
    <nd ref="-4099" />
    <nd ref="-4100" />
    <nd ref="-4101" />
    <nd ref="-4102" />
    <nd ref="-4103" />
    <nd ref="-4104" />
    <nd ref="-4105" />
    <nd ref="-4106" />
    <nd ref="-4107" />
    <nd ref="-4108" />
    <nd ref="-4109" />
    <nd ref="-4110" />
    <nd ref="-4111" />
    <nd ref="-4112" />
    <nd ref="-4113" />
    <nd ref="-4114" />
    <nd ref="-4115" />
    <nd ref="-4116" />
    <nd ref="-4117" />
    <nd ref="-4118" />
    <nd ref="-4119" />
    <nd ref="-4120" />
    <nd ref="-4121" />
    <nd ref="-4122" />
    <nd ref="-4123" />
    <nd ref="-4124" />
    <nd ref="-4125" />
    <nd ref="-4126" />
    <nd ref="-4127" />
    <nd ref="-4128" />
    <nd ref="-4129" />
    <nd ref="-4130" />
    <nd ref="-4131" />
    <nd ref="-4132" />
    <nd ref="-4133" />
    <nd ref="-4134" />
    <nd ref="-4135" />
    <nd ref="-4136" />
    <nd ref="-4137" />
    <nd ref="-4138" />
    <nd ref="-4139" />
    <nd ref="-4140" />
    <nd ref="-4141" />
    <nd ref="-4142" />
    <nd ref="-4143" />
    <nd ref="-4144" />
    <tag k="natural" v="water" />
    <tag k="water" v="river" />
  </way>
  <node id="-4050" lat="33.5806806" lon="130.4261477" />
  <node id="-4051" lat="33.5813094" lon="130.4268695" />
  <node id="-4052" lat="33.5813448" lon="130.4269336" />
  <node id="-4053" lat="33.5813643" lon="130.4269547" />
  <node id="-4054" lat="33.5814079" lon="130.4270016" />
  <node id="-4055" lat="33.5814364" lon="130.4270322" />
  <node id="-4056" lat="33.5814431" lon="130.4270395" />
  <node id="-4057" lat="33.5814842" lon="130.4270837" />
  <node id="-4058" lat="33.5815071" lon="130.4270965" />
  <node id="-4059" lat="33.5823528" lon="130.4280675" />
  <node id="-4060" lat="33.5823665" lon="130.4280909" />
  <node id="-4061" lat="33.5823801" lon="130.4281142" />
  <node id="-4062" lat="33.5824161" lon="130.4281402" />
  <node id="-4063" lat="33.5826797" lon="130.4284396" />
  <node id="-4064" lat="33.5826934" lon="130.4284604" />
  <node id="-4065" lat="33.5827347" lon="130.4285278" />
  <node id="-4066" lat="33.5827484" lon="130.4285455" />
  <node id="-4067" lat="33.5827621" lon="130.4285633" />
  <node id="-4068" lat="33.5828878" lon="130.4287273" />
  <node id="-4069" lat="33.5829442" lon="130.4287782" />
  <node id="-4070" lat="33.5832364" lon="130.4291047" />
  <node id="-4071" lat="33.5832904" lon="130.4291687" />
  <node id="-4072" lat="33.5840851" lon="130.4300715" />
  <node id="-4073" lat="33.584097" lon="130.4300908" />
  <node id="-4074" lat="33.5841244" lon="130.4301249" />
  <node id="-4075" lat="33.5841828" lon="130.4301835" />
  <node id="-4076" lat="33.5845815" lon="130.4306449" />
  <node id="-4077" lat="33.584624" lon="130.4306921" />
  <node id="-4078" lat="33.5849664" lon="130.431091" />
  <node id="-4079" lat="33.5849675" lon="130.4311024" />
  <node id="-4080" lat="33.5850061" lon="130.431144" />
  <node id="-4081" lat="33.5850598" lon="130.4312066" />
  <node id="-4082" lat="33.5852424" lon="130.4314081" />
  <node id="-4083" lat="33.5852792" lon="130.4314397" />
  <node id="-4084" lat="33.5853893" lon="130.4315188" />
  <node id="-4085" lat="33.5854485" lon="130.431559" />
  <node id="-4086" lat="33.5855262" lon="130.4316247" />
  <node id="-4087" lat="33.5855384" lon="130.431608" />
  <node id="-4088" lat="33.5855496" lon="130.431557" />
  <node id="-4089" lat="33.5855407" lon="130.4315382" />
  <node id="-4090" lat="33.5854172" lon="130.4314705" />
  <node id="-4091" lat="33.5852658" lon="130.4313585" />
  <node id="-4092" lat="33.5850922" lon="130.4311622" />
  <node id="-4093" lat="33.5850379" lon="130.4311051" />
  <node id="-4094" lat="33.584653" lon="130.4306603" />
  <node id="-4095" lat="33.5846566" lon="130.4306556" />
  <node id="-4096" lat="33.5846103" lon="130.430604" />
  <node id="-4097" lat="33.5846065" lon="130.4306089" />
  <node id="-4098" lat="33.5842412" lon="130.4301893" />
  <node id="-4099" lat="33.5842367" lon="130.4301739" />
  <node id="-4100" lat="33.5842098" lon="130.4301478" />
  <node id="-4101" lat="33.5841553" lon="130.4300811" />
  <node id="-4102" lat="33.5841344" lon="130.4300573" />
  <node id="-4103" lat="33.584116" lon="130.4300452" />
  <node id="-4104" lat="33.5833146" lon="130.4291369" />
  <node id="-4105" lat="33.583261" lon="130.4290739" />
  <node id="-4106" lat="33.5829565" lon="130.4287273" />
  <node id="-4107" lat="33.5829559" lon="130.4287172" />
  <node id="-4108" lat="33.5829247" lon="130.4286844" />
  <node id="-4109" lat="33.5828939" lon="130.4286528" />
  <node id="-4110" lat="33.5827828" lon="130.4285375" />
  <node id="-4111" lat="33.5827681" lon="130.4285218" />
  <node id="-4112" lat="33.5827534" lon="130.428506" />
  <node id="-4113" lat="33.582394" lon="130.4280956" />
  <node id="-4114" lat="33.5823776" lon="130.4280767" />
  <node id="-4115" lat="33.5823612" lon="130.4280579" />
  <node id="-4116" lat="33.581516" lon="130.427087" />
  <node id="-4117" lat="33.5814972" lon="130.4270641" />
  <node id="-4118" lat="33.5814584" lon="130.4270199" />
  <node id="-4119" lat="33.5814523" lon="130.4270122" />
  <node id="-4120" lat="33.5814246" lon="130.426981" />
  <node id="-4121" lat="33.5813817" lon="130.4269325" />
  <node id="-4122" lat="33.5813602" lon="130.426908" />
  <node id="-4123" lat="33.5813168" lon="130.4268582" />
  <node id="-4124" lat="33.5806862" lon="130.4261406" />
  <node id="-4125" lat="33.5806288" lon="130.4260741" />
  <node id="-4126" lat="33.5805881" lon="130.4260197" />
  <node id="-4127" lat="33.5805854" lon="130.4260162" />
  <node id="-4128" lat="33.5805821" lon="130.4260128" />
  <node id="-4129" lat="33.5805108" lon="130.4259327" />
  <node id="-4130" lat="33.5801751" lon="130.4255495" />
  <node id="-4131" lat="33.5799619" lon="130.4252999" />
  <node id="-4132" lat="33.5799639" lon="130.4252974" />
  <node id="-4133" lat="33.5799348" lon="130.4252649" />
  <node id="-4134" lat="33.5799164" lon="130.4252914" />
  <node id="-4135" lat="33.5799427" lon="130.4253246" />
  <node id="-4136" lat="33.5799527" lon="130.4253199" />
  <node id="-4137" lat="33.5801625" lon="130.425567" />
  <node id="-4138" lat="33.5805033" lon="130.4259435" />
  <node id="-4139" lat="33.5805343" lon="130.4259941" />
  <node id="-4140" lat="33.5805648" lon="130.4260332" />
  <node id="-4141" lat="33.5805885" lon="130.4260636" />
  <node id="-4142" lat="33.5806122" lon="130.426094" />
  <node id="-4143" lat="33.580656" lon="130.4261369" />
  <node id="-4144" lat="33.5806806" lon="130.4261477" />
  <way id="761461114">
    <nd ref="-4145" />
    <nd ref="-4146" />
    <nd ref="-4147" />
    <nd ref="-4148" />
    <nd ref="-4149" />
    <nd ref="-4150" />
    <nd ref="-4151" />
    <nd ref="-4152" />
    <nd ref="-4153" />
    <nd ref="-4154" />
    <nd ref="-4155" />
    <nd ref="-4156" />
    <nd ref="-4157" />
    <nd ref="-4158" />
    <nd ref="-4159" />
    <nd ref="-4160" />
    <nd ref="-4161" />
    <nd ref="-4162" />
    <nd ref="-4163" />
    <nd ref="-4164" />
    <nd ref="-4165" />
    <nd ref="-4166" />
    <nd ref="-4167" />
    <nd ref="-4168" />
    <nd ref="-4169" />
    <nd ref="-4170" />
    <nd ref="-4171" />
    <nd ref="-4172" />
    <nd ref="-4173" />
    <tag k="waterway" v="stream" />
  </way>
  <node id="-4145" lat="33.5806203" lon="130.4260843" />
  <node id="-4146" lat="33.5806834" lon="130.4261441" />
  <node id="-4147" lat="33.5813131" lon="130.4268639" />
  <node id="-4148" lat="33.5813525" lon="130.4269208" />
  <node id="-4149" lat="33.5814907" lon="130.4270739" />
  <node id="-4150" lat="33.5815115" lon="130.4270917" />
  <node id="-4151" lat="33.582357" lon="130.4280627" />
  <node id="-4152" lat="33.5823871" lon="130.4281049" />
  <node id="-4153" lat="33.5824191" lon="130.428134" />
  <node id="-4154" lat="33.5826834" lon="130.4284359" />
  <node id="-4155" lat="33.5826981" lon="130.4284553" />
  <node id="-4156" lat="33.5827441" lon="130.4285169" />
  <node id="-4157" lat="33.5827724" lon="130.4285507" />
  <node id="-4158" lat="33.5828782" lon="130.4286722" />
  <node id="-4159" lat="33.5829062" lon="130.4287058" />
  <node id="-4160" lat="33.5832487" lon="130.4290893" />
  <node id="-4161" lat="33.5833025" lon="130.4291528" />
  <node id="-4162" lat="33.5841398" lon="130.430103" />
  <node id="-4163" lat="33.5841963" lon="130.4301657" />
  <node id="-4164" lat="33.5845948" lon="130.4306277" />
  <node id="-4165" lat="33.5846373" lon="130.4306749" />
  <node id="-4166" lat="33.585022" lon="130.4311245" />
  <node id="-4167" lat="33.585076" lon="130.4311844" />
  <node id="-4168" lat="33.5852541" lon="130.4313833" />
  <node id="-4169" lat="33.5854033" lon="130.4314946" />
  <node id="-4170" lat="33.5855396" lon="130.4315825" />
  <node id="-4171" lat="33.585668" lon="130.431612" />
  <node id="-4172" lat="33.5857592" lon="130.4316418" />
  <node id="-4173" lat="33.5861729" lon="130.4317694" />
  <way id="761464943">
    <nd ref="-4174" />
    <nd ref="-4175" />
    <nd ref="-4176" />
    <nd ref="-4177" />
    <nd ref="-4178" />
    <nd ref="-4179" />
    <nd ref="-4180" />
    <nd ref="-4181" />
    <nd ref="-4182" />
    <nd ref="-4183" />
    <nd ref="-4184" />
    <nd ref="-4185" />
    <nd ref="-4186" />
    <nd ref="-4187" />
    <nd ref="-4188" />
    <nd ref="-4189" />
    <nd ref="-4190" />
    <nd ref="-4191" />
    <nd ref="-4192" />
    <nd ref="-4193" />
    <nd ref="-4194" />
    <nd ref="-4195" />
    <nd ref="-4196" />
    <nd ref="-4197" />
    <nd ref="-4198" />
    <nd ref="-4199" />
    <nd ref="-4200" />
    <nd ref="-4201" />
    <nd ref="-4202" />
    <nd ref="-4203" />
    <nd ref="-4204" />
    <nd ref="-4205" />
    <nd ref="-4206" />
    <nd ref="-4207" />
    <nd ref="-4208" />
    <nd ref="-4209" />
    <nd ref="-4210" />
    <nd ref="-4211" />
    <nd ref="-4212" />
    <nd ref="-4213" />
    <nd ref="-4214" />
    <nd ref="-4215" />
    <nd ref="-4216" />
    <nd ref="-4217" />
    <nd ref="-4218" />
    <nd ref="-4219" />
    <nd ref="-4220" />
    <tag k="natural" v="water" />
    <tag k="water" v="river" />
  </way>
  <node id="-4174" lat="33.5735861" lon="130.4373897" />
  <node id="-4175" lat="33.5737361" lon="130.4373248" />
  <node id="-4176" lat="33.5738489" lon="130.43728" />
  <node id="-4177" lat="33.5738754" lon="130.437276" />
  <node id="-4178" lat="33.5740197" lon="130.4372853" />
  <node id="-4179" lat="33.5740758" lon="130.4372963" />
  <node id="-4180" lat="33.5741183" lon="130.4372935" />
  <node id="-4181" lat="33.5743149" lon="130.4373113" />
  <node id="-4182" lat="33.5743373" lon="130.4373174" />
  <node id="-4183" lat="33.5743584" lon="130.437331" />
  <node id="-4184" lat="33.5743786" lon="130.4373539" />
  <node id="-4185" lat="33.574385" lon="130.437364" />
  <node id="-4186" lat="33.5745171" lon="130.4375505" />
  <node id="-4187" lat="33.5745381" lon="130.4375759" />
  <node id="-4188" lat="33.5745697" lon="130.4376061" />
  <node id="-4189" lat="33.5745992" lon="130.4376448" />
  <node id="-4190" lat="33.5746443" lon="130.4377161" />
  <node id="-4191" lat="33.5746661" lon="130.4377569" />
  <node id="-4192" lat="33.574694" lon="130.4378186" />
  <node id="-4193" lat="33.574715" lon="130.4378496" />
  <node id="-4194" lat="33.5747334" lon="130.4378418" />
  <node id="-4195" lat="33.574737" lon="130.4378535" />
  <node id="-4196" lat="33.5747437" lon="130.4378511" />
  <node id="-4197" lat="33.5747501" lon="130.4378482" />
  <node id="-4198" lat="33.5747485" lon="130.4378384" />
  <node id="-4199" lat="33.5747314" lon="130.4378226" />
  <node id="-4200" lat="33.5747175" lon="130.4378045" />
  <node id="-4201" lat="33.5746873" lon="130.4377375" />
  <node id="-4202" lat="33.5746686" lon="130.4377021" />
  <node id="-4203" lat="33.5746191" lon="130.4376258" />
  <node id="-4204" lat="33.5745907" lon="130.4375868" />
  <node id="-4205" lat="33.5745636" lon="130.4375581" />
  <node id="-4206" lat="33.5745147" lon="130.4375019" />
  <node id="-4207" lat="33.5744053" lon="130.4373518" />
  <node id="-4208" lat="33.5744018" lon="130.4373385" />
  <node id="-4209" lat="33.5743734" lon="130.4373053" />
  <node id="-4210" lat="33.5743448" lon="130.4372889" />
  <node id="-4211" lat="33.5743152" lon="130.4372805" />
  <node id="-4212" lat="33.5741176" lon="130.4372634" />
  <node id="-4213" lat="33.5740687" lon="130.4372707" />
  <node id="-4214" lat="33.5740222" lon="130.4372623" />
  <node id="-4215" lat="33.573877" lon="130.4372528" />
  <node id="-4216" lat="33.5738481" lon="130.4372567" />
  <node id="-4217" lat="33.5737261" lon="130.437303" />
  <node id="-4218" lat="33.5735866" lon="130.4373654" />
  <node id="-4219" lat="33.5735864" lon="130.4373775" />
  <node id="-4220" lat="33.5735861" lon="130.4373897" />
  <way id="761464944">
    <nd ref="-4221" />
    <nd ref="-4222" />
    <nd ref="-4223" />
    <nd ref="-4224" />
    <nd ref="-4225" />
    <nd ref="-4226" />
    <nd ref="-4227" />
    <nd ref="-4228" />
    <nd ref="-4229" />
    <nd ref="-4230" />
    <nd ref="-4231" />
    <nd ref="-4232" />
    <nd ref="-4233" />
    <nd ref="-4234" />
    <nd ref="-4235" />
    <nd ref="-4236" />
    <nd ref="-4237" />
    <nd ref="-4238" />
    <nd ref="-4239" />
    <nd ref="-4240" />
    <nd ref="-4241" />
    <tag k="waterway" v="stream" />
  </way>
  <node id="-4221" lat="33.5735864" lon="130.4373775" />
  <node id="-4222" lat="33.5737311" lon="130.4373139" />
  <node id="-4223" lat="33.573851" lon="130.4372674" />
  <node id="-4224" lat="33.5738741" lon="130.4372647" />
  <node id="-4225" lat="33.5740197" lon="130.4372738" />
  <node id="-4226" lat="33.57407" lon="130.4372828" />
  <node id="-4227" lat="33.574118" lon="130.4372788" />
  <node id="-4228" lat="33.5743175" lon="130.4372939" />
  <node id="-4229" lat="33.5743406" lon="130.4373016" />
  <node id="-4230" lat="33.5743655" lon="130.4373144" />
  <node id="-4231" lat="33.5743918" lon="130.4373559" />
  <node id="-4232" lat="33.5745286" lon="130.4375397" />
  <node id="-4233" lat="33.574584" lon="130.4376014" />
  <node id="-4234" lat="33.5746105" lon="130.4376299" />
  <node id="-4235" lat="33.5746532" lon="130.437707" />
  <node id="-4236" lat="33.5746756" lon="130.4377445" />
  <node id="-4237" lat="33.5747043" lon="130.4378099" />
  <node id="-4238" lat="33.5747404" lon="130.4378394" />
  <node id="-4239" lat="33.5747437" lon="130.4378511" />
  <node id="-4240" lat="33.5748002" lon="130.437938" />
  <node id="-4241" lat="33.5749185" lon="130.4382403" />
  <way id="761472934">
    <nd ref="-4242" />
    <nd ref="-4243" />
    <nd ref="-4244" />
    <nd ref="-4245" />
    <nd ref="-4246" />
    <nd ref="-4247" />
    <nd ref="-4248" />
    <nd ref="-4249" />
    <nd ref="-4250" />
    <nd ref="-4251" />
    <nd ref="-4252" />
    <nd ref="-4253" />
    <nd ref="-4254" />
    <nd ref="-4255" />
    <nd ref="-4256" />
    <nd ref="-4257" />
    <nd ref="-4258" />
    <nd ref="-4259" />
    <nd ref="-4260" />
    <nd ref="-4261" />
    <nd ref="-4262" />
    <nd ref="-4263" />
    <nd ref="-4264" />
    <nd ref="-4265" />
    <nd ref="-4266" />
    <nd ref="-4267" />
    <nd ref="-4268" />
    <nd ref="-4269" />
    <nd ref="-4270" />
    <nd ref="-4271" />
    <nd ref="-4272" />
    <nd ref="-4273" />
    <nd ref="-4274" />
    <nd ref="-4275" />
    <nd ref="-4276" />
    <nd ref="-4277" />
    <nd ref="-4278" />
    <nd ref="-4279" />
    <nd ref="-4280" />
    <nd ref="-4281" />
    <nd ref="-4282" />
    <nd ref="-4283" />
    <nd ref="-4284" />
    <nd ref="-4285" />
    <nd ref="-4286" />
    <nd ref="-4287" />
    <nd ref="-4288" />
    <nd ref="-4289" />
    <nd ref="-4290" />
    <nd ref="-4291" />
    <nd ref="-4292" />
    <nd ref="-4293" />
    <nd ref="-4294" />
    <nd ref="-4295" />
    <nd ref="-4296" />
    <nd ref="-4297" />
    <nd ref="-4298" />
    <nd ref="-4299" />
    <nd ref="-4300" />
    <nd ref="-4301" />
    <nd ref="-4302" />
    <nd ref="-4303" />
    <nd ref="-4304" />
    <nd ref="-4305" />
    <nd ref="-4306" />
    <nd ref="-4307" />
    <nd ref="-4308" />
    <nd ref="-4309" />
    <nd ref="-4310" />
    <nd ref="-4311" />
    <nd ref="-4312" />
    <nd ref="-4313" />
    <nd ref="-4314" />
    <tag k="natural" v="water" />
    <tag k="water" v="river" />
  </way>
  <node id="-4242" lat="33.5795715" lon="130.4373651" />
  <node id="-4243" lat="33.5796265" lon="130.4373358" />
  <node id="-4244" lat="33.5796822" lon="130.4373196" />
  <node id="-4245" lat="33.5797023" lon="130.4373138" />
  <node id="-4246" lat="33.5797422" lon="130.437314" />
  <node id="-4247" lat="33.5797645" lon="130.4373191" />
  <node id="-4248" lat="33.5797868" lon="130.437335" />
  <node id="-4249" lat="33.579811" lon="130.4373558" />
  <node id="-4250" lat="33.5798478" lon="130.4373986" />
  <node id="-4251" lat="33.5799066" lon="130.4374448" />
  <node id="-4252" lat="33.5799594" lon="130.4374731" />
  <node id="-4253" lat="33.5800247" lon="130.4374812" />
  <node id="-4254" lat="33.5800626" lon="130.4374928" />
  <node id="-4255" lat="33.5802147" lon="130.4375745" />
  <node id="-4256" lat="33.5802726" lon="130.4376129" />
  <node id="-4257" lat="33.5803336" lon="130.4376664" />
  <node id="-4258" lat="33.580359" lon="130.4376925" />
  <node id="-4259" lat="33.5803858" lon="130.4377296" />
  <node id="-4260" lat="33.5804099" lon="130.437778" />
  <node id="-4261" lat="33.580494" lon="130.4379094" />
  <node id="-4262" lat="33.5805114" lon="130.437887" />
  <node id="-4263" lat="33.5804231" lon="130.4377683" />
  <node id="-4264" lat="33.5804007" lon="130.4377174" />
  <node id="-4265" lat="33.5803717" lon="130.4376771" />
  <node id="-4266" lat="33.5803449" lon="130.4376496" />
  <node id="-4267" lat="33.580284" lon="130.437594" />
  <node id="-4268" lat="33.5802225" lon="130.4375551" />
  <node id="-4269" lat="33.5800689" lon="130.4374726" />
  <node id="-4270" lat="33.5800304" lon="130.4374585" />
  <node id="-4271" lat="33.5799633" lon="130.4374518" />
  <node id="-4272" lat="33.5799125" lon="130.437429" />
  <node id="-4273" lat="33.5798594" lon="130.4373821" />
  <node id="-4274" lat="33.5798226" lon="130.4373392" />
  <node id="-4275" lat="33.5797952" lon="130.4373157" />
  <node id="-4276" lat="33.5797712" lon="130.4372989" />
  <node id="-4277" lat="33.5797449" lon="130.4372942" />
  <node id="-4278" lat="33.5797008" lon="130.4372942" />
  <node id="-4279" lat="33.579679" lon="130.4372983" />
  <node id="-4280" lat="33.5795728" lon="130.4373378" />
  <node id="-4281" lat="33.5795175" lon="130.4373948" />
  <node id="-4282" lat="33.5794438" lon="130.4374532" />
  <node id="-4283" lat="33.5794091" lon="130.4374907" />
  <node id="-4284" lat="33.5793561" lon="130.4375692" />
  <node id="-4285" lat="33.5793321" lon="130.4375987" />
  <node id="-4286" lat="33.5793047" lon="130.4376268" />
  <node id="-4287" lat="33.5792745" lon="130.4376496" />
  <node id="-4288" lat="33.5790455" lon="130.4377777" />
  <node id="-4289" lat="33.5790114" lon="130.4378072" />
  <node id="-4290" lat="33.5789846" lon="130.4378474" />
  <node id="-4291" lat="33.5789656" lon="130.4378857" />
  <node id="-4292" lat="33.5789505" lon="130.437942" />
  <node id="-4293" lat="33.5789421" lon="130.4379762" />
  <node id="-4294" lat="33.5789315" lon="130.4380077" />
  <node id="-4295" lat="33.5788957" lon="130.4380479" />
  <node id="-4296" lat="33.5788606" lon="130.4380607" />
  <node id="-4297" lat="33.57886" lon="130.4381118" />
  <node id="-4298" lat="33.5789096" lon="130.4380767" />
  <node id="-4299" lat="33.5789543" lon="130.4380264" />
  <node id="-4300" lat="33.5789676" lon="130.4379868" />
  <node id="-4301" lat="33.5789763" lon="130.4379515" />
  <node id="-4302" lat="33.5789903" lon="130.4378991" />
  <node id="-4303" lat="33.5790068" lon="130.4378659" />
  <node id="-4304" lat="33.5790301" lon="130.4378309" />
  <node id="-4305" lat="33.5790592" lon="130.4378057" />
  <node id="-4306" lat="33.5792869" lon="130.4376821" />
  <node id="-4307" lat="33.5793207" lon="130.4376529" />
  <node id="-4308" lat="33.5793505" lon="130.4376223" />
  <node id="-4309" lat="33.5793762" lon="130.4375907" />
  <node id="-4310" lat="33.5794288" lon="130.437513" />
  <node id="-4311" lat="33.5794603" lon="130.4374788" />
  <node id="-4312" lat="33.5795338" lon="130.4374207" />
  <node id="-4313" lat="33.5795837" lon="130.4373912" />
  <node id="-4314" lat="33.5795715" lon="130.4373651" />
  <way id="761474322">
    <nd ref="-4315" />
    <nd ref="-4316" />
    <nd ref="-4317" />
    <nd ref="-4318" />
    <nd ref="-4319" />
    <nd ref="-4320" />
    <nd ref="-4321" />
    <nd ref="-4322" />
    <nd ref="-4323" />
    <nd ref="-4324" />
    <nd ref="-4325" />
    <nd ref="-4326" />
    <nd ref="-4327" />
    <nd ref="-4328" />
    <nd ref="-4329" />
    <nd ref="-4330" />
    <nd ref="-4331" />
    <nd ref="-4332" />
    <nd ref="-4333" />
    <nd ref="-4334" />
    <nd ref="-4335" />
    <nd ref="-4336" />
    <nd ref="-4337" />
    <nd ref="-4338" />
    <nd ref="-4339" />
    <nd ref="-4340" />
    <nd ref="-4341" />
    <nd ref="-4342" />
    <nd ref="-4343" />
    <nd ref="-4344" />
    <nd ref="-4345" />
    <nd ref="-4346" />
    <nd ref="-4347" />
    <nd ref="-4348" />
    <nd ref="-4349" />
    <tag k="natural" v="water" />
    <tag k="water" v="river" />
  </way>
  <node id="-4315" lat="33.5815342" lon="130.4384248" />
  <node id="-4316" lat="33.5816069" lon="130.4384436" />
  <node id="-4317" lat="33.5816918" lon="130.438455" />
  <node id="-4318" lat="33.581723" lon="130.4384476" />
  <node id="-4319" lat="33.581742" lon="130.4384255" />
  <node id="-4320" lat="33.5818331" lon="130.4382035" />
  <node id="-4321" lat="33.5818538" lon="130.4381693" />
  <node id="-4322" lat="33.5818934" lon="130.4381318" />
  <node id="-4323" lat="33.5819219" lon="130.4381036" />
  <node id="-4324" lat="33.5820398" lon="130.4379527" />
  <node id="-4325" lat="33.5821336" lon="130.4378622" />
  <node id="-4326" lat="33.5822314" lon="130.4377804" />
  <node id="-4327" lat="33.5823901" lon="130.437655" />
  <node id="-4328" lat="33.5824923" lon="130.4375765" />
  <node id="-4329" lat="33.5827638" lon="130.4373921" />
  <node id="-4330" lat="33.5828565" lon="130.4373331" />
  <node id="-4331" lat="33.5828459" lon="130.4373087" />
  <node id="-4332" lat="33.5827551" lon="130.4373732" />
  <node id="-4333" lat="33.582483" lon="130.4375581" />
  <node id="-4334" lat="33.5823786" lon="130.4376322" />
  <node id="-4335" lat="33.5822172" lon="130.4377607" />
  <node id="-4336" lat="33.5821225" lon="130.4378474" />
  <node id="-4337" lat="33.5820278" lon="130.4379366" />
  <node id="-4338" lat="33.5818979" lon="130.4380852" />
  <node id="-4339" lat="33.5818749" lon="130.4381139" />
  <node id="-4340" lat="33.5818409" lon="130.4381639" />
  <node id="-4341" lat="33.5818224" lon="130.4382025" />
  <node id="-4342" lat="33.5817307" lon="130.4384086" />
  <node id="-4343" lat="33.5817093" lon="130.438425" />
  <node id="-4344" lat="33.581691" lon="130.4384332" />
  <node id="-4345" lat="33.5816098" lon="130.4384223" />
  <node id="-4346" lat="33.581538" lon="130.4384037" />
  <node id="-4347" lat="33.5815018" lon="130.438402" />
  <node id="-4348" lat="33.5815208" lon="130.4384261" />
  <node id="-4349" lat="33.5815342" lon="130.4384248" />
  <way id="761475007">
    <nd ref="-4350" />
    <nd ref="-4351" />
    <nd ref="-4352" />
    <nd ref="-4353" />
    <nd ref="-4354" />
    <nd ref="-4355" />
    <nd ref="-4356" />
    <tag k="natural" v="water" />
    <tag k="water" v="river" />
  </way>
  <node id="-4350" lat="33.5829509" lon="130.4372282" />
  <node id="-4351" lat="33.5829596" lon="130.437247" />
  <node id="-4352" lat="33.5830738" lon="130.4371608" />
  <node id="-4353" lat="33.5831716" lon="130.4370502" />
  <node id="-4354" lat="33.5831573" lon="130.4370361" />
  <node id="-4355" lat="33.5830649" lon="130.4371434" />
  <node id="-4356" lat="33.5829509" lon="130.4372282" />
  <way id="761490070">
    <nd ref="-4357" />
    <nd ref="-4358" />
    <nd ref="-4359" />
    <tag k="waterway" v="stream" />
  </way>
  <node id="-4357" lat="33.5729936" lon="130.439939" />
  <node id="-4358" lat="33.572954" lon="130.4399397" />
  <node id="-4359" lat="33.572856" lon="130.4398519" />
  <way id="761490071">
    <nd ref="-4360" />
    <nd ref="-4361" />
    <tag k="layer" v="-1" />
    <tag k="tunnel" v="yes" />
    <tag k="waterway" v="stream" />
  </way>
  <node id="-4360" lat="33.5731028" lon="130.440086" />
  <node id="-4361" lat="33.5729936" lon="130.439939" />
  <way id="761490072">
    <nd ref="-4362" />
    <nd ref="-4363" />
    <nd ref="-4364" />
    <nd ref="-4365" />
    <nd ref="-4366" />
    <tag k="waterway" v="stream" />
  </way>
  <node id="-4362" lat="33.577029" lon="130.4421827" />
  <node id="-4363" lat="33.5767848" lon="130.4423318" />
  <node id="-4364" lat="33.5767309" lon="130.4423586" />
  <node id="-4365" lat="33.5766706" lon="130.4424169" />
  <node id="-4366" lat="33.5765931" lon="130.4424807" />
  <way id="761490073">
    <nd ref="-4367" />
    <nd ref="-4368" />
    <nd ref="-4369" />
    <nd ref="-4370" />
    <nd ref="-4371" />
    <nd ref="-4372" />
    <nd ref="-4373" />
    <nd ref="-4374" />
    <nd ref="-4375" />
    <nd ref="-4376" />
    <nd ref="-4377" />
    <nd ref="-4378" />
    <nd ref="-4379" />
    <tag k="natural" v="water" />
    <tag k="water" v="river" />
  </way>
  <node id="-4367" lat="33.5770265" lon="130.4421772" />
  <node id="-4368" lat="33.5767807" lon="130.4423261" />
  <node id="-4369" lat="33.5767287" lon="130.4423536" />
  <node id="-4370" lat="33.5766667" lon="130.4424119" />
  <node id="-4371" lat="33.5765907" lon="130.4424743" />
  <node id="-4372" lat="33.5765931" lon="130.4424807" />
  <node id="-4373" lat="33.5765963" lon="130.442489" />
  <node id="-4374" lat="33.5766779" lon="130.4424213" />
  <node id="-4375" lat="33.5767337" lon="130.4423656" />
  <node id="-4376" lat="33.576789" lon="130.4423375" />
  <node id="-4377" lat="33.5770326" lon="130.4421906" />
  <node id="-4378" lat="33.577029" lon="130.4421827" />
  <node id="-4379" lat="33.5770265" lon="130.4421772" />
  <way id="761490074">
    <nd ref="-4380" />
    <nd ref="-4381" />
    <nd ref="-4382" />
    <nd ref="-4383" />
    <nd ref="-4384" />
    <nd ref="-4385" />
    <nd ref="-4386" />
    <tag k="natural" v="water" />
    <tag k="water" v="river" />
  </way>
  <node id="-4380" lat="33.5762807" lon="130.4426895" />
  <node id="-4381" lat="33.5762827" lon="130.4426961" />
  <node id="-4382" lat="33.5762857" lon="130.4427056" />
  <node id="-4383" lat="33.5764712" lon="130.4425775" />
  <node id="-4384" lat="33.5764678" lon="130.4425688" />
  <node id="-4385" lat="33.576465" lon="130.4425614" />
  <node id="-4386" lat="33.5762807" lon="130.4426895" />
  <way id="761490075">
    <nd ref="-4387" />
    <nd ref="-4388" />
    <nd ref="-4389" />
    <nd ref="-4390" />
    <nd ref="-4391" />
    <nd ref="-4392" />
    <nd ref="-4393" />
    <nd ref="-4394" />
    <nd ref="-4395" />
    <tag k="natural" v="water" />
    <tag k="water" v="river" />
  </way>
  <node id="-4387" lat="33.5761164" lon="130.4425916" />
  <node id="-4388" lat="33.5762198" lon="130.442725" />
  <node id="-4389" lat="33.5762261" lon="130.4427182" />
  <node id="-4390" lat="33.5762309" lon="130.442713" />
  <node id="-4391" lat="33.5761186" lon="130.4425661" />
  <node id="-4392" lat="33.5756929" lon="130.4429155" />
  <node id="-4393" lat="33.5756991" lon="130.4429242" />
  <node id="-4394" lat="33.5757041" lon="130.4429336" />
  <node id="-4395" lat="33.5761164" lon="130.4425916" />
  <way id="761490076">
    <nd ref="-4396" />
    <nd ref="-4397" />
    <nd ref="-4398" />
    <nd ref="-4399" />
    <nd ref="-4400" />
    <nd ref="-4401" />
    <nd ref="-4402" />
    <tag k="natural" v="water" />
    <tag k="water" v="river" />
  </way>
  <node id="-4396" lat="33.575289" lon="130.4431991" />
  <node id="-4397" lat="33.5752906" lon="130.4432093" />
  <node id="-4398" lat="33.5752929" lon="130.4432233" />
  <node id="-4399" lat="33.5754885" lon="130.4430415" />
  <node id="-4400" lat="33.5754864" lon="130.4430309" />
  <node id="-4401" lat="33.5754845" lon="130.4430214" />
  <node id="-4402" lat="33.575289" lon="130.4431991" />
  <way id="761490077">
    <nd ref="-4403" />
    <nd ref="-4404" />
    <nd ref="-4405" />
    <tag k="waterway" v="stream" />
  </way>
  <node id="-4403" lat="33.5736275" lon="130.4404081" />
  <node id="-4404" lat="33.5735086" lon="130.4405344" />
  <node id="-4405" lat="33.5733803" lon="130.4406613" />
  <way id="761490078">
    <nd ref="-4406" />
    <nd ref="-4407" />
    <nd ref="-4408" />
    <nd ref="-4409" />
    <nd ref="-4410" />
    <nd ref="-4411" />
    <nd ref="-4412" />
    <nd ref="-4413" />
    <nd ref="-4414" />
    <nd ref="-4415" />
    <nd ref="-4416" />
    <nd ref="-4417" />
    <nd ref="-4418" />
    <nd ref="-4419" />
    <nd ref="-4420" />
    <nd ref="-4421" />
    <nd ref="-4422" />
    <nd ref="-4423" />
    <nd ref="-4424" />
    <nd ref="-4425" />
    <nd ref="-4426" />
    <nd ref="-4427" />
    <nd ref="-4428" />
    <nd ref="-4429" />
    <nd ref="-4430" />
    <nd ref="-4431" />
    <nd ref="-4432" />
    <nd ref="-4433" />
    <nd ref="-4434" />
    <nd ref="-4435" />
    <nd ref="-4436" />
    <nd ref="-4437" />
    <nd ref="-4438" />
    <nd ref="-4439" />
    <nd ref="-4440" />
    <nd ref="-4441" />
    <nd ref="-4442" />
    <nd ref="-4443" />
    <nd ref="-4444" />
    <nd ref="-4445" />
    <nd ref="-4446" />
    <nd ref="-4447" />
    <nd ref="-4448" />
    <nd ref="-4449" />
    <nd ref="-4450" />
    <nd ref="-4451" />
    <nd ref="-4452" />
    <tag k="natural" v="water" />
    <tag k="water" v="river" />
  </way>
  <node id="-4406" lat="33.573836" lon="130.4413557" />
  <node id="-4407" lat="33.5736047" lon="130.4415871" />
  <node id="-4408" lat="33.5735934" lon="130.4415704" />
  <node id="-4409" lat="33.5735849" lon="130.4415578" />
  <node id="-4410" lat="33.5738308" lon="130.4413176" />
  <node id="-4411" lat="33.573519" lon="130.4408619" />
  <node id="-4412" lat="33.5733292" lon="130.4406145" />
  <node id="-4413" lat="33.5732938" lon="130.4403762" />
  <node id="-4414" lat="33.5731637" lon="130.4401309" />
  <node id="-4415" lat="33.5730976" lon="130.440098" />
  <node id="-4416" lat="33.5731028" lon="130.440086" />
  <node id="-4417" lat="33.5731079" lon="130.4400741" />
  <node id="-4418" lat="33.5731792" lon="130.4401102" />
  <node id="-4419" lat="33.5733151" lon="130.4403659" />
  <node id="-4420" lat="33.5733501" lon="130.4406019" />
  <node id="-4421" lat="33.573384" lon="130.4406461" />
  <node id="-4422" lat="33.5735043" lon="130.440528" />
  <node id="-4423" lat="33.573623" lon="130.4404016" />
  <node id="-4424" lat="33.5736275" lon="130.4404081" />
  <node id="-4425" lat="33.5736308" lon="130.440413" />
  <node id="-4426" lat="33.573513" lon="130.4405407" />
  <node id="-4427" lat="33.5733929" lon="130.4406577" />
  <node id="-4428" lat="33.573536" lon="130.4408443" />
  <node id="-4429" lat="33.5738558" lon="130.4413116" />
  <node id="-4430" lat="33.5739056" lon="130.4413742" />
  <node id="-4431" lat="33.5739813" lon="130.4414619" />
  <node id="-4432" lat="33.5741101" lon="130.4417113" />
  <node id="-4433" lat="33.5741514" lon="130.4417479" />
  <node id="-4434" lat="33.5742057" lon="130.4418118" />
  <node id="-4435" lat="33.5743671" lon="130.4419999" />
  <node id="-4436" lat="33.5744518" lon="130.4421542" />
  <node id="-4437" lat="33.5745402" lon="130.4424084" />
  <node id="-4438" lat="33.5745579" lon="130.4424831" />
  <node id="-4439" lat="33.5745871" lon="130.4425289" />
  <node id="-4440" lat="33.5745797" lon="130.4425349" />
  <node id="-4441" lat="33.5745724" lon="130.4425409" />
  <node id="-4442" lat="33.5745472" lon="130.4424914" />
  <node id="-4443" lat="33.5745291" lon="130.4424155" />
  <node id="-4444" lat="33.5744408" lon="130.4421621" />
  <node id="-4445" lat="33.5743563" lon="130.4420084" />
  <node id="-4446" lat="33.5741968" lon="130.4418225" />
  <node id="-4447" lat="33.5741436" lon="130.4417665" />
  <node id="-4448" lat="33.5740944" lon="130.4417323" />
  <node id="-4449" lat="33.5739634" lon="130.4414784" />
  <node id="-4450" lat="33.5738948" lon="130.4413848" />
  <node id="-4451" lat="33.5738621" lon="130.4413544" />
  <node id="-4452" lat="33.573836" lon="130.4413557" />
  <way id="761490079">
    <nd ref="-4453" />
    <nd ref="-4454" />
    <tag k="waterway" v="stream" />
  </way>
  <node id="-4453" lat="33.5735934" lon="130.4415704" />
  <node id="-4454" lat="33.573848" lon="130.4413216" />
  <way id="761490080">
    <nd ref="-4455" />
    <nd ref="-4456" />
    <nd ref="-4457" />
    <nd ref="-4458" />
    <nd ref="-4459" />
    <nd ref="-4460" />
    <nd ref="-4461" />
    <nd ref="-4462" />
    <nd ref="-4463" />
    <nd ref="-4464" />
    <nd ref="-4465" />
    <nd ref="-4466" />
    <nd ref="-4467" />
    <nd ref="-4468" />
    <nd ref="-4469" />
    <nd ref="-4470" />
    <nd ref="-4471" />
    <tag k="waterway" v="stream" />
  </way>
  <node id="-4455" lat="33.5745797" lon="130.4425349" />
  <node id="-4456" lat="33.5745525" lon="130.4424872" />
  <node id="-4457" lat="33.5745347" lon="130.442412" />
  <node id="-4458" lat="33.5744463" lon="130.4421582" />
  <node id="-4459" lat="33.5743617" lon="130.4420042" />
  <node id="-4460" lat="33.5742013" lon="130.4418171" />
  <node id="-4461" lat="33.5741475" lon="130.4417572" />
  <node id="-4462" lat="33.5741007" lon="130.4417239" />
  <node id="-4463" lat="33.5739723" lon="130.4414701" />
  <node id="-4464" lat="33.5739002" lon="130.4413795" />
  <node id="-4465" lat="33.573848" lon="130.4413216" />
  <node id="-4466" lat="33.5735275" lon="130.4408531" />
  <node id="-4467" lat="33.5733803" lon="130.4406613" />
  <node id="-4468" lat="33.5733396" lon="130.4406082" />
  <node id="-4469" lat="33.5733045" lon="130.4403711" />
  <node id="-4470" lat="33.5731715" lon="130.4401206" />
  <node id="-4471" lat="33.5731028" lon="130.440086" />
  <way id="761500442">
    <nd ref="-4472" />
    <nd ref="-4473" />
    <tag k="waterway" v="stream" />
  </way>
  <node id="-4472" lat="33.5764678" lon="130.4425688" />
  <node id="-4473" lat="33.5762827" lon="130.4426961" />
  <way id="761500443">
    <nd ref="-4474" />
    <nd ref="-4475" />
    <tag k="layer" v="-1" />
    <tag k="tunnel" v="yes" />
    <tag k="waterway" v="stream" />
  </way>
  <node id="-4474" lat="33.5765931" lon="130.4424807" />
  <node id="-4475" lat="33.5764678" lon="130.4425688" />
  <way id="761500444">
    <nd ref="-4476" />
    <nd ref="-4477" />
    <nd ref="-4478" />
    <tag k="waterway" v="stream" />
  </way>
  <node id="-4476" lat="33.5762261" lon="130.4427182" />
  <node id="-4477" lat="33.5761184" lon="130.4425809" />
  <node id="-4478" lat="33.5756991" lon="130.4429242" />
  <way id="761500445">
    <nd ref="-4479" />
    <nd ref="-4480" />
    <tag k="layer" v="-1" />
    <tag k="tunnel" v="yes" />
    <tag k="waterway" v="stream" />
  </way>
  <node id="-4479" lat="33.5762827" lon="130.4426961" />
  <node id="-4480" lat="33.5762261" lon="130.4427182" />
  <way id="761500446">
    <nd ref="-4481" />
    <nd ref="-4482" />
    <tag k="waterway" v="stream" />
  </way>
  <node id="-4481" lat="33.5754864" lon="130.4430309" />
  <node id="-4482" lat="33.5752906" lon="130.4432093" />
  <way id="761500447">
    <nd ref="-4483" />
    <nd ref="-4484" />
    <tag k="layer" v="-1" />
    <tag k="tunnel" v="yes" />
    <tag k="waterway" v="stream" />
  </way>
  <node id="-4483" lat="33.5756991" lon="130.4429242" />
  <node id="-4484" lat="33.5754864" lon="130.4430309" />
  <way id="761500448">
    <nd ref="-4485" />
    <nd ref="-4486" />
    <tag k="layer" v="-1" />
    <tag k="tunnel" v="yes" />
    <tag k="waterway" v="stream" />
  </way>
  <node id="-4485" lat="33.5754655" lon="130.4435726" />
  <node id="-4486" lat="33.5754287" lon="130.4435176" />
  <way id="761500449">
    <nd ref="-4487" />
    <nd ref="-4488" />
    <tag k="waterway" v="stream" />
  </way>
  <node id="-4487" lat="33.5755533" lon="130.443698" />
  <node id="-4488" lat="33.5754655" lon="130.4435726" />
  <way id="761500450">
    <nd ref="-4489" />
    <nd ref="-4490" />
    <tag k="layer" v="-1" />
    <tag k="tunnel" v="yes" />
    <tag k="waterway" v="stream" />
  </way>
  <node id="-4489" lat="33.5752906" lon="130.4432093" />
  <node id="-4490" lat="33.5752417" lon="130.4432522" />
  <way id="761500451">
    <nd ref="-4491" />
    <nd ref="-4492" />
    <nd ref="-4493" />
    <nd ref="-4494" />
    <tag k="waterway" v="stream" />
  </way>
  <node id="-4491" lat="33.5750829" lon="130.443063" />
  <node id="-4492" lat="33.574918" lon="130.4428994" />
  <node id="-4493" lat="33.5747968" lon="130.4427988" />
  <node id="-4494" lat="33.5746108" lon="130.4425943" />
  <way id="761500452">
    <nd ref="-4495" />
    <nd ref="-4496" />
    <tag k="layer" v="-1" />
    <tag k="tunnel" v="yes" />
    <tag k="waterway" v="stream" />
  </way>
  <node id="-4495" lat="33.5751907" lon="130.4431797" />
  <node id="-4496" lat="33.5750829" lon="130.443063" />
  <way id="761500453">
    <nd ref="-4497" />
    <nd ref="-4498" />
    <tag k="layer" v="-1" />
    <tag k="tunnel" v="yes" />
    <tag k="waterway" v="stream" />
  </way>
  <node id="-4497" lat="33.5746108" lon="130.4425943" />
  <node id="-4498" lat="33.5745797" lon="130.4425349" />
  <way id="761500454">
    <nd ref="-4499" />
    <nd ref="-4500" />
    <nd ref="-4501" />
    <tag k="waterway" v="stream" />
  </way>
  <node id="-4499" lat="33.5754287" lon="130.4435176" />
  <node id="-4500" lat="33.5752417" lon="130.4432522" />
  <node id="-4501" lat="33.5751907" lon="130.4431797" />
  <way id="761500455">
    <nd ref="-4502" />
    <nd ref="-4503" />
    <tag k="waterway" v="stream" />
  </way>
  <node id="-4502" lat="33.5743901" lon="130.4439394" />
  <node id="-4503" lat="33.5744313" lon="130.4437913" />
  <way id="761500456">
    <nd ref="-4504" />
    <nd ref="-4505" />
    <tag k="layer" v="-1" />
    <tag k="tunnel" v="yes" />
    <tag k="waterway" v="stream" />
  </way>
  <node id="-4504" lat="33.5743429" lon="130.444109" />
  <node id="-4505" lat="33.5743901" lon="130.4439394" />
  <way id="761500457">
    <nd ref="-4506" />
    <nd ref="-4507" />
    <tag k="waterway" v="stream" />
  </way>
  <node id="-4506" lat="33.5746024" lon="130.4431763" />
  <node id="-4507" lat="33.574918" lon="130.4428994" />
  <way id="761500458">
    <nd ref="-4508" />
    <nd ref="-4509" />
    <tag k="layer" v="-1" />
    <tag k="tunnel" v="yes" />
    <tag k="waterway" v="stream" />
  </way>
  <node id="-4508" lat="33.5745951" lon="130.4433067" />
  <node id="-4509" lat="33.5746024" lon="130.4431763" />
  <way id="761500459">
    <nd ref="-4510" />
    <nd ref="-4511" />
    <nd ref="-4512" />
    <nd ref="-4513" />
    <tag k="waterway" v="stream" />
  </way>
  <node id="-4510" lat="33.5744683" lon="130.443692" />
  <node id="-4511" lat="33.574532" lon="130.4435646" />
  <node id="-4512" lat="33.5745745" lon="130.4434191" />
  <node id="-4513" lat="33.5745951" lon="130.4433067" />
  <way id="761500460">
    <nd ref="-4514" />
    <nd ref="-4515" />
    <tag k="layer" v="-1" />
    <tag k="tunnel" v="yes" />
    <tag k="waterway" v="stream" />
  </way>
  <node id="-4514" lat="33.5744313" lon="130.4437913" />
  <node id="-4515" lat="33.5744683" lon="130.443692" />
  <way id="761500461">
    <nd ref="-4516" />
    <nd ref="-4517" />
    <tag k="layer" v="-1" />
    <tag k="tunnel" v="yes" />
    <tag k="waterway" v="stream" />
  </way>
  <node id="-4516" lat="33.5739744" lon="130.4445489" />
  <node id="-4517" lat="33.5741553" lon="130.4445439" />
  <way id="761500462">
    <nd ref="-4518" />
    <nd ref="-4519" />
    <nd ref="-4520" />
    <nd ref="-4521" />
    <nd ref="-4522" />
    <nd ref="-4523" />
    <nd ref="-4524" />
    <nd ref="-4525" />
    <nd ref="-4526" />
    <nd ref="-4527" />
    <tag k="waterway" v="stream" />
  </way>
  <node id="-4518" lat="33.5732185" lon="130.4452141" />
  <node id="-4519" lat="33.5732705" lon="130.4451471" />
  <node id="-4520" lat="33.5733224" lon="130.4450391" />
  <node id="-4521" lat="33.5733543" lon="130.4449607" />
  <node id="-4522" lat="33.5733923" lon="130.444903" />
  <node id="-4523" lat="33.5736236" lon="130.4447414" />
  <node id="-4524" lat="33.5736834" lon="130.4446522" />
  <node id="-4525" lat="33.5737364" lon="130.4445972" />
  <node id="-4526" lat="33.5738264" lon="130.4445463" />
  <node id="-4527" lat="33.5739744" lon="130.4445489" />
  <way id="761500463">
    <nd ref="-4528" />
    <nd ref="-4529" />
    <tag k="layer" v="-1" />
    <tag k="tunnel" v="yes" />
    <tag k="waterway" v="stream" />
  </way>
  <node id="-4528" lat="33.5731297" lon="130.445357" />
  <node id="-4529" lat="33.5732185" lon="130.4452141" />
  <way id="761500464">
    <nd ref="-4530" />
    <nd ref="-4531" />
    <tag k="waterway" v="stream" />
  </way>
  <node id="-4530" lat="33.5730459" lon="130.4454924" />
  <node id="-4531" lat="33.5731297" lon="130.445357" />
  <way id="761500465">
    <nd ref="-4532" />
    <nd ref="-4533" />
    <tag k="layer" v="-1" />
    <tag k="tunnel" v="yes" />
    <tag k="waterway" v="stream" />
  </way>
  <node id="-4532" lat="33.5730006" lon="130.4455246" />
  <node id="-4533" lat="33.5730459" lon="130.4454924" />
  <way id="761500466">
    <nd ref="-4534" />
    <nd ref="-4535" />
    <nd ref="-4536" />
    <nd ref="-4537" />
    <nd ref="-4538" />
    <nd ref="-4539" />
    <tag k="waterway" v="stream" />
  </way>
  <node id="-4534" lat="33.5725654" lon="130.4462763" />
  <node id="-4535" lat="33.5727587" lon="130.4460315" />
  <node id="-4536" lat="33.5727973" lon="130.445945" />
  <node id="-4537" lat="33.5728341" lon="130.4457767" />
  <node id="-4538" lat="33.5728883" lon="130.445703" />
  <node id="-4539" lat="33.5730006" lon="130.4455246" />
  <way id="761500467">
    <nd ref="-4540" />
    <nd ref="-4541" />
    <tag k="layer" v="-1" />
    <tag k="tunnel" v="yes" />
    <tag k="waterway" v="stream" />
  </way>
  <node id="-4540" lat="33.5724559" lon="130.4462944" />
  <node id="-4541" lat="33.5725654" lon="130.4462763" />
  <way id="761500468">
    <nd ref="-4542" />
    <nd ref="-4543" />
    <nd ref="-4544" />
    <nd ref="-4545" />
    <nd ref="-4546" />
    <nd ref="-4547" />
    <nd ref="-4548" />
    <nd ref="-4549" />
    <nd ref="-4550" />
    <nd ref="-4551" />
    <nd ref="-4552" />
    <tag k="waterway" v="stream" />
  </way>
  <node id="-4542" lat="33.5711631" lon="130.447323" />
  <node id="-4543" lat="33.5713854" lon="130.4471909" />
  <node id="-4544" lat="33.5715301" lon="130.4470736" />
  <node id="-4545" lat="33.5716179" lon="130.4469542" />
  <node id="-4546" lat="33.571662" lon="130.4468885" />
  <node id="-4547" lat="33.5720793" lon="130.4464835" />
  <node id="-4548" lat="33.5721805" lon="130.4464526" />
  <node id="-4549" lat="33.5722425" lon="130.4464024" />
  <node id="-4550" lat="33.5723788" lon="130.4463279" />
  <node id="-4551" lat="33.5724442" lon="130.4463078" />
  <node id="-4552" lat="33.5724559" lon="130.4462944" />
  <way id="761500469">
    <nd ref="-4553" />
    <nd ref="-4554" />
    <nd ref="-4555" />
    <nd ref="-4556" />
    <tag k="waterway" v="stream" />
  </way>
  <node id="-4553" lat="33.5715894" lon="130.4472345" />
  <node id="-4554" lat="33.5715491" lon="130.4472131" />
  <node id="-4555" lat="33.5714022" lon="130.4472332" />
  <node id="-4556" lat="33.5713854" lon="130.4471909" />
  <way id="761500470">
    <nd ref="-4557" />
    <nd ref="-4558" />
    <tag k="layer" v="-1" />
    <tag k="tunnel" v="yes" />
    <tag k="waterway" v="stream" />
  </way>
  <node id="-4557" lat="33.5716329" lon="130.447262" />
  <node id="-4558" lat="33.5715894" lon="130.4472345" />
  <way id="761500471">
    <nd ref="-4559" />
    <nd ref="-4560" />
    <tag k="waterway" v="stream" />
  </way>
  <node id="-4559" lat="33.5715625" lon="130.4477079" />
  <node id="-4560" lat="33.5718486" lon="130.4474853" />
  <way id="761500472">
    <nd ref="-4561" />
    <nd ref="-4562" />
    <tag k="layer" v="-1" />
    <tag k="tunnel" v="yes" />
    <tag k="waterway" v="stream" />
  </way>
  <node id="-4561" lat="33.5715173" lon="130.4477455" />
  <node id="-4562" lat="33.5715625" lon="130.4477079" />
  <way id="761500473">
    <nd ref="-4563" />
    <nd ref="-4564" />
    <tag k="layer" v="-1" />
    <tag k="tunnel" v="yes" />
    <tag k="waterway" v="stream" />
  </way>
  <node id="-4563" lat="33.5709988" lon="130.4482678" />
  <node id="-4564" lat="33.5710564" lon="130.4482088" />
  <way id="761500474">
    <nd ref="-4565" />
    <nd ref="-4566" />
    <tag k="waterway" v="stream" />
  </way>
  <node id="-4565" lat="33.5709703" lon="130.448294" />
  <node id="-4566" lat="33.5709988" lon="130.4482678" />
  <way id="761500475">
    <nd ref="-4567" />
    <nd ref="-4568" />
    <tag k="layer" v="-1" />
    <tag k="tunnel" v="yes" />
    <tag k="waterway" v="stream" />
  </way>
  <node id="-4567" lat="33.5709307" lon="130.4483342" />
  <node id="-4568" lat="33.5709703" lon="130.448294" />
  <way id="761500476">
    <nd ref="-4569" />
    <nd ref="-4570" />
    <tag k="waterway" v="stream" />
  </way>
  <node id="-4569" lat="33.5702837" lon="130.4490048" />
  <node id="-4570" lat="33.5709307" lon="130.4483342" />
  <way id="761500477">
    <nd ref="-4571" />
    <nd ref="-4572" />
    <tag k="layer" v="-1" />
    <tag k="tunnel" v="yes" />
    <tag k="waterway" v="stream" />
  </way>
  <node id="-4571" lat="33.5702244" lon="130.4490785" />
  <node id="-4572" lat="33.5702837" lon="130.4490048" />
  <way id="761500478">
    <nd ref="-4573" />
    <nd ref="-4574" />
    <tag k="waterway" v="stream" />
  </way>
  <node id="-4573" lat="33.5700395" lon="130.4492696" />
  <node id="-4574" lat="33.5702244" lon="130.4490785" />
  <way id="761500479">
    <nd ref="-4575" />
    <nd ref="-4576" />
    <tag k="layer" v="-1" />
    <tag k="tunnel" v="yes" />
    <tag k="waterway" v="stream" />
  </way>
  <node id="-4575" lat="33.5699803" lon="130.4493307" />
  <node id="-4576" lat="33.5700395" lon="130.4492696" />
  <way id="761500480">
    <nd ref="-4577" />
    <nd ref="-4578" />
    <tag k="waterway" v="stream" />
  </way>
  <node id="-4577" lat="33.5695825" lon="130.449729" />
  <node id="-4578" lat="33.5699803" lon="130.4493307" />
  <way id="761500481">
    <nd ref="-4579" />
    <nd ref="-4580" />
    <tag k="layer" v="-1" />
    <tag k="tunnel" v="yes" />
    <tag k="waterway" v="stream" />
  </way>
  <node id="-4579" lat="33.5695322" lon="130.4497799" />
  <node id="-4580" lat="33.5695825" lon="130.449729" />
  <way id="761500482">
    <nd ref="-4581" />
    <nd ref="-4582" />
    <tag k="waterway" v="stream" />
  </way>
  <node id="-4581" lat="33.5692953" lon="130.450026" />
  <node id="-4582" lat="33.5695322" lon="130.4497799" />
  <way id="761500483">
    <nd ref="-4583" />
    <nd ref="-4584" />
    <tag k="layer" v="-1" />
    <tag k="tunnel" v="yes" />
    <tag k="waterway" v="stream" />
  </way>
  <node id="-4583" lat="33.5692104" lon="130.4501105" />
  <node id="-4584" lat="33.5692953" lon="130.450026" />
  <way id="761500484">
    <nd ref="-4585" />
    <nd ref="-4586" />
    <nd ref="-4587" />
    <tag k="waterway" v="stream" />
  </way>
  <node id="-4585" lat="33.5691322" lon="130.4502513" />
  <node id="-4586" lat="33.569126" lon="130.4502017" />
  <node id="-4587" lat="33.5692104" lon="130.4501105" />
  <way id="761500485">
    <nd ref="-4588" />
    <nd ref="-4589" />
    <tag k="layer" v="-1" />
    <tag k="tunnel" v="yes" />
    <tag k="waterway" v="stream" />
  </way>
  <node id="-4588" lat="33.5691512" lon="130.4503465" />
  <node id="-4589" lat="33.5691322" lon="130.4502513" />
  <way id="761500486">
    <nd ref="-4590" />
    <nd ref="-4591" />
    <tag k="waterway" v="stream" />
  </way>
  <node id="-4590" lat="33.5691338" lon="130.450368" />
  <node id="-4591" lat="33.5691512" lon="130.4503465" />
  <way id="761500487">
    <nd ref="-4592" />
    <nd ref="-4593" />
    <tag k="layer" v="-1" />
    <tag k="tunnel" v="yes" />
    <tag k="waterway" v="stream" />
  </way>
  <node id="-4592" lat="33.5689455" lon="130.4505128" />
  <node id="-4593" lat="33.5691338" lon="130.450368" />
  <way id="761500488">
    <nd ref="-4594" />
    <nd ref="-4595" />
    <nd ref="-4596" />
    <tag k="waterway" v="stream" />
  </way>
  <node id="-4594" lat="33.5686885" lon="130.45071" />
  <node id="-4595" lat="33.5687593" lon="130.4506557" />
  <node id="-4596" lat="33.5689455" lon="130.4505128" />
  <way id="761500489">
    <nd ref="-4597" />
    <nd ref="-4598" />
    <tag k="waterway" v="stream" />
  </way>
  <node id="-4597" lat="33.5688863" lon="130.4508656" />
  <node id="-4598" lat="33.5687593" lon="130.4506557" />
  <way id="761500490">
    <nd ref="-4599" />
    <nd ref="-4600" />
    <tag k="waterway" v="stream" />
  </way>
  <node id="-4599" lat="33.5710564" lon="130.4482088" />
  <node id="-4600" lat="33.5715173" lon="130.4477455" />
  <way id="761500491">
    <nd ref="-4601" />
    <nd ref="-4602" />
    <nd ref="-4603" />
    <nd ref="-4604" />
    <nd ref="-4605" />
    <nd ref="-4606" />
    <tag k="waterway" v="stream" />
  </way>
  <node id="-4601" lat="33.5720665" lon="130.4476985" />
  <node id="-4602" lat="33.5719581" lon="130.4475564" />
  <node id="-4603" lat="33.5719" lon="130.4475114" />
  <node id="-4604" lat="33.5718486" lon="130.4474853" />
  <node id="-4605" lat="33.5717235" lon="130.4474075" />
  <node id="-4606" lat="33.5716329" lon="130.447262" />
  <way id="761500492">
    <nd ref="-4607" />
    <nd ref="-4608" />
    <tag k="layer" v="-1" />
    <tag k="tunnel" v="yes" />
    <tag k="waterway" v="stream" />
  </way>
  <node id="-4607" lat="33.5711307" lon="130.4473498" />
  <node id="-4608" lat="33.5711631" lon="130.447323" />
  <way id="761500493">
    <nd ref="-4609" />
    <nd ref="-4610" />
    <tag k="waterway" v="stream" />
  </way>
  <node id="-4609" lat="33.5707943" lon="130.447602" />
  <node id="-4610" lat="33.5711307" lon="130.4473498" />
  <way id="761500494">
    <nd ref="-4611" />
    <nd ref="-4612" />
    <tag k="layer" v="-1" />
    <tag k="tunnel" v="yes" />
    <tag k="waterway" v="stream" />
  </way>
  <node id="-4611" lat="33.5707373" lon="130.4476435" />
  <node id="-4612" lat="33.5707943" lon="130.447602" />
  <way id="761500495">
    <nd ref="-4613" />
    <nd ref="-4614" />
    <nd ref="-4615" />
    <tag k="waterway" v="stream" />
  </way>
  <node id="-4613" lat="33.5704842" lon="130.4477763" />
  <node id="-4614" lat="33.5706116" lon="130.4477321" />
  <node id="-4615" lat="33.5707373" lon="130.4476435" />
  <way id="761500496">
    <nd ref="-4616" />
    <nd ref="-4617" />
    <tag k="layer" v="-1" />
    <tag k="tunnel" v="yes" />
    <tag k="waterway" v="stream" />
  </way>
  <node id="-4616" lat="33.5703328" lon="130.4478192" />
  <node id="-4617" lat="33.5704842" lon="130.4477763" />
  <way id="761500497">
    <nd ref="-4618" />
    <nd ref="-4619" />
    <tag k="waterway" v="stream" />
  </way>
  <node id="-4618" lat="33.5702557" lon="130.4478427" />
  <node id="-4619" lat="33.5703328" lon="130.4478192" />
  <way id="761500498">
    <nd ref="-4620" />
    <nd ref="-4621" />
    <tag k="layer" v="-1" />
    <tag k="tunnel" v="yes" />
    <tag k="waterway" v="stream" />
  </way>
  <node id="-4620" lat="33.5702021" lon="130.4479198" />
  <node id="-4621" lat="33.5702557" lon="130.4478427" />
  <way id="761500499">
    <nd ref="-4622" />
    <nd ref="-4623" />
    <tag k="waterway" v="stream" />
  </way>
  <node id="-4622" lat="33.5701099" lon="130.4479761" />
  <node id="-4623" lat="33.5702021" lon="130.4479198" />
  <way id="761500500">
    <nd ref="-4624" />
    <nd ref="-4625" />
    <tag k="layer" v="-1" />
    <tag k="tunnel" v="yes" />
    <tag k="waterway" v="stream" />
  </way>
  <node id="-4624" lat="33.5697009" lon="130.4482598" />
  <node id="-4625" lat="33.5701099" lon="130.4479761" />
  <way id="761500501">
    <nd ref="-4626" />
    <nd ref="-4627" />
    <nd ref="-4628" />
    <nd ref="-4629" />
    <nd ref="-4630" />
    <nd ref="-4631" />
    <nd ref="-4632" />
    <nd ref="-4633" />
    <tag k="waterway" v="stream" />
  </way>
  <node id="-4626" lat="33.5691819" lon="130.4491067" />
  <node id="-4627" lat="33.5693121" lon="130.448933" />
  <node id="-4628" lat="33.5694395" lon="130.4487077" />
  <node id="-4629" lat="33.569435" lon="130.4486172" />
  <node id="-4630" lat="33.5694428" lon="130.448581" />
  <node id="-4631" lat="33.5694534" lon="130.4485635" />
  <node id="-4632" lat="33.5695009" lon="130.4485193" />
  <node id="-4633" lat="33.5697009" lon="130.4482598" />
  <way id="761500502">
    <nd ref="-4634" />
    <nd ref="-4635" />
    <tag k="layer" v="-1" />
    <tag k="tunnel" v="yes" />
    <tag k="waterway" v="stream" />
  </way>
  <node id="-4634" lat="33.5691517" lon="130.4491416" />
  <node id="-4635" lat="33.5691819" lon="130.4491067" />
  <way id="761500503">
    <nd ref="-4636" />
    <nd ref="-4637" />
    <tag k="waterway" v="stream" />
  </way>
  <node id="-4636" lat="33.5689807" lon="130.4491456" />
  <node id="-4637" lat="33.5691517" lon="130.4491416" />
  <way id="761500504">
    <nd ref="-4638" />
    <nd ref="-4639" />
    <nd ref="-4640" />
    <nd ref="-4641" />
    <nd ref="-4642" />
    <nd ref="-4643" />
    <tag k="waterway" v="stream" />
  </way>
  <node id="-4638" lat="33.5741553" lon="130.4445439" />
  <node id="-4639" lat="33.5742658" lon="130.4444339" />
  <node id="-4640" lat="33.5743233" lon="130.444333" />
  <node id="-4641" lat="33.5743353" lon="130.444331" />
  <node id="-4642" lat="33.5743485" lon="130.4442264" />
  <node id="-4643" lat="33.5743429" lon="130.444109" />
  <way id="761500505">
    <nd ref="-4644" />
    <nd ref="-4645" />
    <nd ref="-4646" />
    <nd ref="-4647" />
    <nd ref="-4648" />
    <nd ref="-4649" />
    <nd ref="-4650" />
    <tag k="natural" v="water" />
    <tag k="water" v="river" />
  </way>
  <node id="-4644" lat="33.5744404" lon="130.4437959" />
  <node id="-4645" lat="33.5744313" lon="130.4437913" />
  <node id="-4646" lat="33.5744191" lon="130.4437852" />
  <node id="-4647" lat="33.5743823" lon="130.4438824" />
  <node id="-4648" lat="33.5743901" lon="130.4439394" />
  <node id="-4649" lat="33.5744124" lon="130.4439086" />
  <node id="-4650" lat="33.5744404" lon="130.4437959" />
  <way id="761500506">
    <nd ref="-4651" />
    <nd ref="-4652" />
    <nd ref="-4653" />
    <nd ref="-4654" />
    <nd ref="-4655" />
    <nd ref="-4656" />
    <nd ref="-4657" />
    <nd ref="-4658" />
    <nd ref="-4659" />
    <nd ref="-4660" />
    <nd ref="-4661" />
    <tag k="natural" v="water" />
    <tag k="water" v="river" />
  </way>
  <node id="-4651" lat="33.5746035" lon="130.4433104" />
  <node id="-4652" lat="33.5745951" lon="130.4433067" />
  <node id="-4653" lat="33.5745867" lon="130.4433031" />
  <node id="-4654" lat="33.574561" lon="130.4434157" />
  <node id="-4655" lat="33.5745197" lon="130.4435545" />
  <node id="-4656" lat="33.5744571" lon="130.4436846" />
  <node id="-4657" lat="33.5744683" lon="130.443692" />
  <node id="-4658" lat="33.5744795" lon="130.4436994" />
  <node id="-4659" lat="33.5745454" lon="130.4435693" />
  <node id="-4660" lat="33.5745901" lon="130.4434191" />
  <node id="-4661" lat="33.5746035" lon="130.4433104" />
  <way id="761500507">
    <nd ref="-4662" />
    <nd ref="-4663" />
    <nd ref="-4664" />
    <nd ref="-4665" />
    <nd ref="-4666" />
    <nd ref="-4667" />
    <nd ref="-4668" />
    <nd ref="-4669" />
    <nd ref="-4670" />
    <nd ref="-4671" />
    <nd ref="-4672" />
    <nd ref="-4673" />
    <nd ref="-4674" />
    <nd ref="-4675" />
    <nd ref="-4676" />
    <tag k="natural" v="water" />
    <tag k="water" v="river" />
  </way>
  <node id="-4662" lat="33.5743532" lon="130.444103" />
  <node id="-4663" lat="33.5743429" lon="130.444109" />
  <node id="-4664" lat="33.5743348" lon="130.4441138" />
  <node id="-4665" lat="33.5743309" lon="130.444211" />
  <node id="-4666" lat="33.5743426" lon="130.4442164" />
  <node id="-4667" lat="33.5743309" lon="130.444321" />
  <node id="-4668" lat="33.574313" lon="130.444323" />
  <node id="-4669" lat="33.574256" lon="130.4444222" />
  <node id="-4670" lat="33.5741521" lon="130.4445322" />
  <node id="-4671" lat="33.5741553" lon="130.4445439" />
  <node id="-4672" lat="33.5741588" lon="130.4445563" />
  <node id="-4673" lat="33.5742716" lon="130.444445" />
  <node id="-4674" lat="33.5743387" lon="130.444335" />
  <node id="-4675" lat="33.5743543" lon="130.4442358" />
  <node id="-4676" lat="33.5743532" lon="130.444103" />
  <way id="761640378">
    <nd ref="-4677" />
    <nd ref="-4678" />
    <nd ref="-4679" />
    <nd ref="-4680" />
    <nd ref="-4681" />
    <nd ref="-4682" />
    <nd ref="-4683" />
    <nd ref="-4684" />
    <nd ref="-4685" />
    <nd ref="-4686" />
    <nd ref="-4687" />
    <nd ref="-4688" />
    <nd ref="-4689" />
    <nd ref="-4690" />
    <nd ref="-4691" />
    <nd ref="-4692" />
    <nd ref="-4693" />
    <nd ref="-4694" />
    <nd ref="-4695" />
    <nd ref="-4696" />
    <nd ref="-4697" />
    <tag k="natural" v="water" />
    <tag k="water" v="river" />
  </way>
  <node id="-4677" lat="33.6000823" lon="130.4169135" />
  <node id="-4678" lat="33.6000788" lon="130.4171697" />
  <node id="-4679" lat="33.6000845" lon="130.4173597" />
  <node id="-4680" lat="33.6000952" lon="130.4174523" />
  <node id="-4681" lat="33.6001346" lon="130.4176264" />
  <node id="-4682" lat="33.6001358" lon="130.4177624" />
  <node id="-4683" lat="33.6000879" lon="130.4178937" />
  <node id="-4684" lat="33.5999762" lon="130.4184302" />
  <node id="-4685" lat="33.5997522" lon="130.4201533" />
  <node id="-4686" lat="33.5997727" lon="130.4201583" />
  <node id="-4687" lat="33.5999906" lon="130.418445" />
  <node id="-4688" lat="33.6000129" lon="130.4182873" />
  <node id="-4689" lat="33.6000736" lon="130.4179977" />
  <node id="-4690" lat="33.6001142" lon="130.4178348" />
  <node id="-4691" lat="33.6001616" lon="130.4177651" />
  <node id="-4692" lat="33.6001616" lon="130.4176095" />
  <node id="-4693" lat="33.6001237" lon="130.4174405" />
  <node id="-4694" lat="33.6001147" lon="130.417352" />
  <node id="-4695" lat="33.6001069" lon="130.4171616" />
  <node id="-4696" lat="33.6001136" lon="130.4168987" />
  <node id="-4697" lat="33.6000823" lon="130.4169135" />
  <way id="761730907">
    <nd ref="-4698" />
    <nd ref="-4699" />
    <nd ref="-4700" />
    <nd ref="-4701" />
    <nd ref="-4702" />
    <nd ref="-4703" />
    <nd ref="-4704" />
    <nd ref="-4705" />
    <nd ref="-4706" />
    <nd ref="-4707" />
    <nd ref="-4708" />
    <nd ref="-4709" />
    <nd ref="-4710" />
    <nd ref="-4711" />
    <nd ref="-4712" />
    <nd ref="-4713" />
    <nd ref="-4714" />
    <nd ref="-4715" />
    <nd ref="-4716" />
    <nd ref="-4717" />
    <nd ref="-4718" />
    <nd ref="-4719" />
    <nd ref="-4720" />
    <nd ref="-4721" />
    <nd ref="-4722" />
    <nd ref="-4723" />
    <nd ref="-4724" />
    <nd ref="-4725" />
    <nd ref="-4726" />
    <nd ref="-4727" />
    <nd ref="-4728" />
    <nd ref="-4729" />
    <nd ref="-4730" />
    <nd ref="-4731" />
    <nd ref="-4732" />
    <nd ref="-4733" />
    <nd ref="-4734" />
    <nd ref="-4735" />
    <nd ref="-4736" />
    <nd ref="-4737" />
    <nd ref="-4738" />
    <nd ref="-4739" />
    <nd ref="-4740" />
    <nd ref="-4741" />
    <nd ref="-4742" />
    <nd ref="-4743" />
    <nd ref="-4744" />
    <nd ref="-4745" />
    <nd ref="-4746" />
    <nd ref="-4747" />
    <nd ref="-4748" />
    <nd ref="-4749" />
    <nd ref="-4750" />
    <nd ref="-4751" />
    <nd ref="-4752" />
    <nd ref="-4753" />
    <nd ref="-4754" />
    <nd ref="-4755" />
    <nd ref="-4756" />
    <nd ref="-4757" />
    <nd ref="-4758" />
    <nd ref="-4759" />
    <nd ref="-4760" />
    <nd ref="-4761" />
    <nd ref="-4762" />
    <nd ref="-4763" />
    <nd ref="-4764" />
    <nd ref="-4765" />
    <nd ref="-4766" />
    <nd ref="-4767" />
    <nd ref="-4768" />
    <nd ref="-4769" />
    <nd ref="-4770" />
    <nd ref="-4771" />
    <nd ref="-4772" />
    <nd ref="-4773" />
    <nd ref="-4774" />
    <nd ref="-4775" />
    <nd ref="-4776" />
    <nd ref="-4777" />
    <nd ref="-4778" />
    <nd ref="-4779" />
    <nd ref="-4780" />
    <nd ref="-4781" />
    <nd ref="-4782" />
    <nd ref="-4783" />
    <nd ref="-4784" />
    <nd ref="-4785" />
    <nd ref="-4786" />
    <nd ref="-4787" />
    <nd ref="-4788" />
    <nd ref="-4789" />
    <nd ref="-4790" />
    <nd ref="-4791" />
    <nd ref="-4792" />
    <nd ref="-4793" />
    <nd ref="-4794" />
    <nd ref="-4795" />
    <nd ref="-4796" />
    <nd ref="-4797" />
    <nd ref="-4798" />
    <nd ref="-4799" />
    <nd ref="-4800" />
    <nd ref="-4801" />
    <nd ref="-4802" />
    <nd ref="-4803" />
    <nd ref="-4804" />
    <nd ref="-4805" />
    <nd ref="-4806" />
    <nd ref="-4807" />
    <nd ref="-4808" />
    <nd ref="-4809" />
    <nd ref="-4810" />
    <nd ref="-4811" />
    <nd ref="-4812" />
    <nd ref="-4813" />
    <nd ref="-4814" />
    <nd ref="-4815" />
    <nd ref="-4816" />
    <nd ref="-4817" />
    <nd ref="-4818" />
    <nd ref="-4819" />
    <nd ref="-4820" />
    <nd ref="-4821" />
    <nd ref="-4822" />
    <nd ref="-4823" />
    <nd ref="-4824" />
    <nd ref="-4825" />
    <nd ref="-4826" />
    <nd ref="-4827" />
    <nd ref="-4828" />
    <nd ref="-4829" />
    <nd ref="-4830" />
    <nd ref="-4831" />
    <nd ref="-4832" />
    <nd ref="-4833" />
    <nd ref="-4834" />
    <nd ref="-4835" />
    <nd ref="-4836" />
    <nd ref="-4837" />
    <nd ref="-4838" />
    <nd ref="-4839" />
    <nd ref="-4840" />
    <nd ref="-4841" />
    <nd ref="-4842" />
    <nd ref="-4843" />
    <nd ref="-4844" />
    <nd ref="-4845" />
    <nd ref="-4846" />
    <nd ref="-4847" />
    <nd ref="-4848" />
    <nd ref="-4849" />
    <nd ref="-4850" />
    <nd ref="-4851" />
    <nd ref="-4852" />
    <nd ref="-4853" />
    <nd ref="-4854" />
    <nd ref="-4855" />
    <nd ref="-4856" />
    <nd ref="-4857" />
    <nd ref="-4858" />
    <nd ref="-4859" />
    <nd ref="-4860" />
    <nd ref="-4861" />
    <nd ref="-4862" />
    <nd ref="-4863" />
    <nd ref="-4864" />
    <nd ref="-4865" />
    <nd ref="-4866" />
    <nd ref="-4867" />
    <nd ref="-4868" />
    <nd ref="-4869" />
    <nd ref="-4870" />
    <nd ref="-4871" />
    <nd ref="-4872" />
    <nd ref="-4873" />
    <nd ref="-4874" />
    <nd ref="-4875" />
    <nd ref="-4876" />
    <nd ref="-4877" />
    <nd ref="-4878" />
    <nd ref="-4879" />
    <nd ref="-4880" />
    <nd ref="-4881" />
    <nd ref="-4882" />
    <nd ref="-4883" />
    <nd ref="-4884" />
    <nd ref="-4885" />
    <nd ref="-4886" />
    <nd ref="-4887" />
    <nd ref="-4888" />
    <nd ref="-4889" />
    <nd ref="-4890" />
    <nd ref="-4891" />
    <nd ref="-4892" />
    <nd ref="-4893" />
    <nd ref="-4894" />
    <nd ref="-4895" />
    <nd ref="-4896" />
    <nd ref="-4897" />
    <nd ref="-4898" />
    <nd ref="-4899" />
    <nd ref="-4900" />
    <nd ref="-4901" />
    <nd ref="-4902" />
    <nd ref="-4903" />
    <nd ref="-4904" />
    <nd ref="-4905" />
    <nd ref="-4906" />
    <nd ref="-4907" />
    <nd ref="-4908" />
    <nd ref="-4909" />
    <nd ref="-4910" />
    <nd ref="-4911" />
    <nd ref="-4912" />
    <nd ref="-4913" />
    <nd ref="-4914" />
    <nd ref="-4915" />
    <nd ref="-4916" />
    <nd ref="-4917" />
    <nd ref="-4918" />
    <nd ref="-4919" />
    <nd ref="-4920" />
    <nd ref="-4921" />
    <nd ref="-4922" />
    <nd ref="-4923" />
    <nd ref="-4924" />
    <nd ref="-4925" />
    <nd ref="-4926" />
    <nd ref="-4927" />
    <nd ref="-4928" />
    <nd ref="-4929" />
    <nd ref="-4930" />
    <nd ref="-4931" />
    <nd ref="-4932" />
    <nd ref="-4933" />
    <nd ref="-4934" />
    <nd ref="-4935" />
    <nd ref="-4936" />
    <nd ref="-4937" />
    <nd ref="-4938" />
    <nd ref="-4939" />
    <nd ref="-4940" />
    <nd ref="-4941" />
    <nd ref="-4942" />
    <nd ref="-4943" />
    <nd ref="-4944" />
    <nd ref="-4945" />
    <nd ref="-4946" />
    <nd ref="-4947" />
    <nd ref="-4948" />
    <nd ref="-4949" />
    <nd ref="-4950" />
    <nd ref="-4951" />
    <nd ref="-4952" />
    <nd ref="-4953" />
    <nd ref="-4954" />
    <nd ref="-4955" />
    <nd ref="-4956" />
    <nd ref="-4957" />
    <nd ref="-4958" />
    <nd ref="-4959" />
    <nd ref="-4960" />
    <nd ref="-4961" />
    <nd ref="-4962" />
    <nd ref="-4963" />
    <nd ref="-4964" />
    <nd ref="-4965" />
    <nd ref="-4966" />
    <nd ref="-4967" />
    <nd ref="-4968" />
    <nd ref="-4969" />
    <nd ref="-4970" />
    <nd ref="-4971" />
    <nd ref="-4972" />
    <nd ref="-4973" />
    <nd ref="-4974" />
    <nd ref="-4975" />
    <nd ref="-4976" />
    <nd ref="-4977" />
    <nd ref="-4978" />
    <nd ref="-4979" />
    <nd ref="-4980" />
    <nd ref="-4981" />
    <nd ref="-4982" />
    <nd ref="-4983" />
    <nd ref="-4984" />
    <nd ref="-4985" />
    <nd ref="-4986" />
    <nd ref="-4987" />
    <nd ref="-4988" />
    <nd ref="-4989" />
    <nd ref="-4990" />
    <nd ref="-4991" />
    <nd ref="-4992" />
    <nd ref="-4993" />
    <nd ref="-4994" />
    <nd ref="-4995" />
    <nd ref="-4996" />
    <nd ref="-4997" />
    <nd ref="-4998" />
    <nd ref="-4999" />
    <nd ref="-5000" />
    <nd ref="-5001" />
    <nd ref="-5002" />
    <nd ref="-5003" />
    <nd ref="-5004" />
    <nd ref="-5005" />
    <nd ref="-5006" />
    <nd ref="-5007" />
    <nd ref="-5008" />
    <nd ref="-5009" />
    <nd ref="-5010" />
    <nd ref="-5011" />
    <nd ref="-5012" />
    <nd ref="-5013" />
    <nd ref="-5014" />
    <nd ref="-5015" />
    <nd ref="-5016" />
    <nd ref="-5017" />
    <nd ref="-5018" />
    <nd ref="-5019" />
    <nd ref="-5020" />
    <nd ref="-5021" />
    <nd ref="-5022" />
    <nd ref="-5023" />
    <nd ref="-5024" />
    <nd ref="-5025" />
    <nd ref="-5026" />
    <nd ref="-5027" />
    <nd ref="-5028" />
    <nd ref="-5029" />
    <nd ref="-5030" />
    <nd ref="-5031" />
    <nd ref="-5032" />
    <nd ref="-5033" />
    <nd ref="-5034" />
    <nd ref="-5035" />
    <nd ref="-5036" />
    <nd ref="-5037" />
    <nd ref="-5038" />
    <nd ref="-5039" />
    <nd ref="-5040" />
    <nd ref="-5041" />
    <nd ref="-5042" />
    <nd ref="-5043" />
    <nd ref="-5044" />
    <nd ref="-5045" />
    <nd ref="-5046" />
    <nd ref="-5047" />
    <nd ref="-5048" />
    <nd ref="-5049" />
    <nd ref="-5050" />
    <nd ref="-5051" />
    <nd ref="-5052" />
    <nd ref="-5053" />
    <nd ref="-5054" />
    <nd ref="-5055" />
    <nd ref="-5056" />
    <nd ref="-5057" />
    <nd ref="-5058" />
    <nd ref="-5059" />
    <nd ref="-5060" />
    <nd ref="-5061" />
    <nd ref="-5062" />
    <nd ref="-5063" />
    <nd ref="-5064" />
    <nd ref="-5065" />
    <nd ref="-5066" />
    <nd ref="-5067" />
    <nd ref="-5068" />
    <nd ref="-5069" />
    <nd ref="-5070" />
    <nd ref="-5071" />
    <nd ref="-5072" />
    <nd ref="-5073" />
    <nd ref="-5074" />
    <nd ref="-5075" />
    <nd ref="-5076" />
    <nd ref="-5077" />
    <nd ref="-5078" />
    <nd ref="-5079" />
    <nd ref="-5080" />
    <nd ref="-5081" />
    <nd ref="-5082" />
    <nd ref="-5083" />
    <nd ref="-5084" />
    <nd ref="-5085" />
    <nd ref="-5086" />
    <nd ref="-5087" />
    <nd ref="-5088" />
    <nd ref="-5089" />
    <nd ref="-5090" />
    <nd ref="-5091" />
    <nd ref="-5092" />
    <nd ref="-5093" />
    <nd ref="-5094" />
    <nd ref="-5095" />
    <nd ref="-5096" />
    <nd ref="-5097" />
    <nd ref="-5098" />
    <nd ref="-5099" />
    <nd ref="-5100" />
    <nd ref="-5101" />
    <nd ref="-5102" />
    <nd ref="-5103" />
    <nd ref="-5104" />
    <nd ref="-5105" />
    <nd ref="-5106" />
    <nd ref="-5107" />
    <nd ref="-5108" />
    <nd ref="-5109" />
    <nd ref="-5110" />
    <nd ref="-5111" />
    <nd ref="-5112" />
    <nd ref="-5113" />
    <nd ref="-5114" />
    <nd ref="-5115" />
    <nd ref="-5116" />
    <nd ref="-5117" />
    <nd ref="-5118" />
    <nd ref="-5119" />
    <nd ref="-5120" />
    <nd ref="-5121" />
    <nd ref="-5122" />
    <nd ref="-5123" />
    <nd ref="-5124" />
    <nd ref="-5125" />
    <nd ref="-5126" />
    <nd ref="-5127" />
    <nd ref="-5128" />
    <nd ref="-5129" />
    <nd ref="-5130" />
    <nd ref="-5131" />
    <nd ref="-5132" />
    <nd ref="-5133" />
    <nd ref="-5134" />
    <nd ref="-5135" />
    <nd ref="-5136" />
    <nd ref="-5137" />
    <nd ref="-5138" />
    <nd ref="-5139" />
    <nd ref="-5140" />
    <nd ref="-5141" />
    <nd ref="-5142" />
    <nd ref="-5143" />
    <nd ref="-5144" />
    <nd ref="-5145" />
    <nd ref="-5146" />
    <nd ref="-5147" />
    <nd ref="-5148" />
    <nd ref="-5149" />
    <nd ref="-5150" />
    <nd ref="-5151" />
    <nd ref="-5152" />
    <nd ref="-5153" />
    <nd ref="-5154" />
    <nd ref="-5155" />
    <nd ref="-5156" />
    <nd ref="-5157" />
    <nd ref="-5158" />
    <nd ref="-5159" />
    <nd ref="-5160" />
    <nd ref="-5161" />
    <nd ref="-5162" />
    <nd ref="-5163" />
    <nd ref="-5164" />
    <nd ref="-5165" />
    <nd ref="-5166" />
    <nd ref="-5167" />
    <nd ref="-5168" />
    <nd ref="-5169" />
    <nd ref="-5170" />
    <nd ref="-5171" />
    <nd ref="-5172" />
    <nd ref="-5173" />
    <nd ref="-5174" />
    <nd ref="-5175" />
    <nd ref="-5176" />
    <nd ref="-5177" />
    <nd ref="-5178" />
    <nd ref="-5179" />
    <nd ref="-5180" />
    <nd ref="-5181" />
    <nd ref="-5182" />
    <nd ref="-5183" />
    <nd ref="-5184" />
    <nd ref="-5185" />
    <nd ref="-5186" />
    <nd ref="-5187" />
    <nd ref="-5188" />
    <nd ref="-5189" />
    <nd ref="-5190" />
    <nd ref="-5191" />
    <nd ref="-5192" />
    <nd ref="-5193" />
    <nd ref="-5194" />
    <nd ref="-5195" />
    <nd ref="-5196" />
    <nd ref="-5197" />
    <nd ref="-5198" />
    <nd ref="-5199" />
    <nd ref="-5200" />
    <nd ref="-5201" />
    <nd ref="-5202" />
    <nd ref="-5203" />
    <nd ref="-5204" />
    <nd ref="-5205" />
    <nd ref="-5206" />
    <nd ref="-5207" />
    <nd ref="-5208" />
    <nd ref="-5209" />
    <nd ref="-5210" />
    <nd ref="-5211" />
    <nd ref="-5212" />
    <nd ref="-5213" />
    <nd ref="-5214" />
    <nd ref="-5215" />
    <nd ref="-5216" />
    <nd ref="-5217" />
    <nd ref="-5218" />
    <nd ref="-5219" />
    <nd ref="-5220" />
    <nd ref="-5221" />
    <nd ref="-5222" />
    <nd ref="-5223" />
    <nd ref="-5224" />
    <nd ref="-5225" />
    <nd ref="-5226" />
    <nd ref="-5227" />
    <nd ref="-5228" />
    <nd ref="-5229" />
    <nd ref="-5230" />
    <nd ref="-5231" />
    <nd ref="-5232" />
    <nd ref="-5233" />
    <nd ref="-5234" />
    <nd ref="-5235" />
    <nd ref="-5236" />
    <nd ref="-5237" />
    <nd ref="-5238" />
    <nd ref="-5239" />
    <nd ref="-5240" />
    <nd ref="-5241" />
    <nd ref="-5242" />
    <nd ref="-5243" />
    <nd ref="-5244" />
    <nd ref="-5245" />
    <nd ref="-5246" />
    <nd ref="-5247" />
    <nd ref="-5248" />
    <nd ref="-5249" />
    <nd ref="-5250" />
    <nd ref="-5251" />
    <nd ref="-5252" />
    <nd ref="-5253" />
    <nd ref="-5254" />
    <nd ref="-5255" />
    <nd ref="-5256" />
    <nd ref="-5257" />
    <nd ref="-5258" />
    <nd ref="-5259" />
    <nd ref="-5260" />
    <nd ref="-5261" />
    <nd ref="-5262" />
    <nd ref="-5263" />
    <nd ref="-5264" />
    <nd ref="-5265" />
    <nd ref="-5266" />
    <nd ref="-5267" />
    <nd ref="-5268" />
    <nd ref="-5269" />
    <nd ref="-5270" />
    <nd ref="-5271" />
    <nd ref="-5272" />
    <nd ref="-5273" />
    <nd ref="-5274" />
    <nd ref="-5275" />
    <nd ref="-5276" />
    <nd ref="-5277" />
    <nd ref="-5278" />
    <nd ref="-5279" />
    <nd ref="-5280" />
    <nd ref="-5281" />
    <nd ref="-5282" />
    <nd ref="-5283" />
    <nd ref="-5284" />
    <nd ref="-5285" />
    <nd ref="-5286" />
    <nd ref="-5287" />
    <nd ref="-5288" />
    <nd ref="-5289" />
    <nd ref="-5290" />
    <nd ref="-5291" />
    <nd ref="-5292" />
    <nd ref="-5293" />
    <nd ref="-5294" />
    <nd ref="-5295" />
    <nd ref="-5296" />
    <nd ref="-5297" />
    <nd ref="-5298" />
    <nd ref="-5299" />
    <nd ref="-5300" />
    <nd ref="-5301" />
    <nd ref="-5302" />
    <nd ref="-5303" />
    <nd ref="-5304" />
    <nd ref="-5305" />
    <nd ref="-5306" />
    <nd ref="-5307" />
    <nd ref="-5308" />
    <nd ref="-5309" />
    <nd ref="-5310" />
    <nd ref="-5311" />
    <nd ref="-5312" />
    <nd ref="-5313" />
    <nd ref="-5314" />
    <nd ref="-5315" />
    <tag k="natural" v="water" />
    <tag k="water" v="river" />
  </way>
  <node id="-4698" lat="33.5970319" lon="130.4874323" />
  <node id="-4699" lat="33.5968543" lon="130.4866022" />
  <node id="-4700" lat="33.5968504" lon="130.4863835" />
  <node id="-4701" lat="33.5968761" lon="130.486177" />
  <node id="-4702" lat="33.5969177" lon="130.4859602" />
  <node id="-4703" lat="33.5970126" lon="130.4857114" />
  <node id="-4704" lat="33.5971411" lon="130.4853648" />
  <node id="-4705" lat="33.5972417" lon="130.485078" />
  <node id="-4706" lat="33.5974316" lon="130.4847372" />
  <node id="-4707" lat="33.5976823" lon="130.4843937" />
  <node id="-4708" lat="33.5979328" lon="130.484188" />
  <node id="-4709" lat="33.5981994" lon="130.4840191" />
  <node id="-4710" lat="33.5984413" lon="130.4838675" />
  <node id="-4711" lat="33.5985967" lon="130.4837327" />
  <node id="-4712" lat="33.5986637" lon="130.4836468" />
  <node id="-4713" lat="33.5987277" lon="130.4835363" />
  <node id="-4714" lat="33.5987943" lon="130.4833467" />
  <node id="-4715" lat="33.5988473" lon="130.4829611" />
  <node id="-4716" lat="33.598859" lon="130.482801" />
  <node id="-4717" lat="33.5987396" lon="130.4819007" />
  <node id="-4718" lat="33.5987239" lon="130.4816203" />
  <node id="-4719" lat="33.5987339" lon="130.4814192" />
  <node id="-4720" lat="33.5987853" lon="130.4811783" />
  <node id="-4721" lat="33.5988601" lon="130.4809485" />
  <node id="-4722" lat="33.5992446" lon="130.479873" />
  <node id="-4723" lat="33.5996338" lon="130.478796" />
  <node id="-4724" lat="33.5997349" lon="130.4785211" />
  <node id="-4725" lat="33.5999355" lon="130.4779458" />
  <node id="-4726" lat="33.6001047" lon="130.4774657" />
  <node id="-4727" lat="33.6002733" lon="130.4769869" />
  <node id="-4728" lat="33.6003582" lon="130.4767161" />
  <node id="-4729" lat="33.600537" lon="130.4760616" />
  <node id="-4730" lat="33.6005895" lon="130.4759252" />
  <node id="-4731" lat="33.6009018" lon="130.4753768" />
  <node id="-4732" lat="33.600948" lon="130.4752341" />
  <node id="-4733" lat="33.6009827" lon="130.4750249" />
  <node id="-4734" lat="33.6010005" lon="130.4748251" />
  <node id="-4735" lat="33.6010106" lon="130.474703" />
  <node id="-4736" lat="33.6010329" lon="130.4745917" />
  <node id="-4737" lat="33.6010706" lon="130.4745127" />
  <node id="-4738" lat="33.6012257" lon="130.4743378" />
  <node id="-4739" lat="33.6013189" lon="130.4742256" />
  <node id="-4740" lat="33.6013446" lon="130.4741934" />
  <node id="-4741" lat="33.6013926" lon="130.4741505" />
  <node id="-4742" lat="33.6014527" lon="130.4741104" />
  <node id="-4743" lat="33.6015557" lon="130.4740727" />
  <node id="-4744" lat="33.6016194" lon="130.4739426" />
  <node id="-4745" lat="33.6017299" lon="130.4738152" />
  <node id="-4746" lat="33.6018037" lon="130.4736543" />
  <node id="-4747" lat="33.6018858" lon="130.4735925" />
  <node id="-4748" lat="33.6019645" lon="130.4733378" />
  <node id="-4749" lat="33.6019875" lon="130.4731729" />
  <node id="-4750" lat="33.6019936" lon="130.4727852" />
  <node id="-4751" lat="33.6019897" lon="130.4726456" />
  <node id="-4752" lat="33.602007" lon="130.4724044" />
  <node id="-4753" lat="33.602065" lon="130.4721442" />
  <node id="-4754" lat="33.6021008" lon="130.472112" />
  <node id="-4755" lat="33.6020919" lon="130.4720798" />
  <node id="-4756" lat="33.6021494" lon="130.4719061" />
  <node id="-4757" lat="33.6022393" lon="130.4717901" />
  <node id="-4758" lat="33.6023906" lon="130.4717278" />
  <node id="-4759" lat="33.6026481" lon="130.4715809" />
  <node id="-4760" lat="33.6027285" lon="130.4715675" />
  <node id="-4761" lat="33.6027531" lon="130.4716024" />
  <node id="-4762" lat="33.6029408" lon="130.4714173" />
  <node id="-4763" lat="33.60308" lon="130.4711941" />
  <node id="-4764" lat="33.6031999" lon="130.4709586" />
  <node id="-4765" lat="33.6033094" lon="130.4707226" />
  <node id="-4766" lat="33.6033593" lon="130.4706475" />
  <node id="-4767" lat="33.6033965" lon="130.4705992" />
  <node id="-4768" lat="33.6034255" lon="130.4702908" />
  <node id="-4769" lat="33.6034412" lon="130.4701996" />
  <node id="-4770" lat="33.6034747" lon="130.4701138" />
  <node id="-4771" lat="33.6035393" lon="130.470006" />
  <node id="-4772" lat="33.6036087" lon="130.4698402" />
  <node id="-4773" lat="33.6037198" lon="130.469682" />
  <node id="-4774" lat="33.604022" lon="130.4695934" />
  <node id="-4775" lat="33.6041002" lon="130.4695451" />
  <node id="-4776" lat="33.6044727" lon="130.4695375" />
  <node id="-4777" lat="33.6051283" lon="130.4694768" />
  <node id="-4778" lat="33.6052351" lon="130.4694888" />
  <node id="-4779" lat="33.6054115" lon="130.4693949" />
  <node id="-4780" lat="33.6055884" lon="130.4692246" />
  <node id="-4781" lat="33.605693" lon="130.4691079" />
  <node id="-4782" lat="33.6057712" lon="130.4689631" />
  <node id="-4783" lat="33.6059209" lon="130.4686385" />
  <node id="-4784" lat="33.6060683" lon="130.4683998" />
  <node id="-4785" lat="33.6061187" lon="130.4683324" />
  <node id="-4786" lat="33.6062358" lon="130.4681933" />
  <node id="-4787" lat="33.606247" lon="130.4681101" />
  <node id="-4788" lat="33.606457" lon="130.4678795" />
  <node id="-4789" lat="33.6066402" lon="130.4677883" />
  <node id="-4790" lat="33.6068323" lon="130.4675925" />
  <node id="-4791" lat="33.6071766" lon="130.4673085" />
  <node id="-4792" lat="33.6076251" lon="130.4670144" />
  <node id="-4793" lat="33.6076732" lon="130.4669859" />
  <node id="-4794" lat="33.6081023" lon="130.4666845" />
  <node id="-4795" lat="33.608224" lon="130.4665866" />
  <node id="-4796" lat="33.608333" lon="130.4664612" />
  <node id="-4797" lat="33.6084228" lon="130.4663265" />
  <node id="-4798" lat="33.6084939" lon="130.4661832" />
  <node id="-4799" lat="33.6087557" lon="130.4654682" />
  <node id="-4800" lat="33.6088591" lon="130.4652899" />
  <node id="-4801" lat="33.6090282" lon="130.4650269" />
  <node id="-4802" lat="33.6095007" lon="130.4646035" />
  <node id="-4803" lat="33.6096101" lon="130.4644771" />
  <node id="-4804" lat="33.6096805" lon="130.4643658" />
  <node id="-4805" lat="33.6097353" lon="130.4642506" />
  <node id="-4806" lat="33.6098178" lon="130.4639581" />
  <node id="-4807" lat="33.6099082" lon="130.4636202" />
  <node id="-4808" lat="33.6099638" lon="130.4634796" />
  <node id="-4809" lat="33.6101328" lon="130.4632151" />
  <node id="-4810" lat="33.6103484" lon="130.4629496" />
  <node id="-4811" lat="33.6103573" lon="130.4629053" />
  <node id="-4812" lat="33.6105003" lon="130.4626881" />
  <node id="-4813" lat="33.6105727" lon="130.4624869" />
  <node id="-4814" lat="33.6106142" lon="130.462279" />
  <node id="-4815" lat="33.6106432" lon="130.4620416" />
  <node id="-4816" lat="33.6107321" lon="130.4619836" />
  <node id="-4817" lat="33.6107149" lon="130.4619745" />
  <node id="-4818" lat="33.610645" lon="130.4620084" />
  <node id="-4819" lat="33.6106609" lon="130.4616664" />
  <node id="-4820" lat="33.6106678" lon="130.4615615" />
  <node id="-4821" lat="33.6107125" lon="130.4614247" />
  <node id="-4822" lat="33.6107862" lon="130.4613362" />
  <node id="-4823" lat="33.6108557" lon="130.4612809" />
  <node id="-4824" lat="33.6112162" lon="130.4611456" />
  <node id="-4825" lat="33.6113995" lon="130.4610319" />
  <node id="-4826" lat="33.6116043" lon="130.4608253" />
  <node id="-4827" lat="33.6116373" lon="130.4608266" />
  <node id="-4828" lat="33.6117289" lon="130.4607421" />
  <node id="-4829" lat="33.6117576" lon="130.4607766" />
  <node id="-4830" lat="33.611773" lon="130.4607582" />
  <node id="-4831" lat="33.6117442" lon="130.4607237" />
  <node id="-4832" lat="33.6118361" lon="130.4606013" />
  <node id="-4833" lat="33.6119351" lon="130.4603962" />
  <node id="-4834" lat="33.6120181" lon="130.4601507" />
  <node id="-4835" lat="33.612055" lon="130.4599012" />
  <node id="-4836" lat="33.6120583" lon="130.4596598" />
  <node id="-4837" lat="33.6120242" lon="130.459428" />
  <node id="-4838" lat="33.6119477" lon="130.4590711" />
  <node id="-4839" lat="33.6117464" lon="130.4581859" />
  <node id="-4840" lat="33.6117168" lon="130.4579937" />
  <node id="-4841" lat="33.6117177" lon="130.4577595" />
  <node id="-4842" lat="33.6117344" lon="130.45762" />
  <node id="-4843" lat="33.6117478" lon="130.4574966" />
  <node id="-4844" lat="33.6117925" lon="130.4573008" />
  <node id="-4845" lat="33.6118352" lon="130.4572045" />
  <node id="-4846" lat="33.6119216" lon="130.4571003" />
  <node id="-4847" lat="33.6119232" lon="130.4570635" />
  <node id="-4848" lat="33.6119478" lon="130.4570299" />
  <node id="-4849" lat="33.6119455" lon="130.4569843" />
  <node id="-4850" lat="33.6119779" lon="130.4569515" />
  <node id="-4851" lat="33.6119941" lon="130.4569133" />
  <node id="-4852" lat="33.6120153" lon="130.4568791" />
  <node id="-4853" lat="33.6120416" lon="130.4568764" />
  <node id="-4854" lat="33.6122131" lon="130.4565772" />
  <node id="-4855" lat="33.612332" lon="130.4564452" />
  <node id="-4856" lat="33.6124615" lon="130.4563326" />
  <node id="-4857" lat="33.6127921" lon="130.4560322" />
  <node id="-4858" lat="33.6130175" lon="130.4557533" />
  <node id="-4859" lat="33.6133729" lon="130.4551846" />
  <node id="-4860" lat="33.6136977" lon="130.4545864" />
  <node id="-4861" lat="33.6138015" lon="130.4544494" />
  <node id="-4862" lat="33.6137929" lon="130.4543665" />
  <node id="-4863" lat="33.6138645" lon="130.4542348" />
  <node id="-4864" lat="33.6138724" lon="130.4541572" />
  <node id="-4865" lat="33.6139268" lon="130.4541117" />
  <node id="-4866" lat="33.6139444" lon="130.4540548" />
  <node id="-4867" lat="33.6141301" lon="130.453873" />
  <node id="-4868" lat="33.6143378" lon="130.4537147" />
  <node id="-4869" lat="33.6145746" lon="130.4535887" />
  <node id="-4870" lat="33.6148538" lon="130.4535511" />
  <node id="-4871" lat="33.6149287" lon="130.4534867" />
  <node id="-4872" lat="33.6152219" lon="130.4531818" />
  <node id="-4873" lat="33.616098" lon="130.4524541" />
  <node id="-4874" lat="33.6161081" lon="130.4524697" />
  <node id="-4875" lat="33.6165426" lon="130.4520639" />
  <node id="-4876" lat="33.6165325" lon="130.4520483" />
  <node id="-4877" lat="33.6167792" lon="130.451805" />
  <node id="-4878" lat="33.6170607" lon="130.4515663" />
  <node id="-4879" lat="33.617261" lon="130.4514094" />
  <node id="-4880" lat="33.617456" lon="130.4512525" />
  <node id="-4881" lat="33.6180146" lon="130.4509034" />
  <node id="-4882" lat="33.6186413" lon="130.4505195" />
  <node id="-4883" lat="33.618718" lon="130.4504813" />
  <node id="-4884" lat="33.6188007" lon="130.450425" />
  <node id="-4885" lat="33.6188945" lon="130.4503781" />
  <node id="-4886" lat="33.6192329" lon="130.4502547" />
  <node id="-4887" lat="33.6193583" lon="130.4501998" />
  <node id="-4888" lat="33.6195054" lon="130.4501085" />
  <node id="-4889" lat="33.6196382" lon="130.4499873" />
  <node id="-4890" lat="33.6197868" lon="130.4497705" />
  <node id="-4891" lat="33.6198415" lon="130.4496202" />
  <node id="-4892" lat="33.6198906" lon="130.4495372" />
  <node id="-4893" lat="33.619923" lon="130.4494353" />
  <node id="-4894" lat="33.6199052" lon="130.4492971" />
  <node id="-4895" lat="33.619907" lon="130.4491608" />
  <node id="-4896" lat="33.619923" lon="130.4487137" />
  <node id="-4897" lat="33.6199387" lon="130.4485354" />
  <node id="-4898" lat="33.6199621" lon="130.4483248" />
  <node id="-4899" lat="33.6199677" lon="130.4482082" />
  <node id="-4900" lat="33.6199905" lon="130.4481033" />
  <node id="-4901" lat="33.6199454" lon="130.4478005" />
  <node id="-4902" lat="33.6199643" lon="130.4475456" />
  <node id="-4903" lat="33.6200291" lon="130.4471996" />
  <node id="-4904" lat="33.6201051" lon="130.4468657" />
  <node id="-4905" lat="33.620124" lon="130.4468483" />
  <node id="-4906" lat="33.6201386" lon="130.446851" />
  <node id="-4907" lat="33.6201363" lon="130.447024" />
  <node id="-4908" lat="33.6201051" lon="130.4471822" />
  <node id="-4909" lat="33.6201196" lon="130.4473606" />
  <node id="-4910" lat="33.6200917" lon="130.4476811" />
  <node id="-4911" lat="33.6201966" lon="130.4471715" />
  <node id="-4912" lat="33.6201946" lon="130.4471353" />
  <node id="-4913" lat="33.6201665" lon="130.4470709" />
  <node id="-4914" lat="33.6201777" lon="130.4469502" />
  <node id="-4915" lat="33.6202257" lon="130.446741" />
  <node id="-4916" lat="33.6202815" lon="130.4466283" />
  <node id="-4917" lat="33.6203238" lon="130.4465782" />
  <node id="-4918" lat="33.6203429" lon="130.4465345" />
  <node id="-4919" lat="33.6205283" lon="130.4463199" />
  <node id="-4920" lat="33.6205641" lon="130.4462622" />
  <node id="-4921" lat="33.6206048" lon="130.4462059" />
  <node id="-4922" lat="33.6206216" lon="130.4462025" />
  <node id="-4923" lat="33.6206227" lon="130.4462361" />
  <node id="-4924" lat="33.6206138" lon="130.4462488" />
  <node id="-4925" lat="33.6206149" lon="130.4462743" />
  <node id="-4926" lat="33.6206277" lon="130.4462649" />
  <node id="-4927" lat="33.6206634" lon="130.4461965" />
  <node id="-4928" lat="33.620726" lon="130.4461254" />
  <node id="-4929" lat="33.620787" lon="130.44604" />
  <node id="-4930" lat="33.6208902" lon="130.4459082" />
  <node id="-4931" lat="33.6209605" lon="130.4457338" />
  <node id="-4932" lat="33.6210152" lon="130.4456373" />
  <node id="-4933" lat="33.6210943" lon="130.4455271" />
  <node id="-4934" lat="33.6212598" lon="130.4452121" />
  <node id="-4935" lat="33.6213656" lon="130.4449856" />
  <node id="-4936" lat="33.6214809" lon="130.4447789" />
  <node id="-4937" lat="33.6215291" lon="130.4446039" />
  <node id="-4938" lat="33.6215423" lon="130.4444745" />
  <node id="-4939" lat="33.6215611" lon="130.4443488" />
  <node id="-4940" lat="33.6215044" lon="130.4442452" />
  <node id="-4941" lat="33.6214228" lon="130.444154" />
  <node id="-4942" lat="33.6213777" lon="130.444123" />
  <node id="-4943" lat="33.6211425" lon="130.4437906" />
  <node id="-4944" lat="33.6210956" lon="130.4437463" />
  <node id="-4945" lat="33.6210577" lon="130.4436471" />
  <node id="-4946" lat="33.6209851" lon="130.4434942" />
  <node id="-4947" lat="33.6208952" lon="130.4432834" />
  <node id="-4948" lat="33.6208555" lon="130.4432139" />
  <node id="-4949" lat="33.6207997" lon="130.4430248" />
  <node id="-4950" lat="33.6207676" lon="130.4428613" />
  <node id="-4951" lat="33.6206076" lon="130.4422778" />
  <node id="-4952" lat="33.6205414" lon="130.4420016" />
  <node id="-4953" lat="33.6204601" lon="130.4414505" />
  <node id="-4954" lat="33.6204736" lon="130.4411767" />
  <node id="-4955" lat="33.6204792" lon="130.4408227" />
  <node id="-4956" lat="33.6204661" lon="130.4406369" />
  <node id="-4957" lat="33.6204233" lon="130.4404633" />
  <node id="-4958" lat="33.620379" lon="130.4403249" />
  <node id="-4959" lat="33.6203105" lon="130.4401642" />
  <node id="-4960" lat="33.6202581" lon="130.4401106" />
  <node id="-4961" lat="33.6201377" lon="130.4400505" />
  <node id="-4962" lat="33.6200414" lon="130.4400006" />
  <node id="-4963" lat="33.6200269" lon="130.4399697" />
  <node id="-4964" lat="33.6199103" lon="130.4398968" />
  <node id="-4965" lat="33.6197689" lon="130.4397941" />
  <node id="-4966" lat="33.6196241" lon="130.4395588" />
  <node id="-4967" lat="33.6196338" lon="130.4395446" />
  <node id="-4968" lat="33.6195846" lon="130.439444" />
  <node id="-4969" lat="33.6195768" lon="130.4393864" />
  <node id="-4970" lat="33.6195478" lon="130.4393703" />
  <node id="-4971" lat="33.6195193" lon="130.4392341" />
  <node id="-4972" lat="33.6195332" lon="130.4388851" />
  <node id="-4973" lat="33.6195255" lon="130.4388419" />
  <node id="-4974" lat="33.6194975" lon="130.4387574" />
  <node id="-4975" lat="33.6194998" lon="130.4387064" />
  <node id="-4976" lat="33.619513" lon="130.4386692" />
  <node id="-4977" lat="33.6194794" lon="130.438424" />
  <node id="-4978" lat="33.6191722" lon="130.4372727" />
  <node id="-4979" lat="33.6191603" lon="130.4370904" />
  <node id="-4980" lat="33.6191879" lon="130.4368848" />
  <node id="-4981" lat="33.6191862" lon="130.4367349" />
  <node id="-4982" lat="33.6192865" lon="130.4364856" />
  <node id="-4983" lat="33.6194134" lon="130.4362214" />
  <node id="-4984" lat="33.6196215" lon="130.4358821" />
  <node id="-4985" lat="33.6197644" lon="130.4357131" />
  <node id="-4986" lat="33.6198566" lon="130.4356193" />
  <node id="-4987" lat="33.6199565" lon="130.4355495" />
  <node id="-4988" lat="33.6200424" lon="130.4355463" />
  <node id="-4989" lat="33.620171" lon="130.4355696" />
  <node id="-4990" lat="33.6205239" lon="130.4355656" />
  <node id="-4991" lat="33.6206523" lon="130.4355508" />
  <node id="-4992" lat="33.6207796" lon="130.4354985" />
  <node id="-4993" lat="33.6209966" lon="130.4353284" />
  <node id="-4994" lat="33.6215987" lon="130.4347875" />
  <node id="-4995" lat="33.6222224" lon="130.4341829" />
  <node id="-4996" lat="33.6224346" lon="130.4339589" />
  <node id="-4997" lat="33.6226414" lon="130.4337154" />
  <node id="-4998" lat="33.6228433" lon="130.4334399" />
  <node id="-4999" lat="33.6230365" lon="130.4331543" />
  <node id="-5000" lat="33.6234172" lon="130.4324883" />
  <node id="-5001" lat="33.623706" lon="130.4319271" />
  <node id="-5002" lat="33.6238453" lon="130.4316102" />
  <node id="-5003" lat="33.6241694" lon="130.430878" />
  <node id="-5004" lat="33.6242174" lon="130.4307571" />
  <node id="-5005" lat="33.624028" lon="130.4307229" />
  <node id="-5006" lat="33.6238387" lon="130.4306886" />
  <node id="-5007" lat="33.6238554" lon="130.4308221" />
  <node id="-5008" lat="33.6235809" lon="130.4314747" />
  <node id="-5009" lat="33.6234418" lon="130.4317745" />
  <node id="-5010" lat="33.6231406" lon="130.432339" />
  <node id="-5011" lat="33.6227797" lon="130.4329531" />
  <node id="-5012" lat="33.6225898" lon="130.4332481" />
  <node id="-5013" lat="33.6223946" lon="130.4335264" />
  <node id="-5014" lat="33.6222113" lon="130.4337336" />
  <node id="-5015" lat="33.6220348" lon="130.4339361" />
  <node id="-5016" lat="33.6214129" lon="130.4345155" />
  <node id="-5017" lat="33.6208805" lon="130.434986" />
  <node id="-5018" lat="33.6207617" lon="130.435068" />
  <node id="-5019" lat="33.6206076" lon="130.4352397" />
  <node id="-5020" lat="33.6204222" lon="130.4352397" />
  <node id="-5021" lat="33.6203262" lon="130.4352048" />
  <node id="-5022" lat="33.6202346" lon="130.4351968" />
  <node id="-5023" lat="33.6199695" lon="130.4351857" />
  <node id="-5024" lat="33.6199018" lon="130.4351941" />
  <node id="-5025" lat="33.6198192" lon="130.4352424" />
  <node id="-5026" lat="33.6196159" lon="130.4354517" />
  <node id="-5027" lat="33.6195366" lon="130.4355495" />
  <node id="-5028" lat="33.619226" lon="130.4360987" />
  <node id="-5029" lat="33.6190676" lon="130.4364547" />
  <node id="-5030" lat="33.6190196" lon="130.4364735" />
  <node id="-5031" lat="33.6189961" lon="130.4365258" />
  <node id="-5032" lat="33.6190255" lon="130.4365834" />
  <node id="-5033" lat="33.6189163" lon="130.4368994" />
  <node id="-5034" lat="33.6189034" lon="130.4371092" />
  <node id="-5035" lat="33.6189147" lon="130.4372861" />
  <node id="-5036" lat="33.6189548" lon="130.4374042" />
  <node id="-5037" lat="33.6189615" lon="130.4374874" />
  <node id="-5038" lat="33.6189805" lon="130.4375061" />
  <node id="-5039" lat="33.6189827" lon="130.4374753" />
  <node id="-5040" lat="33.6190017" lon="130.4374605" />
  <node id="-5041" lat="33.6190441" lon="130.4374874" />
  <node id="-5042" lat="33.6191022" lon="130.4375651" />
  <node id="-5043" lat="33.6191524" lon="130.4376993" />
  <node id="-5044" lat="33.6191848" lon="130.4378387" />
  <node id="-5045" lat="33.619167" lon="130.4379058" />
  <node id="-5046" lat="33.6191726" lon="130.4379594" />
  <node id="-5047" lat="33.6192273" lon="130.4382786" />
  <node id="-5048" lat="33.6192105" lon="130.4383644" />
  <node id="-5049" lat="33.6192061" lon="130.4384114" />
  <node id="-5050" lat="33.6192189" lon="130.4384583" />
  <node id="-5051" lat="33.6192518" lon="130.4386273" />
  <node id="-5052" lat="33.6192561" lon="130.4387602" />
  <node id="-5053" lat="33.6192627" lon="130.4388599" />
  <node id="-5054" lat="33.619297" lon="130.4392207" />
  <node id="-5055" lat="33.6193434" lon="130.439546" />
  <node id="-5056" lat="33.6193903" lon="130.4396921" />
  <node id="-5057" lat="33.6194626" lon="130.439835" />
  <node id="-5058" lat="33.6195567" lon="130.4400019" />
  <node id="-5059" lat="33.6196271" lon="130.4400931" />
  <node id="-5060" lat="33.6197199" lon="130.4401657" />
  <node id="-5061" lat="33.6198694" lon="130.4402849" />
  <node id="-5062" lat="33.6198784" lon="130.4402192" />
  <node id="-5063" lat="33.6199699" lon="130.4401776" />
  <node id="-5064" lat="33.6200168" lon="130.4402286" />
  <node id="-5065" lat="33.620032" lon="130.4402088" />
  <node id="-5066" lat="33.6202007" lon="130.4403885" />
  <node id="-5067" lat="33.6201888" lon="130.4404123" />
  <node id="-5068" lat="33.620229" lon="130.4405692" />
  <node id="-5069" lat="33.6202378" lon="130.4406685" />
  <node id="-5070" lat="33.6202804" lon="130.4408589" />
  <node id="-5071" lat="33.620261" lon="130.4414207" />
  <node id="-5072" lat="33.620286" lon="130.4417896" />
  <node id="-5073" lat="33.6203239" lon="130.442019" />
  <node id="-5074" lat="33.6203433" lon="130.4422492" />
  <node id="-5075" lat="33.6205741" lon="130.442998" />
  <node id="-5076" lat="33.6205912" lon="130.4429815" />
  <node id="-5077" lat="33.6206378" lon="130.4431361" />
  <node id="-5078" lat="33.6206869" lon="130.4432514" />
  <node id="-5079" lat="33.6206956" lon="130.4433295" />
  <node id="-5080" lat="33.6207204" lon="130.4434231" />
  <node id="-5081" lat="33.6207841" lon="130.4435599" />
  <node id="-5082" lat="33.6208365" lon="130.4436323" />
  <node id="-5083" lat="33.6209683" lon="130.4439528" />
  <node id="-5084" lat="33.6209962" lon="130.4439837" />
  <node id="-5085" lat="33.6210219" lon="130.4439877" />
  <node id="-5086" lat="33.6210364" lon="130.4439971" />
  <node id="-5087" lat="33.6210448" lon="130.4440206" />
  <node id="-5088" lat="33.6210437" lon="130.4440413" />
  <node id="-5089" lat="33.6210337" lon="130.4440682" />
  <node id="-5090" lat="33.6210376" lon="130.4441285" />
  <node id="-5091" lat="33.621051" lon="130.4441634" />
  <node id="-5092" lat="33.6210476" lon="130.4441822" />
  <node id="-5093" lat="33.6211165" lon="130.4442641" />
  <node id="-5094" lat="33.6211459" lon="130.4442184" />
  <node id="-5095" lat="33.6212118" lon="130.4442385" />
  <node id="-5096" lat="33.6212698" lon="130.4442988" />
  <node id="-5097" lat="33.6213101" lon="130.44439" />
  <node id="-5098" lat="33.6213067" lon="130.4444926" />
  <node id="-5099" lat="33.6212712" lon="130.4446124" />
  <node id="-5100" lat="33.6212296" lon="130.4447401" />
  <node id="-5101" lat="33.6211699" lon="130.4447798" />
  <node id="-5102" lat="33.6210856" lon="130.4449184" />
  <node id="-5103" lat="33.6209095" lon="130.4451939" />
  <node id="-5104" lat="33.6207383" lon="130.4455782" />
  <node id="-5105" lat="33.620755" lon="130.4455742" />
  <node id="-5106" lat="33.6206847" lon="130.4457231" />
  <node id="-5107" lat="33.6206188" lon="130.4458129" />
  <node id="-5108" lat="33.6205976" lon="130.4458733" />
  <node id="-5109" lat="33.6205589" lon="130.4459347" />
  <node id="-5110" lat="33.6205026" lon="130.4460476" />
  <node id="-5111" lat="33.6204591" lon="130.4461616" />
  <node id="-5112" lat="33.620391" lon="130.4462461" />
  <node id="-5113" lat="33.6203139" lon="130.4463172" />
  <node id="-5114" lat="33.6201338" lon="130.4465941" />
  <node id="-5115" lat="33.620073" lon="130.4467182" />
  <node id="-5116" lat="33.6200101" lon="130.4469059" />
  <node id="-5117" lat="33.6199643" lon="130.4470964" />
  <node id="-5118" lat="33.6198817" lon="130.4474907" />
  <node id="-5119" lat="33.6198315" lon="130.4477978" />
  <node id="-5120" lat="33.6198683" lon="130.4481719" />
  <node id="-5121" lat="33.6198581" lon="130.448348" />
  <node id="-5122" lat="33.6198627" lon="130.4485367" />
  <node id="-5123" lat="33.6198437" lon="130.448699" />
  <node id="-5124" lat="33.6197756" lon="130.4488559" />
  <node id="-5125" lat="33.6197008" lon="130.4489404" />
  <node id="-5126" lat="33.6196673" lon="130.4489914" />
  <node id="-5127" lat="33.6196204" lon="130.449049" />
  <node id="-5128" lat="33.6196131" lon="130.4491061" />
  <node id="-5129" lat="33.6195947" lon="130.4492207" />
  <node id="-5130" lat="33.6195567" lon="130.4493307" />
  <node id="-5131" lat="33.619535" lon="130.4494443" />
  <node id="-5132" lat="33.6194745" lon="130.4496701" />
  <node id="-5133" lat="33.6194117" lon="130.4497707" />
  <node id="-5134" lat="33.6193163" lon="130.4498603" />
  <node id="-5135" lat="33.6191413" lon="130.4499409" />
  <node id="-5136" lat="33.6188286" lon="130.4500535" />
  <node id="-5137" lat="33.6185166" lon="130.4502269" />
  <node id="-5138" lat="33.6178861" lon="130.4506266" />
  <node id="-5139" lat="33.6173488" lon="130.4509944" />
  <node id="-5140" lat="33.6171076" lon="130.4511559" />
  <node id="-5141" lat="33.6169088" lon="130.4513168" />
  <node id="-5142" lat="33.6166318" lon="130.4515582" />
  <node id="-5143" lat="33.6163877" lon="130.451798" />
  <node id="-5144" lat="33.6161605" lon="130.452033" />
  <node id="-5145" lat="33.6159617" lon="130.4522073" />
  <node id="-5146" lat="33.6149661" lon="130.4529922" />
  <node id="-5147" lat="33.6147779" lon="130.4531072" />
  <node id="-5148" lat="33.6147611" lon="130.4531287" />
  <node id="-5149" lat="33.6146751" lon="130.4532105" />
  <node id="-5150" lat="33.6145143" lon="130.4534116" />
  <node id="-5151" lat="33.6142846" lon="130.4535946" />
  <node id="-5152" lat="33.613871" lon="130.4539239" />
  <node id="-5153" lat="33.6137258" lon="130.4540661" />
  <node id="-5154" lat="33.6135915" lon="130.4542364" />
  <node id="-5155" lat="33.6135561" lon="130.4542469" />
  <node id="-5156" lat="33.6134729" lon="130.4543929" />
  <node id="-5157" lat="33.6131719" lon="130.4548681" />
  <node id="-5158" lat="33.6128018" lon="130.4555112" />
  <node id="-5159" lat="33.6125933" lon="130.4557693" />
  <node id="-5160" lat="33.6121868" lon="130.4561233" />
  <node id="-5161" lat="33.6120617" lon="130.4562548" />
  <node id="-5162" lat="33.6119606" lon="130.4564098" />
  <node id="-5163" lat="33.6118115" lon="130.4566517" />
  <node id="-5164" lat="33.6116928" lon="130.4569099" />
  <node id="-5165" lat="33.6115633" lon="130.4572042" />
  <node id="-5166" lat="33.6114485" lon="130.4575516" />
  <node id="-5167" lat="33.6114125" lon="130.4577549" />
  <node id="-5168" lat="33.6114128" lon="130.4580331" />
  <node id="-5169" lat="33.6114394" lon="130.4582512" />
  <node id="-5170" lat="33.6116628" lon="130.4591857" />
  <node id="-5171" lat="33.6117349" lon="130.4595043" />
  <node id="-5172" lat="33.6117534" lon="130.4596947" />
  <node id="-5173" lat="33.6117445" lon="130.4598892" />
  <node id="-5174" lat="33.6117177" lon="130.460085" />
  <node id="-5175" lat="33.6116607" lon="130.4602596" />
  <node id="-5176" lat="33.6115412" lon="130.4604538" />
  <node id="-5177" lat="33.6113324" lon="130.4606497" />
  <node id="-5178" lat="33.6112419" lon="130.460714" />
  <node id="-5179" lat="33.6112586" lon="130.460744" />
  <node id="-5180" lat="33.6110654" lon="130.4608695" />
  <node id="-5181" lat="33.6109403" lon="130.4609326" />
  <node id="-5182" lat="33.6107962" lon="130.4609714" />
  <node id="-5183" lat="33.6107382" lon="130.4609996" />
  <node id="-5184" lat="33.610654" lon="130.4610638" />
  <node id="-5185" lat="33.6106053" lon="130.4611136" />
  <node id="-5186" lat="33.6105539" lon="130.4611713" />
  <node id="-5187" lat="33.6104712" lon="130.4613242" />
  <node id="-5188" lat="33.6104187" lon="130.4614623" />
  <node id="-5189" lat="33.6104031" lon="130.4616648" />
  <node id="-5190" lat="33.6103808" lon="130.4618282" />
  <node id="-5191" lat="33.6103777" lon="130.4621531" />
  <node id="-5192" lat="33.6103232" lon="130.462454" />
  <node id="-5193" lat="33.6102702" lon="130.4625794" />
  <node id="-5194" lat="33.6101283" lon="130.4627793" />
  <node id="-5195" lat="33.6098625" lon="130.463122" />
  <node id="-5196" lat="33.6097763" lon="130.4633836" />
  <node id="-5197" lat="33.6096123" lon="130.4638481" />
  <node id="-5198" lat="33.6095576" lon="130.4639675" />
  <node id="-5199" lat="33.6095476" lon="130.4640278" />
  <node id="-5200" lat="33.6094933" lon="130.4641387" />
  <node id="-5201" lat="33.6093539" lon="130.4643362" />
  <node id="-5202" lat="33.6088417" lon="130.4648231" />
  <node id="-5203" lat="33.6086473" lon="130.4651176" />
  <node id="-5204" lat="33.608539" lon="130.4653019" />
  <node id="-5205" lat="33.6082487" lon="130.4660904" />
  <node id="-5206" lat="33.6082117" lon="130.4661669" />
  <node id="-5207" lat="33.6081578" lon="130.4662403" />
  <node id="-5208" lat="33.6080319" lon="130.4663815" />
  <node id="-5209" lat="33.6079414" lon="130.4664391" />
  <node id="-5210" lat="33.6076354" lon="130.4666631" />
  <node id="-5211" lat="33.6075397" lon="130.4667215" />
  <node id="-5212" lat="33.6074931" lon="130.466756" />
  <node id="-5213" lat="33.607079" lon="130.4670761" />
  <node id="-5214" lat="33.6066581" lon="130.4674047" />
  <node id="-5215" lat="33.6064905" lon="130.467571" />
  <node id="-5216" lat="33.6063185" lon="130.4677024" />
  <node id="-5217" lat="33.6061107" lon="130.467917" />
  <node id="-5218" lat="33.6059302" lon="130.4681207" />
  <node id="-5219" lat="33.6058695" lon="130.4682094" />
  <node id="-5220" lat="33.6057623" lon="130.4684535" />
  <node id="-5221" lat="33.6056238" lon="130.4688263" />
  <node id="-5222" lat="33.6054434" lon="130.4690319" />
  <node id="-5223" lat="33.6051904" lon="130.469183" />
  <node id="-5224" lat="33.6050674" lon="130.4692348" />
  <node id="-5225" lat="33.6044506" lon="130.4693028" />
  <node id="-5226" lat="33.6040555" lon="130.4693708" />
  <node id="-5227" lat="33.6038478" lon="130.4694405" />
  <node id="-5228" lat="33.6036711" lon="130.4695342" />
  <node id="-5229" lat="33.6035037" lon="130.4696417" />
  <node id="-5230" lat="33.6033566" lon="130.4697852" />
  <node id="-5231" lat="33.6033407" lon="130.4698402" />
  <node id="-5232" lat="33.6032602" lon="130.4700199" />
  <node id="-5233" lat="33.6031749" lon="130.4703512" />
  <node id="-5234" lat="33.6031441" lon="130.4704544" />
  <node id="-5235" lat="33.6030927" lon="130.4707012" />
  <node id="-5236" lat="33.6030391" lon="130.4708326" />
  <node id="-5237" lat="33.6030033" lon="130.4709157" />
  <node id="-5238" lat="33.6029146" lon="130.4710265" />
  <node id="-5239" lat="33.6027978" lon="130.4711732" />
  <node id="-5240" lat="33.6027643" lon="130.471184" />
  <node id="-5241" lat="33.6025811" lon="130.471369" />
  <node id="-5242" lat="33.6022761" lon="130.4715896" />
  <node id="-5243" lat="33.6020963" lon="130.4716936" />
  <node id="-5244" lat="33.6019466" lon="130.4718278" />
  <node id="-5245" lat="33.6018595" lon="130.4721388" />
  <node id="-5246" lat="33.6017903" lon="130.4723722" />
  <node id="-5247" lat="33.6017781" lon="130.4726054" />
  <node id="-5248" lat="33.6018014" lon="130.4727316" />
  <node id="-5249" lat="33.6018273" lon="130.4730666" />
  <node id="-5250" lat="33.6018238" lon="130.4731178" />
  <node id="-5251" lat="33.6017769" lon="130.4732707" />
  <node id="-5252" lat="33.601711" lon="130.4733546" />
  <node id="-5253" lat="33.6016093" lon="130.4735523" />
  <node id="-5254" lat="33.6014909" lon="130.4737428" />
  <node id="-5255" lat="33.6013206" lon="130.4739102" />
  <node id="-5256" lat="33.6010812" lon="130.4741464" />
  <node id="-5257" lat="33.6010318" lon="130.4741934" />
  <node id="-5258" lat="33.6009193" lon="130.4743421" />
  <node id="-5259" lat="33.6008598" lon="130.4744455" />
  <node id="-5260" lat="33.6007995" lon="130.4746145" />
  <node id="-5261" lat="33.600766" lon="130.4748023" />
  <node id="-5262" lat="33.6007481" lon="130.4749994" />
  <node id="-5263" lat="33.6006911" lon="130.4751778" />
  <node id="-5264" lat="33.6005986" lon="130.4754202" />
  <node id="-5265" lat="33.600394" lon="130.4758358" />
  <node id="-5266" lat="33.600327" lon="130.4760092" />
  <node id="-5267" lat="33.6001695" lon="130.4765952" />
  <node id="-5268" lat="33.6000745" lon="130.4769024" />
  <node id="-5269" lat="33.5999137" lon="130.4773678" />
  <node id="-5270" lat="33.5997375" lon="130.4778526" />
  <node id="-5271" lat="33.599535" lon="130.4784138" />
  <node id="-5272" lat="33.5994367" lon="130.4786861" />
  <node id="-5273" lat="33.5990547" lon="130.4797684" />
  <node id="-5274" lat="33.5986577" lon="130.4808521" />
  <node id="-5275" lat="33.5985778" lon="130.4810956" />
  <node id="-5276" lat="33.5985284" lon="130.481385" />
  <node id="-5277" lat="33.5985149" lon="130.4816247" />
  <node id="-5278" lat="33.5985252" lon="130.4819396" />
  <node id="-5279" lat="33.5986246" lon="130.4826571" />
  <node id="-5280" lat="33.5986312" lon="130.4827899" />
  <node id="-5281" lat="33.5986727" lon="130.4829545" />
  <node id="-5282" lat="33.5986894" lon="130.4830366" />
  <node id="-5283" lat="33.598689" lon="130.4831241" />
  <node id="-5284" lat="33.5986849" lon="130.4832298" />
  <node id="-5285" lat="33.5986648" lon="130.4832928" />
  <node id="-5286" lat="33.5986201" lon="130.4833424" />
  <node id="-5287" lat="33.5985743" lon="130.4833947" />
  <node id="-5288" lat="33.5985471" lon="130.483394" />
  <node id="-5289" lat="33.5984526" lon="130.4835275" />
  <node id="-5290" lat="33.5983855" lon="130.4835905" />
  <node id="-5291" lat="33.5983106" lon="130.483644" />
  <node id="-5292" lat="33.5980919" lon="130.4837702" />
  <node id="-5293" lat="33.5978084" lon="130.4839667" />
  <node id="-5294" lat="33.5975362" lon="130.4841979" />
  <node id="-5295" lat="33.5972618" lon="130.4845628" />
  <node id="-5296" lat="33.5970499" lon="130.4849293" />
  <node id="-5297" lat="33.5969088" lon="130.4852495" />
  <node id="-5298" lat="33.5967864" lon="130.4855959" />
  <node id="-5299" lat="33.5966965" lon="130.4858476" />
  <node id="-5300" lat="33.5966479" lon="130.486113" />
  <node id="-5301" lat="33.5966141" lon="130.4863846" />
  <node id="-5302" lat="33.5966474" lon="130.4866385" />
  <node id="-5303" lat="33.5968229" lon="130.4875175" />
  <node id="-5304" lat="33.5969847" lon="130.4883286" />
  <node id="-5305" lat="33.5970897" lon="130.488975" />
  <node id="-5306" lat="33.5970897" lon="130.4890582" />
  <node id="-5307" lat="33.5970987" lon="130.4892379" />
  <node id="-5308" lat="33.5970952" lon="130.4897257" />
  <node id="-5309" lat="33.5972002" lon="130.4897364" />
  <node id="-5310" lat="33.5973052" lon="130.4897471" />
  <node id="-5311" lat="33.5973154" lon="130.4892486" />
  <node id="-5312" lat="33.5973065" lon="130.4890501" />
  <node id="-5313" lat="33.5972931" lon="130.4889053" />
  <node id="-5314" lat="33.5971836" lon="130.4882267" />
  <node id="-5315" lat="33.5970319" lon="130.4874323" />
  <way id="761934298">
    <nd ref="-5316" />
    <nd ref="-5317" />
    <tag k="layer" v="-1" />
    <tag k="tunnel" v="yes" />
    <tag k="waterway" v="stream" />
  </way>
  <node id="-5316" lat="33.5966831" lon="130.4380335" />
  <node id="-5317" lat="33.5965747" lon="130.4381266" />
  <way id="761934299">
    <nd ref="-5318" />
    <nd ref="-5319" />
    <nd ref="-5320" />
    <nd ref="-5321" />
    <nd ref="-5322" />
    <tag k="intermittent" v="no" />
    <tag k="waterway" v="stream" />
  </way>
  <node id="-5318" lat="33.5965747" lon="130.4381266" />
  <node id="-5319" lat="33.5964513" lon="130.4382337" />
  <node id="-5320" lat="33.596288" lon="130.438391" />
  <node id="-5321" lat="33.5961969" lon="130.4384865" />
  <node id="-5322" lat="33.5960981" lon="130.4385825" />
  <way id="761934300">
    <nd ref="-5323" />
    <nd ref="-5324" />
    <nd ref="-5325" />
    <nd ref="-5326" />
    <nd ref="-5327" />
    <nd ref="-5328" />
    <nd ref="-5329" />
    <nd ref="-5330" />
    <nd ref="-5331" />
    <nd ref="-5332" />
    <nd ref="-5333" />
    <nd ref="-5334" />
    <nd ref="-5335" />
    <tag k="natural" v="water" />
    <tag k="water" v="river" />
  </way>
  <node id="-5323" lat="33.5965712" lon="130.4381201" />
  <node id="-5324" lat="33.5964474" lon="130.438229" />
  <node id="-5325" lat="33.5962843" lon="130.4383859" />
  <node id="-5326" lat="33.5961938" lon="130.4384818" />
  <node id="-5327" lat="33.5960933" lon="130.4385774" />
  <node id="-5328" lat="33.5960981" lon="130.4385825" />
  <node id="-5329" lat="33.5961028" lon="130.4385877" />
  <node id="-5330" lat="33.5962" lon="130.4384912" />
  <node id="-5331" lat="33.5962916" lon="130.438396" />
  <node id="-5332" lat="33.5964552" lon="130.4382384" />
  <node id="-5333" lat="33.5965781" lon="130.4381331" />
  <node id="-5334" lat="33.5965747" lon="130.4381266" />
  <node id="-5335" lat="33.5965712" lon="130.4381201" />
  <way id="761934301">
    <nd ref="-5336" />
    <nd ref="-5337" />
    <tag k="layer" v="-1" />
    <tag k="tunnel" v="yes" />
    <tag k="waterway" v="stream" />
  </way>
  <node id="-5336" lat="33.5960981" lon="130.4385825" />
  <node id="-5337" lat="33.5960397" lon="130.4386437" />
  <way id="761934302">
    <nd ref="-5338" />
    <nd ref="-5339" />
    <nd ref="-5340" />
    <nd ref="-5341" />
    <nd ref="-5342" />
    <nd ref="-5343" />
    <nd ref="-5344" />
    <nd ref="-5345" />
    <nd ref="-5346" />
    <nd ref="-5347" />
    <nd ref="-5348" />
    <tag k="waterway" v="stream" />
  </way>
  <node id="-5338" lat="33.5985749" lon="130.4363766" />
  <node id="-5339" lat="33.5985544" lon="130.4363962" />
  <node id="-5340" lat="33.5985306" lon="130.4364143" />
  <node id="-5341" lat="33.5984286" lon="130.4364798" />
  <node id="-5342" lat="33.5980155" lon="130.4368262" />
  <node id="-5343" lat="33.5977367" lon="130.4370793" />
  <node id="-5344" lat="33.5974609" lon="130.4373381" />
  <node id="-5345" lat="33.5971695" lon="130.4375869" />
  <node id="-5346" lat="33.5968817" lon="130.4378394" />
  <node id="-5347" lat="33.5968189" lon="130.4379118" />
  <node id="-5348" lat="33.5966831" lon="130.4380335" />
  <way id="761934304">
    <nd ref="-5349" />
    <nd ref="-5350" />
    <nd ref="-5351" />
    <tag k="layer" v="-1" />
    <tag k="tunnel" v="yes" />
    <tag k="waterway" v="stream" />
  </way>
  <node id="-5349" lat="33.5960342" lon="130.4386347" />
  <node id="-5350" lat="33.5960397" lon="130.4386437" />
  <node id="-5351" lat="33.5963933" lon="130.4392276" />
  <way id="761934305">
    <nd ref="-5352" />
    <nd ref="-5353" />
    <tag k="waterway" v="stream" />
  </way>
  <node id="-5352" lat="33.5958387" lon="130.4383433" />
  <node id="-5353" lat="33.5960342" lon="130.4386347" />
  <way id="761934306">
    <nd ref="-5354" />
    <nd ref="-5355" />
    <tag k="layer" v="-1" />
    <tag k="tunnel" v="yes" />
    <tag k="waterway" v="stream" />
  </way>
  <node id="-5354" lat="33.5957536" lon="130.4382144" />
  <node id="-5355" lat="33.5958387" lon="130.4383433" />
  <way id="761934307">
    <nd ref="-5356" />
    <nd ref="-5357" />
    <tag k="layer" v="-1" />
    <tag k="tunnel" v="yes" />
    <tag k="waterway" v="stream" />
  </way>
  <node id="-5356" lat="33.5947012" lon="130.436905" />
  <node id="-5357" lat="33.5947494" lon="130.4368664" />
  <way id="761934308">
    <nd ref="-5358" />
    <nd ref="-5359" />
    <tag k="waterway" v="stream" />
  </way>
  <node id="-5358" lat="33.5941596" lon="130.4374361" />
  <node id="-5359" lat="33.5947012" lon="130.436905" />
  <way id="761934309">
    <nd ref="-5360" />
    <nd ref="-5361" />
    <tag k="layer" v="-1" />
    <tag k="tunnel" v="yes" />
    <tag k="waterway" v="stream" />
  </way>
  <node id="-5360" lat="33.5936809" lon="130.4378984" />
  <node id="-5361" lat="33.5941596" lon="130.4374361" />
  <way id="761934310">
    <nd ref="-5362" />
    <nd ref="-5363" />
    <tag k="waterway" v="stream" />
  </way>
  <node id="-5362" lat="33.5934307" lon="130.4381257" />
  <node id="-5363" lat="33.5936809" lon="130.4378984" />
  <way id="761934311">
    <nd ref="-5364" />
    <nd ref="-5365" />
    <tag k="layer" v="-1" />
    <tag k="tunnel" v="yes" />
    <tag k="waterway" v="stream" />
  </way>
  <node id="-5364" lat="33.5933916" lon="130.438164" />
  <node id="-5365" lat="33.5934307" lon="130.4381257" />
  <way id="761934312">
    <nd ref="-5366" />
    <nd ref="-5367" />
    <tag k="waterway" v="stream" />
  </way>
  <node id="-5366" lat="33.5933279" lon="130.4382223" />
  <node id="-5367" lat="33.5933916" lon="130.438164" />
  <way id="761934313">
    <nd ref="-5368" />
    <nd ref="-5369" />
    <tag k="layer" v="-1" />
    <tag k="tunnel" v="yes" />
    <tag k="waterway" v="stream" />
  </way>
  <node id="-5368" lat="33.5930676" lon="130.4384617" />
  <node id="-5369" lat="33.5933279" lon="130.4382223" />
  <way id="761934314">
    <nd ref="-5370" />
    <nd ref="-5371" />
    <tag k="waterway" v="stream" />
  </way>
  <node id="-5370" lat="33.5927258" lon="130.4387782" />
  <node id="-5371" lat="33.5930676" lon="130.4384617" />
  <way id="761934315">
    <nd ref="-5372" />
    <nd ref="-5373" />
    <tag k="layer" v="-1" />
    <tag k="tunnel" v="yes" />
    <tag k="waterway" v="stream" />
  </way>
  <node id="-5372" lat="33.5926314" lon="130.4388774" />
  <node id="-5373" lat="33.5927258" lon="130.4387782" />
  <way id="761934316">
    <nd ref="-5374" />
    <nd ref="-5375" />
    <tag k="waterway" v="stream" />
  </way>
  <node id="-5374" lat="33.5925806" lon="130.438917" />
  <node id="-5375" lat="33.5926314" lon="130.4388774" />
  <way id="761934317">
    <nd ref="-5376" />
    <nd ref="-5377" />
    <tag k="layer" v="-1" />
    <tag k="tunnel" v="yes" />
    <tag k="waterway" v="stream" />
  </way>
  <node id="-5376" lat="33.5924621" lon="130.4390296" />
  <node id="-5377" lat="33.5925806" lon="130.438917" />
  <way id="761934318">
    <nd ref="-5378" />
    <nd ref="-5379" />
    <tag k="waterway" v="stream" />
  </way>
  <node id="-5378" lat="33.5923694" lon="130.4391114" />
  <node id="-5379" lat="33.5924621" lon="130.4390296" />
  <way id="761934319">
    <nd ref="-5380" />
    <nd ref="-5381" />
    <tag k="waterway" v="stream" />
  </way>
  <node id="-5380" lat="33.5923203" lon="130.439157" />
  <node id="-5381" lat="33.5923694" lon="130.4391114" />
  <way id="761934320">
    <nd ref="-5382" />
    <nd ref="-5383" />
    <tag k="waterway" v="stream" />
  </way>
  <node id="-5382" lat="33.5919427" lon="130.4395131" />
  <node id="-5383" lat="33.5923203" lon="130.439157" />
  <way id="761934321">
    <nd ref="-5384" />
    <nd ref="-5385" />
    <tag k="waterway" v="stream" />
  </way>
  <node id="-5384" lat="33.5916321" lon="130.4398048" />
  <node id="-5385" lat="33.5918293" lon="130.4396211" />
  <way id="761934322">
    <nd ref="-5386" />
    <nd ref="-5387" />
    <tag k="layer" v="-1" />
    <tag k="tunnel" v="yes" />
    <tag k="waterway" v="stream" />
  </way>
  <node id="-5386" lat="33.5914433" lon="130.4399758" />
  <node id="-5387" lat="33.5916321" lon="130.4398048" />
  <way id="761934323">
    <nd ref="-5388" />
    <nd ref="-5389" />
    <tag k="layer" v="-1" />
    <tag k="tunnel" v="yes" />
    <tag k="waterway" v="stream" />
  </way>
  <node id="-5388" lat="33.5918293" lon="130.4396211" />
  <node id="-5389" lat="33.5919427" lon="130.4395131" />
  <way id="761934324">
    <nd ref="-5390" />
    <nd ref="-5391" />
    <tag k="waterway" v="stream" />
  </way>
  <node id="-5390" lat="33.5910166" lon="130.4403707" />
  <node id="-5391" lat="33.5914433" lon="130.4399758" />
  <way id="761936847">
    <nd ref="-5392" />
    <nd ref="-5393" />
    <nd ref="-5394" />
    <nd ref="-5395" />
    <nd ref="-5396" />
    <nd ref="-5397" />
    <nd ref="-5398" />
    <nd ref="-5399" />
    <nd ref="-5400" />
    <nd ref="-5401" />
    <tag k="waterway" v="stream" />
  </way>
  <node id="-5392" lat="33.5991096" lon="130.4380447" />
  <node id="-5393" lat="33.5991932" lon="130.4380992" />
  <node id="-5394" lat="33.5992627" lon="130.4381636" />
  <node id="-5395" lat="33.5993669" lon="130.4382763" />
  <node id="-5396" lat="33.599619" lon="130.438575" />
  <node id="-5397" lat="33.5998726" lon="130.4388975" />
  <node id="-5398" lat="33.5999472" lon="130.4389921" />
  <node id="-5399" lat="33.6000125" lon="130.4390913" />
  <node id="-5400" lat="33.6001186" lon="130.43926" />
  <node id="-5401" lat="33.6001634" lon="130.4393216" />
  <way id="761936848">
    <nd ref="-5402" />
    <nd ref="-5403" />
    <tag k="layer" v="-1" />
    <tag k="tunnel" v="yes" />
    <tag k="waterway" v="stream" />
  </way>
  <node id="-5402" lat="33.5989151" lon="130.4379762" />
  <node id="-5403" lat="33.5991096" lon="130.4380447" />
  <way id="761938479">
    <nd ref="-5404" />
    <nd ref="-5405" />
    <tag k="waterway" v="stream" />
  </way>
  <node id="-5404" lat="33.5949058" lon="130.4366208" />
  <node id="-5405" lat="33.5948807" lon="130.4366431" />
  <way id="761938480">
    <nd ref="-5406" />
    <nd ref="-5407" />
    <tag k="waterway" v="stream" />
  </way>
  <node id="-5406" lat="33.5940792" lon="130.4360329" />
  <node id="-5407" lat="33.5942946" lon="130.4358826" />
  <way id="761938481">
    <nd ref="-5408" />
    <nd ref="-5409" />
    <tag k="layer" v="-1" />
    <tag k="tunnel" v="yes" />
    <tag k="waterway" v="stream" />
  </way>
  <node id="-5408" lat="33.5940496" lon="130.4360571" />
  <node id="-5409" lat="33.5940792" lon="130.4360329" />
  <way id="761938482">
    <nd ref="-5410" />
    <nd ref="-5411" />
    <tag k="layer" v="-1" />
    <tag k="tunnel" v="yes" />
    <tag k="waterway" v="stream" />
  </way>
  <node id="-5410" lat="33.5946422" lon="130.4355394" />
  <node id="-5411" lat="33.5947109" lon="130.4354683" />
  <way id="761938483">
    <nd ref="-5412" />
    <nd ref="-5413" />
    <tag k="waterway" v="stream" />
  </way>
  <node id="-5412" lat="33.5945998" lon="130.4355803" />
  <node id="-5413" lat="33.5946422" lon="130.4355394" />
  <way id="761938484">
    <nd ref="-5414" />
    <nd ref="-5415" />
    <tag k="waterway" v="stream" />
  </way>
  <node id="-5414" lat="33.5947109" lon="130.4354683" />
  <node id="-5415" lat="33.5955505" lon="130.4347113" />
  <way id="761938485">
    <nd ref="-5416" />
    <nd ref="-5417" />
    <tag k="layer" v="-1" />
    <tag k="tunnel" v="yes" />
    <tag k="waterway" v="stream" />
  </way>
  <node id="-5416" lat="33.5942946" lon="130.4358826" />
  <node id="-5417" lat="33.5945998" lon="130.4355803" />
  <way id="761938486">
    <nd ref="-5418" />
    <nd ref="-5419" />
    <tag k="waterway" v="stream" />
  </way>
  <node id="-5418" lat="33.5958224" lon="130.4344511" />
  <node id="-5419" lat="33.5959844" lon="130.4342734" />
  <way id="761938487">
    <nd ref="-5420" />
    <nd ref="-5421" />
    <tag k="layer" v="-1" />
    <tag k="tunnel" v="yes" />
    <tag k="waterway" v="stream" />
  </way>
  <node id="-5420" lat="33.5955505" lon="130.4347113" />
  <node id="-5421" lat="33.5958224" lon="130.4344511" />
  <way id="761938488">
    <nd ref="-5422" />
    <nd ref="-5423" />
    <nd ref="-5424" />
    <nd ref="-5425" />
    <nd ref="-5426" />
    <tag k="waterway" v="stream" />
  </way>
  <node id="-5422" lat="33.5960352" lon="130.4342131" />
  <node id="-5423" lat="33.5962156" lon="130.4340481" />
  <node id="-5424" lat="33.5963625" lon="130.4338899" />
  <node id="-5425" lat="33.5965642" lon="130.4336257" />
  <node id="-5426" lat="33.5969378" lon="130.433285" />
  <way id="761938489">
    <nd ref="-5427" />
    <nd ref="-5428" />
    <tag k="layer" v="-1" />
    <tag k="tunnel" v="yes" />
    <tag k="waterway" v="stream" />
  </way>
  <node id="-5427" lat="33.5959844" lon="130.4342734" />
  <node id="-5428" lat="33.5960352" lon="130.4342131" />
  <way id="761938490">
    <nd ref="-5429" />
    <nd ref="-5430" />
    <tag k="waterway" v="stream" />
  </way>
  <node id="-5429" lat="33.5989164" lon="130.4315956" />
  <node id="-5430" lat="33.5989714" lon="130.4315402" />
  <way id="761938491">
    <nd ref="-5431" />
    <nd ref="-5432" />
    <tag k="layer" v="-1" />
    <tag k="tunnel" v="yes" />
    <tag k="waterway" v="stream" />
  </way>
  <node id="-5431" lat="33.5969378" lon="130.433285" />
  <node id="-5432" lat="33.5970501" lon="130.4331677" />
  <way id="761938492">
    <nd ref="-5433" />
    <nd ref="-5434" />
    <tag k="waterway" v="stream" />
  </way>
  <node id="-5433" lat="33.596935" lon="130.4324187" />
  <node id="-5434" lat="33.5973143" lon="130.4329062" />
  <way id="761938493">
    <nd ref="-5435" />
    <nd ref="-5436" />
    <tag k="layer" v="-1" />
    <tag k="tunnel" v="yes" />
    <tag k="waterway" v="stream" />
  </way>
  <node id="-5435" lat="33.5966641" lon="130.4320699" />
  <node id="-5436" lat="33.596935" lon="130.4324187" />
  <way id="761939533">
    <nd ref="-5437" />
    <nd ref="-5438" />
    <nd ref="-5439" />
    <nd ref="-5440" />
    <nd ref="-5441" />
    <nd ref="-5442" />
    <nd ref="-5443" />
    <tag k="natural" v="water" />
    <tag k="water" v="river" />
  </way>
  <node id="-5437" lat="33.5975712" lon="130.4342526" />
  <node id="-5438" lat="33.5977633" lon="130.434083" />
  <node id="-5439" lat="33.5977555" lon="130.4340689" />
  <node id="-5440" lat="33.5977477" lon="130.4340568" />
  <node id="-5441" lat="33.597555" lon="130.4342285" />
  <node id="-5442" lat="33.5975651" lon="130.4342372" />
  <node id="-5443" lat="33.5975712" lon="130.4342526" />
  <way id="761939534">
    <nd ref="-5444" />
    <nd ref="-5445" />
    <tag k="layer" v="-1" />
    <tag k="tunnel" v="yes" />
    <tag k="waterway" v="stream" />
  </way>
  <node id="-5444" lat="33.5973899" lon="130.4344063" />
  <node id="-5445" lat="33.5972984" lon="130.4345234" />
  <way id="761939535">
    <nd ref="-5446" />
    <nd ref="-5447" />
    <tag k="waterway" v="stream" />
  </way>
  <node id="-5446" lat="33.597468" lon="130.4343264" />
  <node id="-5447" lat="33.5973899" lon="130.4344063" />
  <way id="761939536">
    <nd ref="-5448" />
    <nd ref="-5449" />
    <tag k="layer" v="-1" />
    <tag k="tunnel" v="yes" />
    <tag k="waterway" v="stream" />
  </way>
  <node id="-5448" lat="33.5975651" lon="130.4342372" />
  <node id="-5449" lat="33.597468" lon="130.4343264" />
  <way id="761939537">
    <nd ref="-5450" />
    <nd ref="-5451" />
    <tag k="waterway" v="stream" />
  </way>
  <node id="-5450" lat="33.5977555" lon="130.4340689" />
  <node id="-5451" lat="33.5975651" lon="130.4342372" />
  <way id="761939538">
    <nd ref="-5452" />
    <nd ref="-5453" />
    <tag k="layer" v="-1" />
    <tag k="tunnel" v="yes" />
    <tag k="waterway" v="stream" />
  </way>
  <node id="-5452" lat="33.5978559" lon="130.4339747" />
  <node id="-5453" lat="33.5977555" lon="130.4340689" />
  <way id="761939539">
    <nd ref="-5454" />
    <nd ref="-5455" />
    <nd ref="-5456" />
    <nd ref="-5457" />
    <tag k="waterway" v="stream" />
  </way>
  <node id="-5454" lat="33.5983093" lon="130.4334918" />
  <node id="-5455" lat="33.5982604" lon="130.4335365" />
  <node id="-5456" lat="33.5979907" lon="130.4338375" />
  <node id="-5457" lat="33.5978559" lon="130.4339747" />
  <way id="761939540">
    <nd ref="-5458" />
    <nd ref="-5459" />
    <tag k="layer" v="-1" />
    <tag k="tunnel" v="yes" />
    <tag k="waterway" v="stream" />
  </way>
  <node id="-5458" lat="33.5993665" lon="130.4340516" />
  <node id="-5459" lat="33.5993112" lon="130.4339961" />
  <way id="761939541">
    <nd ref="-5460" />
    <nd ref="-5461" />
    <tag k="waterway" v="stream" />
  </way>
  <node id="-5460" lat="33.5994071" lon="130.4340963" />
  <node id="-5461" lat="33.5993665" lon="130.4340516" />
  <way id="761939542">
    <nd ref="-5462" />
    <nd ref="-5463" />
    <tag k="layer" v="-1" />
    <tag k="tunnel" v="yes" />
    <tag k="waterway" v="stream" />
  </way>
  <node id="-5462" lat="33.5984168" lon="130.433397" />
  <node id="-5463" lat="33.5983093" lon="130.4334918" />
  <way id="761939543">
    <nd ref="-5464" />
    <nd ref="-5465" />
    <tag k="waterway" v="stream" />
  </way>
  <node id="-5464" lat="33.598463" lon="130.4333605" />
  <node id="-5465" lat="33.5984168" lon="130.433397" />
  <way id="761939544">
    <nd ref="-5466" />
    <nd ref="-5467" />
    <tag k="layer" v="-1" />
    <tag k="tunnel" v="yes" />
    <tag k="waterway" v="stream" />
  </way>
  <node id="-5466" lat="33.5985261" lon="130.4333137" />
  <node id="-5467" lat="33.598463" lon="130.4333605" />
  <way id="761939545">
    <nd ref="-5468" />
    <nd ref="-5469" />
    <nd ref="-5470" />
    <nd ref="-5471" />
    <nd ref="-5472" />
    <nd ref="-5473" />
    <nd ref="-5474" />
    <nd ref="-5475" />
    <tag k="waterway" v="stream" />
  </way>
  <node id="-5468" lat="33.5993112" lon="130.4339961" />
  <node id="-5469" lat="33.5991943" lon="130.4338382" />
  <node id="-5470" lat="33.5988011" lon="130.4332649" />
  <node id="-5471" lat="33.5987653" lon="130.4331757" />
  <node id="-5472" lat="33.5987525" lon="130.4331502" />
  <node id="-5473" lat="33.5987229" lon="130.4331348" />
  <node id="-5474" lat="33.598576" lon="130.4332602" />
  <node id="-5475" lat="33.5985261" lon="130.4333137" />
  <way id="761953229">
    <nd ref="-5476" />
    <nd ref="-5477" />
    <tag k="layer" v="-1" />
    <tag k="tunnel" v="yes" />
    <tag k="waterway" v="stream" />
  </way>
  <node id="-5476" lat="33.5985766" lon="130.4318755" />
  <node id="-5477" lat="33.5989164" lon="130.4315956" />
  <way id="761953230">
    <nd ref="-5478" />
    <nd ref="-5479" />
    <tag k="waterway" v="stream" />
  </way>
  <node id="-5478" lat="33.5983945" lon="130.4320277" />
  <node id="-5479" lat="33.5985766" lon="130.4318755" />
  <way id="761953231">
    <nd ref="-5480" />
    <nd ref="-5481" />
    <tag k="layer" v="-1" />
    <tag k="tunnel" v="yes" />
    <tag k="waterway" v="stream" />
  </way>
  <node id="-5480" lat="33.5983286" lon="130.4320787" />
  <node id="-5481" lat="33.5983945" lon="130.4320277" />
  <way id="761953232">
    <nd ref="-5482" />
    <nd ref="-5483" />
    <tag k="waterway" v="stream" />
  </way>
  <node id="-5482" lat="33.5981387" lon="130.4322393" />
  <node id="-5483" lat="33.5983286" lon="130.4320787" />
  <way id="761953233">
    <nd ref="-5484" />
    <nd ref="-5485" />
    <tag k="layer" v="-1" />
    <tag k="tunnel" v="yes" />
    <tag k="waterway" v="stream" />
  </way>
  <node id="-5484" lat="33.598089" lon="130.4322772" />
  <node id="-5485" lat="33.5981387" lon="130.4322393" />
  <way id="761953234">
    <nd ref="-5486" />
    <nd ref="-5487" />
    <nd ref="-5488" />
    <tag k="waterway" v="stream" />
  </way>
  <node id="-5486" lat="33.5976318" lon="130.4326503" />
  <node id="-5487" lat="33.5978977" lon="130.4324355" />
  <node id="-5488" lat="33.598089" lon="130.4322772" />
  <way id="761953235">
    <nd ref="-5489" />
    <nd ref="-5490" />
    <tag k="layer" v="-1" />
    <tag k="tunnel" v="yes" />
    <tag k="waterway" v="stream" />
  </way>
  <node id="-5489" lat="33.5975609" lon="130.4327103" />
  <node id="-5490" lat="33.5976318" lon="130.4326503" />
  <way id="761953236">
    <nd ref="-5491" />
    <nd ref="-5492" />
    <tag k="waterway" v="stream" />
  </way>
  <node id="-5491" lat="33.5973783" lon="130.4328609" />
  <node id="-5492" lat="33.5975609" lon="130.4327103" />
  <way id="761953237">
    <nd ref="-5493" />
    <nd ref="-5494" />
    <tag k="layer" v="-1" />
    <tag k="tunnel" v="yes" />
    <tag k="waterway" v="stream" />
  </way>
  <node id="-5493" lat="33.5973321" lon="130.4328981" />
  <node id="-5494" lat="33.5973783" lon="130.4328609" />
  <way id="761953238">
    <nd ref="-5495" />
    <nd ref="-5496" />
    <nd ref="-5497" />
    <tag k="waterway" v="stream" />
  </way>
  <node id="-5495" lat="33.5970501" lon="130.4331677" />
  <node id="-5496" lat="33.5973143" lon="130.4329062" />
  <node id="-5497" lat="33.5973321" lon="130.4328981" />
  <way id="761953239">
    <nd ref="-5498" />
    <nd ref="-5499" />
    <tag k="waterway" v="stream" />
  </way>
  <node id="-5498" lat="33.5962765" lon="130.431561" />
  <node id="-5499" lat="33.5966641" lon="130.4320699" />
  <way id="761953240">
    <nd ref="-5500" />
    <nd ref="-5501" />
    <tag k="layer" v="-1" />
    <tag k="tunnel" v="yes" />
    <tag k="waterway" v="stream" />
  </way>
  <node id="-5500" lat="33.5962218" lon="130.4314953" />
  <node id="-5501" lat="33.5962765" lon="130.431561" />
  <way id="761953241">
    <nd ref="-5502" />
    <nd ref="-5503" />
    <tag k="waterway" v="stream" />
  </way>
  <node id="-5502" lat="33.5960955" lon="130.4313277" />
  <node id="-5503" lat="33.5962218" lon="130.4314953" />
  <way id="761953242">
    <nd ref="-5504" />
    <nd ref="-5505" />
    <tag k="waterway" v="stream" />
  </way>
  <node id="-5504" lat="33.5959492" lon="130.4313397" />
  <node id="-5505" lat="33.5960006" lon="130.4312928" />
  <way id="761953243">
    <nd ref="-5506" />
    <nd ref="-5507" />
    <tag k="layer" v="-1" />
    <tag k="tunnel" v="yes" />
    <tag k="waterway" v="stream" />
  </way>
  <node id="-5506" lat="33.595909" lon="130.4313786" />
  <node id="-5507" lat="33.5959492" lon="130.4313397" />
  <way id="761953244">
    <nd ref="-5508" />
    <nd ref="-5509" />
    <tag k="waterway" v="stream" />
  </way>
  <node id="-5508" lat="33.5958034" lon="130.4314819" />
  <node id="-5509" lat="33.595909" lon="130.4313786" />
  <way id="761953245">
    <nd ref="-5510" />
    <nd ref="-5511" />
    <tag k="layer" v="-1" />
    <tag k="tunnel" v="yes" />
    <tag k="waterway" v="stream" />
  </way>
  <node id="-5510" lat="33.59569" lon="130.4315872" />
  <node id="-5511" lat="33.5958034" lon="130.4314819" />
  <way id="761953246">
    <nd ref="-5512" />
    <nd ref="-5513" />
    <tag k="waterway" v="stream" />
  </way>
  <node id="-5512" lat="33.5954555" lon="130.4318024" />
  <node id="-5513" lat="33.59569" lon="130.4315872" />
  <way id="761953247">
    <nd ref="-5514" />
    <nd ref="-5515" />
    <tag k="layer" v="-1" />
    <tag k="tunnel" v="yes" />
    <tag k="waterway" v="stream" />
  </way>
  <node id="-5514" lat="33.5960006" lon="130.4312928" />
  <node id="-5515" lat="33.5960955" lon="130.4313277" />
  <way id="761953248">
    <nd ref="-5516" />
    <nd ref="-5517" />
    <tag k="layer" v="-1" />
    <tag k="tunnel" v="yes" />
    <tag k="waterway" v="stream" />
  </way>
  <node id="-5516" lat="33.595375" lon="130.4318748" />
  <node id="-5517" lat="33.5954555" lon="130.4318024" />
  <way id="761953249">
    <nd ref="-5518" />
    <nd ref="-5519" />
    <tag k="waterway" v="stream" />
  </way>
  <node id="-5518" lat="33.5938379" lon="130.4332206" />
  <node id="-5519" lat="33.5938435" lon="130.433226" />
  <way id="761953250">
    <nd ref="-5520" />
    <nd ref="-5521" />
    <tag k="layer" v="-1" />
    <tag k="tunnel" v="yes" />
    <tag k="waterway" v="stream" />
  </way>
  <node id="-5520" lat="33.5938066" lon="130.4331952" />
  <node id="-5521" lat="33.5938379" lon="130.4332206" />
  <way id="761953251">
    <nd ref="-5522" />
    <nd ref="-5523" />
    <nd ref="-5524" />
    <nd ref="-5525" />
    <nd ref="-5526" />
    <tag k="waterway" v="stream" />
  </way>
  <node id="-5522" lat="33.5955087" lon="130.4377878" />
  <node id="-5523" lat="33.5955309" lon="130.437832" />
  <node id="-5524" lat="33.5956769" lon="130.4380929" />
  <node id="-5525" lat="33.5957319" lon="130.4381834" />
  <node id="-5526" lat="33.5957536" lon="130.4382144" />
  <way id="761953252">
    <nd ref="-5527" />
    <nd ref="-5528" />
    <tag k="layer" v="-1" />
    <tag k="tunnel" v="yes" />
    <tag k="waterway" v="stream" />
  </way>
  <node id="-5527" lat="33.5948807" lon="130.4366431" />
  <node id="-5528" lat="33.5948384" lon="130.4366955" />
  <way id="761953253">
    <nd ref="-5529" />
    <nd ref="-5530" />
    <tag k="layer" v="-1" />
    <tag k="tunnel" v="yes" />
    <tag k="waterway" v="stream" />
  </way>
  <node id="-5529" lat="33.5949305" lon="130.4365989" />
  <node id="-5530" lat="33.5949058" lon="130.4366208" />
  <way id="761953254">
    <nd ref="-5531" />
    <nd ref="-5532" />
    <tag k="waterway" v="stream" />
  </way>
  <node id="-5531" lat="33.5949564" lon="130.4365759" />
  <node id="-5532" lat="33.5949305" lon="130.4365989" />
  <way id="761953255">
    <nd ref="-5533" />
    <nd ref="-5534" />
    <tag k="layer" v="-1" />
    <tag k="tunnel" v="yes" />
    <tag k="waterway" v="stream" />
  </way>
  <node id="-5533" lat="33.5950095" lon="130.4365288" />
  <node id="-5534" lat="33.5949564" lon="130.4365759" />
  <way id="761953256">
    <nd ref="-5535" />
    <nd ref="-5536" />
    <tag k="waterway" v="stream" />
  </way>
  <node id="-5535" lat="33.5950339" lon="130.4365071" />
  <node id="-5536" lat="33.5950095" lon="130.4365288" />
  <way id="761953257">
    <nd ref="-5537" />
    <nd ref="-5538" />
    <tag k="layer" v="-1" />
    <tag k="tunnel" v="yes" />
    <tag k="waterway" v="stream" />
  </way>
  <node id="-5537" lat="33.5950573" lon="130.4364864" />
  <node id="-5538" lat="33.5950339" lon="130.4365071" />
  <way id="761953258">
    <nd ref="-5539" />
    <nd ref="-5540" />
    <tag k="waterway" v="stream" />
  </way>
  <node id="-5539" lat="33.5951205" lon="130.4364303" />
  <node id="-5540" lat="33.5950573" lon="130.4364864" />
  <way id="761953259">
    <nd ref="-5541" />
    <nd ref="-5542" />
    <tag k="layer" v="-1" />
    <tag k="tunnel" v="yes" />
    <tag k="waterway" v="stream" />
  </way>
  <node id="-5541" lat="33.5951678" lon="130.4363883" />
  <node id="-5542" lat="33.5951205" lon="130.4364303" />
  <way id="761953260">
    <nd ref="-5543" />
    <nd ref="-5544" />
    <tag k="waterway" v="stream" />
  </way>
  <node id="-5543" lat="33.595499" lon="130.4361154" />
  <node id="-5544" lat="33.5951678" lon="130.4363883" />
  <way id="761953261">
    <nd ref="-5545" />
    <nd ref="-5546" />
    <tag k="layer" v="-1" />
    <tag k="tunnel" v="yes" />
    <tag k="waterway" v="stream" />
  </way>
  <node id="-5545" lat="33.5955772" lon="130.4360584" />
  <node id="-5546" lat="33.595499" lon="130.4361154" />
  <way id="761953262">
    <nd ref="-5547" />
    <nd ref="-5548" />
    <nd ref="-5549" />
    <nd ref="-5550" />
    <tag k="waterway" v="stream" />
  </way>
  <node id="-5547" lat="33.5963826" lon="130.4353114" />
  <node id="-5548" lat="33.5959727" lon="130.4356943" />
  <node id="-5549" lat="33.5958654" lon="130.4357989" />
  <node id="-5550" lat="33.5955772" lon="130.4360584" />
  <way id="761953263">
    <nd ref="-5551" />
    <nd ref="-5552" />
    <nd ref="-5553" />
    <tag k="layer" v="-1" />
    <tag k="tunnel" v="yes" />
    <tag k="waterway" v="stream" />
  </way>
  <node id="-5551" lat="33.5968652" lon="130.4349297" />
  <node id="-5552" lat="33.596529" lon="130.4352196" />
  <node id="-5553" lat="33.5963826" lon="130.4353114" />
  <way id="761953264">
    <nd ref="-5554" />
    <nd ref="-5555" />
    <tag k="waterway" v="stream" />
  </way>
  <node id="-5554" lat="33.5972984" lon="130.4345234" />
  <node id="-5555" lat="33.5968652" lon="130.4349297" />
  <way id="761957109">
    <nd ref="-5556" />
    <nd ref="-5557" />
    <tag k="layer" v="-1" />
    <tag k="tunnel" v="yes" />
    <tag k="waterway" v="river" />
  </way>
  <node id="-5556" lat="33.5999449" lon="130.4428441" />
  <node id="-5557" lat="33.6000728" lon="130.4427653" />
  <way id="761958353">
    <nd ref="-5558" />
    <nd ref="-5559" />
    <nd ref="-5560" />
    <tag k="layer" v="-1" />
    <tag k="tunnel" v="yes" />
    <tag k="waterway" v="stream" />
  </way>
  <node id="-5558" lat="33.597901" lon="130.4312355" />
  <node id="-5559" lat="33.5984213" lon="130.4307617" />
  <node id="-5560" lat="33.5984515" lon="130.4308033" />
  <way id="761958354">
    <nd ref="-5561" />
    <nd ref="-5562" />
    <nd ref="-5563" />
    <tag k="waterway" v="stream" />
  </way>
  <node id="-5561" lat="33.5974729" lon="130.4316375" />
  <node id="-5562" lat="33.5976757" lon="130.4314571" />
  <node id="-5563" lat="33.597901" lon="130.4312355" />
  <way id="762111349">
    <nd ref="-5564" />
    <nd ref="-5565" />
    <nd ref="-5566" />
    <nd ref="-5567" />
    <nd ref="-5568" />
    <nd ref="-5569" />
    <nd ref="-5570" />
    <nd ref="-5571" />
    <nd ref="-5572" />
    <nd ref="-5573" />
    <nd ref="-5574" />
    <nd ref="-5575" />
    <nd ref="-5576" />
    <nd ref="-5577" />
    <nd ref="-5578" />
    <nd ref="-5579" />
    <nd ref="-5580" />
    <nd ref="-5581" />
    <nd ref="-5582" />
    <nd ref="-5583" />
    <nd ref="-5584" />
    <nd ref="-5585" />
    <nd ref="-5586" />
    <nd ref="-5587" />
    <nd ref="-5588" />
    <nd ref="-5589" />
    <nd ref="-5590" />
    <nd ref="-5591" />
    <nd ref="-5592" />
    <nd ref="-5593" />
    <nd ref="-5594" />
    <nd ref="-5595" />
    <nd ref="-5596" />
    <nd ref="-5597" />
    <nd ref="-5598" />
    <tag k="waterway" v="stream" />
  </way>
  <node id="-5564" lat="33.5698802" lon="130.4332988" />
  <node id="-5565" lat="33.5699585" lon="130.4333366" />
  <node id="-5566" lat="33.5700121" lon="130.4334104" />
  <node id="-5567" lat="33.5700881" lon="130.4335579" />
  <node id="-5568" lat="33.5701127" lon="130.4336277" />
  <node id="-5569" lat="33.570144" lon="130.4337752" />
  <node id="-5570" lat="33.570144" lon="130.4342848" />
  <node id="-5571" lat="33.570173" lon="130.4344189" />
  <node id="-5572" lat="33.5702222" lon="130.4345047" />
  <node id="-5573" lat="33.5703004" lon="130.4344913" />
  <node id="-5574" lat="33.5704882" lon="130.434427" />
  <node id="-5575" lat="33.570582" lon="130.434427" />
  <node id="-5576" lat="33.5706558" lon="130.4344404" />
  <node id="-5577" lat="33.570734" lon="130.4344457" />
  <node id="-5578" lat="33.570801" lon="130.4344457" />
  <node id="-5579" lat="33.5709932" lon="130.434435" />
  <node id="-5580" lat="33.571029" lon="130.4344323" />
  <node id="-5581" lat="33.571286" lon="130.4344672" />
  <node id="-5582" lat="33.5713463" lon="130.434494" />
  <node id="-5583" lat="33.5714782" lon="130.4346469" />
  <node id="-5584" lat="33.5715162" lon="130.4346845" />
  <node id="-5585" lat="33.5716547" lon="130.4347971" />
  <node id="-5586" lat="33.5717061" lon="130.4348373" />
  <node id="-5587" lat="33.5717911" lon="130.4349205" />
  <node id="-5588" lat="33.571867" lon="130.4350412" />
  <node id="-5589" lat="33.5718961" lon="130.4350787" />
  <node id="-5590" lat="33.5722492" lon="130.4356366" />
  <node id="-5591" lat="33.5722626" lon="130.4356635" />
  <node id="-5592" lat="33.572314" lon="130.4357439" />
  <node id="-5593" lat="33.5723408" lon="130.4358914" />
  <node id="-5594" lat="33.5723609" lon="130.4360014" />
  <node id="-5595" lat="33.5723967" lon="130.4361436" />
  <node id="-5596" lat="33.5724034" lon="130.4362294" />
  <node id="-5597" lat="33.5724129" lon="130.4363099" />
  <node id="-5598" lat="33.5724503" lon="130.4363903" />
  <way id="762111350">
    <nd ref="-5599" />
    <nd ref="-5600" />
    <nd ref="-5601" />
    <tag k="layer" v="-1" />
    <tag k="note" v="National-Land Numerical Information (River) 2006, MLIT Japan" />
    <tag k="note:ja" v="国土数値情報(河川データ)平成18年国土交通省" />
    <tag k="source" v="KSJ2" />
    <tag k="source_ref" v="http://nlftp.mlit.go.jp/ksj/jpgis/datalist/KsjTmplt-W05.html" />
    <tag k="tunnel" v="culvert" />
    <tag k="waterway" v="stream" />
  </way>
  <node id="-5599" lat="33.5647521" lon="130.4330059" />
  <node id="-5600" lat="33.5649686" lon="130.4337651" />
  <node id="-5601" lat="33.5650055" lon="130.4339921" />
  <way id="762111351">
    <nd ref="-5602" />
    <nd ref="-5603" />
    <nd ref="-5604" />
    <nd ref="-5605" />
    <tag k="layer" v="-1" />
    <tag k="note" v="National-Land Numerical Information (River) 2006, MLIT Japan" />
    <tag k="note:ja" v="国土数値情報(河川データ)平成18年国土交通省" />
    <tag k="source" v="KSJ2" />
    <tag k="source_ref" v="http://nlftp.mlit.go.jp/ksj/jpgis/datalist/KsjTmplt-W05.html" />
    <tag k="tunnel" v="culvert" />
    <tag k="waterway" v="stream" />
  </way>
  <node id="-5602" lat="33.5662912" lon="130.4346052" />
  <node id="-5603" lat="33.5663564" lon="130.4346228" />
  <node id="-5604" lat="33.5664933" lon="130.4345611" />
  <node id="-5605" lat="33.5666569" lon="130.4344451" />
  <way id="762186035">
    <nd ref="-5606" />
    <nd ref="-5607" />
    <nd ref="-5608" />
    <nd ref="-5609" />
    <nd ref="-5610" />
    <nd ref="-5611" />
    <nd ref="-5612" />
    <nd ref="-5613" />
    <nd ref="-5614" />
    <nd ref="-5615" />
    <nd ref="-5616" />
    <nd ref="-5617" />
    <nd ref="-5618" />
    <nd ref="-5619" />
    <nd ref="-5620" />
    <nd ref="-5621" />
    <nd ref="-5622" />
    <nd ref="-5623" />
    <nd ref="-5624" />
    <nd ref="-5625" />
    <nd ref="-5626" />
    <nd ref="-5627" />
    <nd ref="-5628" />
    <nd ref="-5629" />
    <nd ref="-5630" />
    <nd ref="-5631" />
    <nd ref="-5632" />
    <tag k="natural" v="water" />
    <tag k="water" v="river" />
  </way>
  <node id="-5606" lat="33.5650889" lon="130.4343256" />
  <node id="-5607" lat="33.565132" lon="130.4344183" />
  <node id="-5608" lat="33.5652212" lon="130.4346462" />
  <node id="-5609" lat="33.5652674" lon="130.4347073" />
  <node id="-5610" lat="33.5653269" lon="130.4347511" />
  <node id="-5611" lat="33.5654128" lon="130.4347575" />
  <node id="-5612" lat="33.5656974" lon="130.434629" />
  <node id="-5613" lat="33.5658209" lon="130.434588" />
  <node id="-5614" lat="33.5659167" lon="130.4345825" />
  <node id="-5615" lat="33.5661355" lon="130.434608" />
  <node id="-5616" lat="33.5662599" lon="130.4346629" />
  <node id="-5617" lat="33.5662912" lon="130.4346052" />
  <node id="-5618" lat="33.5663099" lon="130.4345706" />
  <node id="-5619" lat="33.5662687" lon="130.4345691" />
  <node id="-5620" lat="33.5661905" lon="130.4345195" />
  <node id="-5621" lat="33.5660697" lon="130.434549" />
  <node id="-5622" lat="33.5659145" lon="130.4345383" />
  <node id="-5623" lat="33.5658061" lon="130.4345415" />
  <node id="-5624" lat="33.5656811" lon="130.4345787" />
  <node id="-5625" lat="33.5654067" lon="130.4347031" />
  <node id="-5626" lat="33.565342" lon="130.4346982" />
  <node id="-5627" lat="33.5652998" lon="130.4346684" />
  <node id="-5628" lat="33.5652648" lon="130.4346214" />
  <node id="-5629" lat="33.565172" lon="130.4343937" />
  <node id="-5630" lat="33.5651402" lon="130.4342985" />
  <node id="-5631" lat="33.5651145" lon="130.434312" />
  <node id="-5632" lat="33.5650889" lon="130.4343256" />
  <way id="762186036">
    <nd ref="-5633" />
    <nd ref="-5634" />
    <nd ref="-5635" />
    <tag k="note" v="National-Land Numerical Information (River) 2006, MLIT Japan" />
    <tag k="note:ja" v="国土数値情報(河川データ)平成18年国土交通省" />
    <tag k="source" v="KSJ2" />
    <tag k="source_ref" v="http://nlftp.mlit.go.jp/ksj/jpgis/datalist/KsjTmplt-W05.html" />
    <tag k="waterway" v="stream" />
  </way>
  <node id="-5633" lat="33.5650055" lon="130.4339921" />
  <node id="-5634" lat="33.5650452" lon="130.434126" />
  <node id="-5635" lat="33.5650529" lon="130.434152" />
  <way id="762186038">
    <nd ref="-5636" />
    <nd ref="-5637" />
    <tag k="layer" v="-1" />
    <tag k="note" v="National-Land Numerical Information (River) 2006, MLIT Japan" />
    <tag k="note:ja" v="国土数値情報(河川データ)平成18年国土交通省" />
    <tag k="source" v="KSJ2" />
    <tag k="source_ref" v="http://nlftp.mlit.go.jp/ksj/jpgis/datalist/KsjTmplt-W05.html" />
    <tag k="tunnel" v="culvert" />
    <tag k="waterway" v="stream" />
  </way>
  <node id="-5636" lat="33.5650529" lon="130.434152" />
  <node id="-5637" lat="33.5651145" lon="130.434312" />
  <way id="762186039">
    <nd ref="-5638" />
    <nd ref="-5639" />
    <nd ref="-5640" />
    <nd ref="-5641" />
    <nd ref="-5642" />
    <nd ref="-5643" />
    <nd ref="-5644" />
    <nd ref="-5645" />
    <nd ref="-5646" />
    <nd ref="-5647" />
    <nd ref="-5648" />
    <nd ref="-5649" />
    <nd ref="-5650" />
    <nd ref="-5651" />
    <nd ref="-5652" />
    <nd ref="-5653" />
    <nd ref="-5654" />
    <nd ref="-5655" />
    <nd ref="-5656" />
    <nd ref="-5657" />
    <nd ref="-5658" />
    <nd ref="-5659" />
    <nd ref="-5660" />
    <nd ref="-5661" />
    <nd ref="-5662" />
    <nd ref="-5663" />
    <nd ref="-5664" />
    <nd ref="-5665" />
    <nd ref="-5666" />
    <nd ref="-5667" />
    <nd ref="-5668" />
    <nd ref="-5669" />
    <nd ref="-5670" />
    <nd ref="-5671" />
    <nd ref="-5672" />
    <nd ref="-5673" />
    <nd ref="-5674" />
    <nd ref="-5675" />
    <nd ref="-5676" />
    <nd ref="-5677" />
    <nd ref="-5678" />
    <nd ref="-5679" />
    <nd ref="-5680" />
    <nd ref="-5681" />
    <nd ref="-5682" />
    <nd ref="-5683" />
    <nd ref="-5684" />
    <nd ref="-5685" />
    <nd ref="-5686" />
    <nd ref="-5687" />
    <nd ref="-5688" />
    <nd ref="-5689" />
    <nd ref="-5690" />
    <nd ref="-5691" />
    <nd ref="-5692" />
    <nd ref="-5693" />
    <nd ref="-5694" />
    <nd ref="-5695" />
    <nd ref="-5696" />
    <nd ref="-5697" />
    <nd ref="-5698" />
    <nd ref="-5699" />
    <nd ref="-5700" />
    <nd ref="-5701" />
    <nd ref="-5702" />
    <nd ref="-5703" />
    <nd ref="-5704" />
    <nd ref="-5705" />
    <nd ref="-5706" />
    <nd ref="-5707" />
    <nd ref="-5708" />
    <nd ref="-5709" />
    <nd ref="-5710" />
    <nd ref="-5711" />
    <nd ref="-5712" />
    <nd ref="-5713" />
    <nd ref="-5714" />
    <nd ref="-5715" />
    <nd ref="-5716" />
    <nd ref="-5717" />
    <nd ref="-5718" />
    <nd ref="-5719" />
    <nd ref="-5720" />
    <nd ref="-5721" />
    <nd ref="-5722" />
    <nd ref="-5723" />
    <nd ref="-5724" />
    <nd ref="-5725" />
    <nd ref="-5726" />
    <nd ref="-5727" />
    <nd ref="-5728" />
    <nd ref="-5729" />
    <nd ref="-5730" />
    <nd ref="-5731" />
    <nd ref="-5732" />
    <nd ref="-5733" />
    <nd ref="-5734" />
    <nd ref="-5735" />
    <nd ref="-5736" />
    <nd ref="-5737" />
    <nd ref="-5738" />
    <nd ref="-5739" />
    <nd ref="-5740" />
    <nd ref="-5741" />
    <nd ref="-5742" />
    <nd ref="-5743" />
    <nd ref="-5744" />
    <nd ref="-5745" />
    <nd ref="-5746" />
    <nd ref="-5747" />
    <nd ref="-5748" />
    <nd ref="-5749" />
    <nd ref="-5750" />
    <nd ref="-5751" />
    <nd ref="-5752" />
    <nd ref="-5753" />
    <nd ref="-5754" />
    <nd ref="-5755" />
    <nd ref="-5756" />
    <nd ref="-5757" />
    <nd ref="-5758" />
    <nd ref="-5759" />
    <nd ref="-5760" />
    <nd ref="-5761" />
    <nd ref="-5762" />
    <nd ref="-5763" />
    <nd ref="-5764" />
    <nd ref="-5765" />
    <nd ref="-5766" />
    <nd ref="-5767" />
    <nd ref="-5768" />
    <nd ref="-5769" />
    <nd ref="-5770" />
    <nd ref="-5771" />
    <nd ref="-5772" />
    <nd ref="-5773" />
    <nd ref="-5774" />
    <nd ref="-5775" />
    <nd ref="-5776" />
    <nd ref="-5777" />
    <nd ref="-5778" />
    <nd ref="-5779" />
    <tag k="natural" v="water" />
    <tag k="water" v="river" />
  </way>
  <node id="-5638" lat="33.5666577" lon="130.4344701" />
  <node id="-5639" lat="33.5666905" lon="130.4344703" />
  <node id="-5640" lat="33.5667358" lon="130.4344773" />
  <node id="-5641" lat="33.5667984" lon="130.4345001" />
  <node id="-5642" lat="33.5668295" lon="130.4344969" />
  <node id="-5643" lat="33.5668839" lon="130.4344947" />
  <node id="-5644" lat="33.5669369" lon="130.4344726" />
  <node id="-5645" lat="33.5669811" lon="130.4344317" />
  <node id="-5646" lat="33.5670055" lon="130.4343757" />
  <node id="-5647" lat="33.5670433" lon="130.4342127" />
  <node id="-5648" lat="33.5671284" lon="130.4339698" />
  <node id="-5649" lat="33.5671839" lon="130.4339261" />
  <node id="-5650" lat="33.567285" lon="130.4339012" />
  <node id="-5651" lat="33.5673882" lon="130.4338981" />
  <node id="-5652" lat="33.5676007" lon="130.4338992" />
  <node id="-5653" lat="33.5676504" lon="130.4338929" />
  <node id="-5654" lat="33.5677576" lon="130.4338724" />
  <node id="-5655" lat="33.5678512" lon="130.43383" />
  <node id="-5656" lat="33.5679007" lon="130.4337745" />
  <node id="-5657" lat="33.5679397" lon="130.4337107" />
  <node id="-5658" lat="33.5680474" lon="130.433526" />
  <node id="-5659" lat="33.5681147" lon="130.4334506" />
  <node id="-5660" lat="33.5682233" lon="130.4333428" />
  <node id="-5661" lat="33.5683063" lon="130.4332781" />
  <node id="-5662" lat="33.5684129" lon="130.433216" />
  <node id="-5663" lat="33.5684956" lon="130.4331943" />
  <node id="-5664" lat="33.5685416" lon="130.4331891" />
  <node id="-5665" lat="33.568586" lon="130.4331928" />
  <node id="-5666" lat="33.5686462" lon="130.4332019" />
  <node id="-5667" lat="33.5686813" lon="130.4332005" />
  <node id="-5668" lat="33.5687151" lon="130.4332157" />
  <node id="-5669" lat="33.5687764" lon="130.4332542" />
  <node id="-5670" lat="33.5688286" lon="130.4333093" />
  <node id="-5671" lat="33.5689154" lon="130.4334949" />
  <node id="-5672" lat="33.5689954" lon="130.4336908" />
  <node id="-5673" lat="33.5690555" lon="130.4337364" />
  <node id="-5674" lat="33.5690986" lon="130.4337423" />
  <node id="-5675" lat="33.5691394" lon="130.4337362" />
  <node id="-5676" lat="33.5692549" lon="130.4336485" />
  <node id="-5677" lat="33.56944" lon="130.4335834" />
  <node id="-5678" lat="33.569546" lon="130.4335328" />
  <node id="-5679" lat="33.5697535" lon="130.4334042" />
  <node id="-5680" lat="33.5698944" lon="130.4333157" />
  <node id="-5681" lat="33.5700098" lon="130.4331429" />
  <node id="-5682" lat="33.5700694" lon="130.4330135" />
  <node id="-5683" lat="33.5701093" lon="130.4329614" />
  <node id="-5684" lat="33.5701342" lon="130.4329412" />
  <node id="-5685" lat="33.5701645" lon="130.4329319" />
  <node id="-5686" lat="33.5702056" lon="130.4329531" />
  <node id="-5687" lat="33.5703856" lon="130.4330234" />
  <node id="-5688" lat="33.5704688" lon="130.4330239" />
  <node id="-5689" lat="33.5705372" lon="130.4330014" />
  <node id="-5690" lat="33.570598" lon="130.4329481" />
  <node id="-5691" lat="33.5706332" lon="130.4328839" />
  <node id="-5692" lat="33.570638" lon="130.4328303" />
  <node id="-5693" lat="33.5706796" lon="130.4327537" />
  <node id="-5694" lat="33.570715" lon="130.4326911" />
  <node id="-5695" lat="33.5707649" lon="130.432641" />
  <node id="-5696" lat="33.5708672" lon="130.4325641" />
  <node id="-5697" lat="33.5709161" lon="130.4325434" />
  <node id="-5698" lat="33.5710604" lon="130.4324204" />
  <node id="-5699" lat="33.571168" lon="130.4322936" />
  <node id="-5700" lat="33.5712145" lon="130.4322356" />
  <node id="-5701" lat="33.5712575" lon="130.4321858" />
  <node id="-5702" lat="33.5712683" lon="130.4321313" />
  <node id="-5703" lat="33.5712668" lon="130.4320836" />
  <node id="-5704" lat="33.5711057" lon="130.4318364" />
  <node id="-5705" lat="33.5709982" lon="130.4316664" />
  <node id="-5706" lat="33.5708318" lon="130.4313955" />
  <node id="-5707" lat="33.5707851" lon="130.431257" />
  <node id="-5708" lat="33.5707714" lon="130.4311534" />
  <node id="-5709" lat="33.5707837" lon="130.4309746" />
  <node id="-5710" lat="33.5707582" lon="130.430966" />
  <node id="-5711" lat="33.5707367" lon="130.430962" />
  <node id="-5712" lat="33.5707167" lon="130.4311481" />
  <node id="-5713" lat="33.5707372" lon="130.431273" />
  <node id="-5714" lat="33.5707882" lon="130.4314241" />
  <node id="-5715" lat="33.5709588" lon="130.4317022" />
  <node id="-5716" lat="33.5710709" lon="130.4318727" />
  <node id="-5717" lat="33.571218" lon="130.4321051" />
  <node id="-5718" lat="33.5712187" lon="130.4321247" />
  <node id="-5719" lat="33.5711952" lon="130.4321701" />
  <node id="-5720" lat="33.5711328" lon="130.4322521" />
  <node id="-5721" lat="33.5710289" lon="130.4323744" />
  <node id="-5722" lat="33.5708921" lon="130.4324971" />
  <node id="-5723" lat="33.5708559" lon="130.4325339" />
  <node id="-5724" lat="33.5707446" lon="130.4326147" />
  <node id="-5725" lat="33.5706922" lon="130.4326662" />
  <node id="-5726" lat="33.5706528" lon="130.4327323" />
  <node id="-5727" lat="33.5706135" lon="130.4328203" />
  <node id="-5728" lat="33.570605" lon="130.432879" />
  <node id="-5729" lat="33.5705681" lon="130.4329227" />
  <node id="-5730" lat="33.5705205" lon="130.4329675" />
  <node id="-5731" lat="33.5704638" lon="130.4329858" />
  <node id="-5732" lat="33.5703916" lon="130.4329797" />
  <node id="-5733" lat="33.5702172" lon="130.4329113" />
  <node id="-5734" lat="33.5701707" lon="130.4328911" />
  <node id="-5735" lat="33.5701237" lon="130.4328944" />
  <node id="-5736" lat="33.5700869" lon="130.4329253" />
  <node id="-5737" lat="33.5700384" lon="130.4329965" />
  <node id="-5738" lat="33.5699768" lon="130.4331126" />
  <node id="-5739" lat="33.5698658" lon="130.4332778" />
  <node id="-5740" lat="33.5697339" lon="130.4333631" />
  <node id="-5741" lat="33.5695266" lon="130.4334933" />
  <node id="-5742" lat="33.569426" lon="130.4335392" />
  <node id="-5743" lat="33.5692319" lon="130.4336134" />
  <node id="-5744" lat="33.5691291" lon="130.4337004" />
  <node id="-5745" lat="33.5690654" lon="130.4337048" />
  <node id="-5746" lat="33.569019" lon="130.4336693" />
  <node id="-5747" lat="33.5689042" lon="130.4333856" />
  <node id="-5748" lat="33.568893" lon="130.4333883" />
  <node id="-5749" lat="33.5688493" lon="130.4332842" />
  <node id="-5750" lat="33.5687993" lon="130.4332229" />
  <node id="-5751" lat="33.5687334" lon="130.4331592" />
  <node id="-5752" lat="33.5686517" lon="130.4331512" />
  <node id="-5753" lat="33.5685838" lon="130.4331513" />
  <node id="-5754" lat="33.5684895" lon="130.4331542" />
  <node id="-5755" lat="33.5684013" lon="130.4331784" />
  <node id="-5756" lat="33.568285" lon="130.4332431" />
  <node id="-5757" lat="33.5682005" lon="130.4333059" />
  <node id="-5758" lat="33.5681002" lon="130.4334104" />
  <node id="-5759" lat="33.5680274" lon="130.4335018" />
  <node id="-5760" lat="33.5679177" lon="130.4336931" />
  <node id="-5761" lat="33.5678795" lon="130.4337537" />
  <node id="-5762" lat="33.567836" lon="130.4338" />
  <node id="-5763" lat="33.567747" lon="130.4338425" />
  <node id="-5764" lat="33.567645" lon="130.433859" />
  <node id="-5765" lat="33.567599" lon="130.433857" />
  <node id="-5766" lat="33.5673848" lon="130.4338629" />
  <node id="-5767" lat="33.56728" lon="130.4338704" />
  <node id="-5768" lat="33.5671749" lon="130.4338799" />
  <node id="-5769" lat="33.5671023" lon="130.4339437" />
  <node id="-5770" lat="33.5670078" lon="130.4342041" />
  <node id="-5771" lat="33.5669739" lon="130.4343631" />
  <node id="-5772" lat="33.5669543" lon="130.4344055" />
  <node id="-5773" lat="33.5669224" lon="130.4344397" />
  <node id="-5774" lat="33.5668783" lon="130.4344545" />
  <node id="-5775" lat="33.5668327" lon="130.4344549" />
  <node id="-5776" lat="33.566689" lon="130.4344171" />
  <node id="-5777" lat="33.5666561" lon="130.4344202" />
  <node id="-5778" lat="33.5666569" lon="130.4344451" />
  <node id="-5779" lat="33.5666577" lon="130.4344701" />
  <way id="762186040">
    <nd ref="-5780" />
    <nd ref="-5781" />
    <nd ref="-5782" />
    <nd ref="-5783" />
    <nd ref="-5784" />
    <nd ref="-5785" />
    <nd ref="-5786" />
    <nd ref="-5787" />
    <nd ref="-5788" />
    <tag k="note" v="National-Land Numerical Information (River) 2006, MLIT Japan" />
    <tag k="note:ja" v="国土数値情報(河川データ)平成18年国土交通省" />
    <tag k="source" v="KSJ2" />
    <tag k="source_ref" v="http://nlftp.mlit.go.jp/ksj/jpgis/datalist/KsjTmplt-W05.html" />
    <tag k="waterway" v="stream" />
  </way>
  <node id="-5780" lat="33.5707582" lon="130.430966" />
  <node id="-5781" lat="33.5707958" lon="130.4308676" />
  <node id="-5782" lat="33.5708918" lon="130.4306892" />
  <node id="-5783" lat="33.5709076" lon="130.4306669" />
  <node id="-5784" lat="33.5722572" lon="130.4295275" />
  <node id="-5785" lat="33.5724178" lon="130.4294" />
  <node id="-5786" lat="33.5725316" lon="130.4293348" />
  <node id="-5787" lat="33.5725755" lon="130.4293536" />
  <node id="-5788" lat="33.5726068" lon="130.4293603" />
  <way id="762186041">
    <nd ref="-5789" />
    <nd ref="-5790" />
    <tag k="layer" v="-1" />
    <tag k="tunnel" v="yes" />
    <tag k="waterway" v="stream" />
  </way>
  <node id="-5789" lat="33.5724503" lon="130.4363903" />
  <node id="-5790" lat="33.5725028" lon="130.4364507" />
  <way id="762186042">
    <nd ref="-5791" />
    <nd ref="-5792" />
    <nd ref="-5793" />
    <tag k="waterway" v="stream" />
  </way>
  <node id="-5791" lat="33.5725028" lon="130.4364507" />
  <node id="-5792" lat="33.5727554" lon="130.4366834" />
  <node id="-5793" lat="33.5731107" lon="130.4370119" />
  <way id="762186043">
    <nd ref="-5794" />
    <nd ref="-5795" />
    <tag k="layer" v="-1" />
    <tag k="tunnel" v="yes" />
    <tag k="waterway" v="stream" />
  </way>
  <node id="-5794" lat="33.5731107" lon="130.4370119" />
  <node id="-5795" lat="33.5732325" lon="130.4371279" />
  <way id="762186044">
    <nd ref="-5796" />
    <nd ref="-5797" />
    <nd ref="-5798" />
    <tag k="layer" v="-1" />
    <tag k="tunnel" v="yes" />
    <tag k="waterway" v="stream" />
  </way>
  <node id="-5796" lat="33.5732716" lon="130.4371655" />
  <node id="-5797" lat="33.5735236" lon="130.4373781" />
  <node id="-5798" lat="33.5735864" lon="130.4373775" />
  <way id="762187950">
    <nd ref="-5799" />
    <nd ref="-5800" />
    <tag k="waterway" v="stream" />
  </way>
  <node id="-5799" lat="33.5732325" lon="130.4371279" />
  <node id="-5800" lat="33.5732716" lon="130.4371655" />
  <way id="762191716">
    <nd ref="-5801" />
    <nd ref="-5802" />
    <tag k="waterway" v="stream" />
  </way>
  <node id="-5801" lat="33.5632246" lon="130.4349232" />
  <node id="-5802" lat="33.5638326" lon="130.4346549" />
  <way id="762205627">
    <nd ref="-5803" />
    <nd ref="-5804" />
    <nd ref="-5805" />
    <nd ref="-5806" />
    <nd ref="-5807" />
    <nd ref="-5808" />
    <nd ref="-5809" />
    <nd ref="-5810" />
    <nd ref="-5811" />
    <nd ref="-5812" />
    <nd ref="-5813" />
    <nd ref="-5814" />
    <nd ref="-5815" />
    <nd ref="-5816" />
    <nd ref="-5817" />
    <nd ref="-5818" />
    <nd ref="-5819" />
    <nd ref="-5820" />
    <nd ref="-5821" />
    <nd ref="-5822" />
    <nd ref="-5823" />
    <nd ref="-5824" />
    <tag k="waterway" v="stream" />
    <tag k="width" v="3" />
  </way>
  <node id="-5803" lat="33.5639806" lon="130.4400395" />
  <node id="-5804" lat="33.5636147" lon="130.4390658" />
  <node id="-5805" lat="33.5635822" lon="130.4389814" />
  <node id="-5806" lat="33.5641946" lon="130.4380319" />
  <node id="-5807" lat="33.5642572" lon="130.4380319" />
  <node id="-5808" lat="33.5648081" lon="130.438052" />
  <node id="-5809" lat="33.5654373" lon="130.4382974" />
  <node id="-5810" lat="33.5659066" lon="130.439554" />
  <node id="-5811" lat="33.5659804" lon="130.4397739" />
  <node id="-5812" lat="33.5660608" lon="130.4397672" />
  <node id="-5813" lat="33.5674018" lon="130.4397379" />
  <node id="-5814" lat="33.5679013" lon="130.439727" />
  <node id="-5815" lat="33.5682298" lon="130.4397243" />
  <node id="-5816" lat="33.5685941" lon="130.4397216" />
  <node id="-5817" lat="33.5690534" lon="130.4397082" />
  <node id="-5818" lat="33.5691048" lon="130.4397109" />
  <node id="-5819" lat="33.5692188" lon="130.4398638" />
  <node id="-5820" lat="33.5692545" lon="130.4398772" />
  <node id="-5821" lat="33.5704323" lon="130.4398477" />
  <node id="-5822" lat="33.5705708" lon="130.4398638" />
  <node id="-5823" lat="33.5706066" lon="130.4398692" />
  <node id="-5824" lat="33.5707474" lon="130.4399094" />
  <way id="762205628">
    <nd ref="-5825" />
    <nd ref="-5826" />
    <nd ref="-5827" />
    <nd ref="-5828" />
    <nd ref="-5829" />
    <tag k="waterway" v="stream" />
  </way>
  <node id="-5825" lat="33.5706334" lon="130.4399523" />
  <node id="-5826" lat="33.5707474" lon="130.4399094" />
  <node id="-5827" lat="33.5708882" lon="130.4398826" />
  <node id="-5828" lat="33.5710692" lon="130.4398611" />
  <node id="-5829" lat="33.5713508" lon="130.4397753" />
  <way id="762207019">
    <nd ref="-5830" />
    <nd ref="-5831" />
    <nd ref="-5832" />
    <nd ref="-5833" />
    <tag k="waterway" v="stream" />
  </way>
  <node id="-5830" lat="33.5743677" lon="130.4459524" />
  <node id="-5831" lat="33.5745488" lon="130.4462662" />
  <node id="-5832" lat="33.5745979" lon="130.4462957" />
  <node id="-5833" lat="33.5746485" lon="130.4463166" />
  <way id="762207020">
    <nd ref="-5834" />
    <nd ref="-5835" />
    <nd ref="-5836" />
    <nd ref="-5837" />
    <nd ref="-5838" />
    <nd ref="-5839" />
    <nd ref="-5840" />
    <nd ref="-5841" />
    <nd ref="-5842" />
    <nd ref="-5843" />
    <nd ref="-5844" />
    <nd ref="-5845" />
    <nd ref="-5846" />
    <nd ref="-5847" />
    <tag k="waterway" v="stream" />
  </way>
  <node id="-5834" lat="33.574113" lon="130.4468858" />
  <node id="-5835" lat="33.5741756" lon="130.4468268" />
  <node id="-5836" lat="33.5742381" lon="130.4467919" />
  <node id="-5837" lat="33.5744795" lon="130.4465425" />
  <node id="-5838" lat="33.5745376" lon="130.4465049" />
  <node id="-5839" lat="33.5746426" lon="130.4463628" />
  <node id="-5840" lat="33.5746485" lon="130.4463166" />
  <node id="-5841" lat="33.5746694" lon="130.4461509" />
  <node id="-5842" lat="33.5747499" lon="130.4459926" />
  <node id="-5843" lat="33.5747901" lon="130.4459417" />
  <node id="-5844" lat="33.5748951" lon="130.4458398" />
  <node id="-5845" lat="33.5749935" lon="130.4458129" />
  <node id="-5846" lat="33.5751789" lon="130.4457056" />
  <node id="-5847" lat="33.5753175" lon="130.4456305" />
  <way id="762207021">
    <nd ref="-5848" />
    <nd ref="-5849" />
    <nd ref="-5850" />
    <nd ref="-5851" />
    <nd ref="-5852" />
    <nd ref="-5853" />
    <nd ref="-5854" />
    <nd ref="-5855" />
    <nd ref="-5856" />
    <nd ref="-5857" />
    <tag k="waterway" v="stream" />
  </way>
  <node id="-5848" lat="33.5676476" lon="130.4431817" />
  <node id="-5849" lat="33.5673292" lon="130.4426882" />
  <node id="-5850" lat="33.5672778" lon="130.4425594" />
  <node id="-5851" lat="33.5673638" lon="130.4424776" />
  <node id="-5852" lat="33.5674342" lon="130.4424347" />
  <node id="-5853" lat="33.5674945" lon="130.4423958" />
  <node id="-5854" lat="33.5676353" lon="130.4423341" />
  <node id="-5855" lat="33.568174" lon="130.4420069" />
  <node id="-5856" lat="33.5682734" lon="130.4419143" />
  <node id="-5857" lat="33.5685706" lon="130.4417199" />
  <way id="762208067">
    <nd ref="-5858" />
    <nd ref="-5859" />
    <tag k="waterway" v="stream" />
  </way>
  <node id="-5858" lat="33.564217" lon="130.434486" />
  <node id="-5859" lat="33.5650452" lon="130.434126" />
  <way id="762208068">
    <nd ref="-5860" />
    <nd ref="-5861" />
    <tag k="waterway" v="stream" />
  </way>
  <node id="-5860" lat="33.5638326" lon="130.4346549" />
  <node id="-5861" lat="33.564217" lon="130.434486" />
  <way id="762214973">
    <nd ref="-5862" />
    <nd ref="-5863" />
    <nd ref="-5864" />
    <nd ref="-5865" />
    <nd ref="-5866" />
    <nd ref="-5867" />
    <nd ref="-5868" />
    <nd ref="-5869" />
    <nd ref="-5870" />
    <nd ref="-5871" />
    <nd ref="-5872" />
    <nd ref="-5873" />
    <nd ref="-5874" />
    <nd ref="-5875" />
    <nd ref="-5876" />
    <nd ref="-5877" />
    <tag k="waterway" v="stream" />
  </way>
  <node id="-5862" lat="33.5715665" lon="130.4394239" />
  <node id="-5863" lat="33.5715821" lon="130.439318" />
  <node id="-5864" lat="33.5716279" lon="130.4392496" />
  <node id="-5865" lat="33.5716536" lon="130.4391678" />
  <node id="-5866" lat="33.5718156" lon="130.4389921" />
  <node id="-5867" lat="33.5718793" lon="130.4389425" />
  <node id="-5868" lat="33.5719497" lon="130.4388794" />
  <node id="-5869" lat="33.5720011" lon="130.4388472" />
  <node id="-5870" lat="33.5720838" lon="130.4388043" />
  <node id="-5871" lat="33.5721106" lon="130.4387923" />
  <node id="-5872" lat="33.5721888" lon="130.438752" />
  <node id="-5873" lat="33.5722682" lon="130.4386903" />
  <node id="-5874" lat="33.5722849" lon="130.4386501" />
  <node id="-5875" lat="33.5722872" lon="130.4386045" />
  <node id="-5876" lat="33.5722615" lon="130.4385442" />
  <node id="-5877" lat="33.5722179" lon="130.4384275" />
  <way id="762214974">
    <nd ref="-5878" />
    <nd ref="-5879" />
    <nd ref="-5880" />
    <nd ref="-5881" />
    <nd ref="-5882" />
    <nd ref="-5883" />
    <tag k="waterway" v="stream" />
  </way>
  <node id="-5878" lat="33.5679985" lon="130.4391316" />
  <node id="-5879" lat="33.5680276" lon="130.4391959" />
  <node id="-5880" lat="33.568117" lon="130.4391986" />
  <node id="-5881" lat="33.5681885" lon="130.4391986" />
  <node id="-5882" lat="33.5682689" lon="130.4391959" />
  <node id="-5883" lat="33.5683494" lon="130.4391852" />
  <way id="762214975">
    <nd ref="-5884" />
    <nd ref="-5885" />
    <nd ref="-5886" />
    <tag k="waterway" v="stream" />
  </way>
  <node id="-5884" lat="33.5673906" lon="130.4394615" />
  <node id="-5885" lat="33.5673951" lon="130.43966" />
  <node id="-5886" lat="33.5674018" lon="130.4397379" />
  <way id="762214976">
    <nd ref="-5887" />
    <nd ref="-5888" />
    <nd ref="-5889" />
    <nd ref="-5890" />
    <nd ref="-5891" />
    <nd ref="-5892" />
    <nd ref="-5893" />
    <nd ref="-5894" />
    <nd ref="-5895" />
    <nd ref="-5896" />
    <nd ref="-5897" />
    <nd ref="-5898" />
    <nd ref="-5899" />
    <nd ref="-5900" />
    <nd ref="-5901" />
    <nd ref="-5902" />
    <nd ref="-5903" />
    <nd ref="-5904" />
    <nd ref="-5905" />
    <nd ref="-5906" />
    <nd ref="-5907" />
    <nd ref="-5908" />
    <nd ref="-5909" />
    <nd ref="-5910" />
    <tag k="waterway" v="stream" />
  </way>
  <node id="-5887" lat="33.5654373" lon="130.4382974" />
  <node id="-5888" lat="33.5656295" lon="130.4383376" />
  <node id="-5889" lat="33.5657614" lon="130.4384878" />
  <node id="-5890" lat="33.5658262" lon="130.4385871" />
  <node id="-5891" lat="33.5658887" lon="130.4387265" />
  <node id="-5892" lat="33.5659133" lon="130.4387802" />
  <node id="-5893" lat="33.5659714" lon="130.4389143" />
  <node id="-5894" lat="33.5660139" lon="130.438976" />
  <node id="-5895" lat="33.5661726" lon="130.4390967" />
  <node id="-5896" lat="33.5664095" lon="130.4391745" />
  <node id="-5897" lat="33.5664542" lon="130.439212" />
  <node id="-5898" lat="33.5665257" lon="130.4392496" />
  <node id="-5899" lat="33.5666486" lon="130.4392442" />
  <node id="-5900" lat="33.5670085" lon="130.4393139" />
  <node id="-5901" lat="33.5670599" lon="130.4393569" />
  <node id="-5902" lat="33.5671314" lon="130.4394212" />
  <node id="-5903" lat="33.5671895" lon="130.4394534" />
  <node id="-5904" lat="33.5673906" lon="130.4394615" />
  <node id="-5905" lat="33.5675426" lon="130.4394481" />
  <node id="-5906" lat="33.5676342" lon="130.4394132" />
  <node id="-5907" lat="33.5676789" lon="130.439373" />
  <node id="-5908" lat="33.5676767" lon="130.439263" />
  <node id="-5909" lat="33.5676923" lon="130.4391557" />
  <node id="-5910" lat="33.5677259" lon="130.439145" />
  <way id="762214977">
    <nd ref="-5911" />
    <nd ref="-5912" />
    <nd ref="-5913" />
    <nd ref="-5914" />
    <nd ref="-5915" />
    <nd ref="-5916" />
    <nd ref="-5917" />
    <nd ref="-5918" />
    <nd ref="-5919" />
    <nd ref="-5920" />
    <nd ref="-5921" />
    <nd ref="-5922" />
    <nd ref="-5923" />
    <nd ref="-5924" />
    <nd ref="-5925" />
    <nd ref="-5926" />
    <nd ref="-5927" />
    <nd ref="-5928" />
    <nd ref="-5929" />
    <nd ref="-5930" />
    <nd ref="-5931" />
    <nd ref="-5932" />
    <nd ref="-5933" />
    <nd ref="-5934" />
    <nd ref="-5935" />
    <tag k="waterway" v="stream" />
  </way>
  <node id="-5911" lat="33.5752955" lon="130.4372744" />
  <node id="-5912" lat="33.5752415" lon="130.4370582" />
  <node id="-5913" lat="33.5752259" lon="130.4367202" />
  <node id="-5914" lat="33.5754985" lon="130.4364815" />
  <node id="-5915" lat="33.5755052" lon="130.4364064" />
  <node id="-5916" lat="33.5754873" lon="130.4363474" />
  <node id="-5917" lat="33.5754136" lon="130.4362079" />
  <node id="-5918" lat="33.5753823" lon="130.4361516" />
  <node id="-5919" lat="33.5753108" lon="130.4360577" />
  <node id="-5920" lat="33.5752125" lon="130.4359692" />
  <node id="-5921" lat="33.5751968" lon="130.4359424" />
  <node id="-5922" lat="33.5754985" lon="130.4356366" />
  <node id="-5923" lat="33.5754739" lon="130.4355964" />
  <node id="-5924" lat="33.5754114" lon="130.4355589" />
  <node id="-5925" lat="33.5753465" lon="130.4354677" />
  <node id="-5926" lat="33.5752929" lon="130.4353657" />
  <node id="-5927" lat="33.5752683" lon="130.4352558" />
  <node id="-5928" lat="33.5752773" lon="130.43506" />
  <node id="-5929" lat="33.5752996" lon="130.4349768" />
  <node id="-5930" lat="33.5755499" lon="130.4349527" />
  <node id="-5931" lat="33.5756281" lon="130.4349661" />
  <node id="-5932" lat="33.575751" lon="130.4349607" />
  <node id="-5933" lat="33.5759946" lon="130.4348105" />
  <node id="-5934" lat="33.5760639" lon="130.4347649" />
  <node id="-5935" lat="33.5763008" lon="130.4345691" />
  <way id="762214978">
    <nd ref="-5936" />
    <nd ref="-5937" />
    <nd ref="-5938" />
    <nd ref="-5939" />
    <nd ref="-5940" />
    <nd ref="-5941" />
    <nd ref="-5942" />
    <nd ref="-5943" />
    <nd ref="-5944" />
    <nd ref="-5945" />
    <nd ref="-5946" />
    <nd ref="-5947" />
    <nd ref="-5948" />
    <tag k="waterway" v="stream" />
  </way>
  <node id="-5936" lat="33.5749018" lon="130.4373264" />
  <node id="-5937" lat="33.5751611" lon="130.437313" />
  <node id="-5938" lat="33.5752955" lon="130.4372744" />
  <node id="-5939" lat="33.5753197" lon="130.4372674" />
  <node id="-5940" lat="33.5753801" lon="130.4372379" />
  <node id="-5941" lat="33.575456" lon="130.4372165" />
  <node id="-5942" lat="33.575503" lon="130.4372057" />
  <node id="-5943" lat="33.5756102" lon="130.4372111" />
  <node id="-5944" lat="33.5756728" lon="130.4372299" />
  <node id="-5945" lat="33.5757153" lon="130.4372647" />
  <node id="-5946" lat="33.5757823" lon="130.4373479" />
  <node id="-5947" lat="33.5758091" lon="130.4373559" />
  <node id="-5948" lat="33.5763924" lon="130.4367954" />
  <way id="762214979">
    <nd ref="-5949" />
    <nd ref="-5950" />
    <nd ref="-5951" />
    <nd ref="-5952" />
    <nd ref="-5953" />
    <nd ref="-5954" />
    <nd ref="-5955" />
    <nd ref="-5956" />
    <nd ref="-5957" />
    <nd ref="-5958" />
    <tag k="waterway" v="stream" />
  </way>
  <node id="-5949" lat="33.5659624" lon="130.432486" />
  <node id="-5950" lat="33.5659843" lon="130.4328472" />
  <node id="-5951" lat="33.5658759" lon="130.4330862" />
  <node id="-5952" lat="33.5655839" lon="130.4332859" />
  <node id="-5953" lat="33.5654994" lon="130.4333706" />
  <node id="-5954" lat="33.5654876" lon="130.4335029" />
  <node id="-5955" lat="33.5655859" lon="130.4337604" />
  <node id="-5956" lat="33.5656027" lon="130.4340219" />
  <node id="-5957" lat="33.5656038" lon="130.4343545" />
  <node id="-5958" lat="33.5656717" lon="130.4346117" />
  <way id="762224005">
    <nd ref="-5959" />
    <nd ref="-5960" />
    <nd ref="-5961" />
    <nd ref="-5962" />
    <tag k="layer" v="-1" />
    <tag k="tunnel" v="yes" />
    <tag k="waterway" v="stream" />
  </way>
  <node id="-5959" lat="33.5619445" lon="130.4437114" />
  <node id="-5960" lat="33.5620065" lon="130.44369" />
  <node id="-5961" lat="33.563247" lon="130.4434808" />
  <node id="-5962" lat="33.5632626" lon="130.4435626" />
  <way id="762224007">
    <nd ref="-5963" />
    <nd ref="-5964" />
    <nd ref="-5965" />
    <tag k="waterway" v="stream" />
  </way>
  <node id="-5963" lat="33.5639153" lon="130.4441567" />
  <node id="-5964" lat="33.5639667" lon="130.4441299" />
  <node id="-5965" lat="33.5640259" lon="130.4440722" />
  <way id="762224008">
    <nd ref="-5966" />
    <nd ref="-5967" />
    <nd ref="-5968" />
    <tag k="layer" v="-1" />
    <tag k="tunnel" v="yes" />
    <tag k="waterway" v="stream" />
  </way>
  <node id="-5966" lat="33.5637622" lon="130.4441509" />
  <node id="-5967" lat="33.5638538" lon="130.4441889" />
  <node id="-5968" lat="33.5639153" lon="130.4441567" />
  <way id="762224009">
    <nd ref="-5969" />
    <nd ref="-5970" />
    <nd ref="-5971" />
    <tag k="layer" v="-1" />
    <tag k="tunnel" v="yes" />
    <tag k="waterway" v="stream" />
  </way>
  <node id="-5969" lat="33.5640259" lon="130.4440722" />
  <node id="-5970" lat="33.5641589" lon="130.4439153" />
  <node id="-5971" lat="33.5644814" lon="130.4439605" />
  <way id="762224010">
    <nd ref="-5972" />
    <nd ref="-5973" />
    <nd ref="-5974" />
    <tag k="waterway" v="stream" />
  </way>
  <node id="-5972" lat="33.5632626" lon="130.4435626" />
  <node id="-5973" lat="33.5634001" lon="130.4439796" />
  <node id="-5974" lat="33.5637622" lon="130.4441509" />
  <way id="762224011">
    <nd ref="-5975" />
    <nd ref="-5976" />
    <tag k="waterway" v="stream" />
  </way>
  <node id="-5975" lat="33.5654465" lon="130.4441808" />
  <node id="-5976" lat="33.5654781" lon="130.444267" />
  <way id="762224012">
    <nd ref="-5977" />
    <nd ref="-5978" />
    <tag k="layer" v="-1" />
    <tag k="tunnel" v="yes" />
    <tag k="waterway" v="stream" />
  </way>
  <node id="-5977" lat="33.5654159" lon="130.4441027" />
  <node id="-5978" lat="33.5654465" lon="130.4441808" />
  <way id="762224013">
    <nd ref="-5979" />
    <nd ref="-5980" />
    <nd ref="-5981" />
    <nd ref="-5982" />
    <nd ref="-5983" />
    <nd ref="-5984" />
    <nd ref="-5985" />
    <nd ref="-5986" />
    <nd ref="-5987" />
    <nd ref="-5988" />
    <nd ref="-5989" />
    <tag k="waterway" v="stream" />
  </way>
  <node id="-5979" lat="33.5644814" lon="130.4439605" />
  <node id="-5980" lat="33.56458" lon="130.4439613" />
  <node id="-5981" lat="33.5646414" lon="130.4438817" />
  <node id="-5982" lat="33.5646986" lon="130.4438143" />
  <node id="-5983" lat="33.5647724" lon="130.4437584" />
  <node id="-5984" lat="33.5648167" lon="130.4437327" />
  <node id="-5985" lat="33.5650015" lon="130.4436886" />
  <node id="-5986" lat="33.5650383" lon="130.443694" />
  <node id="-5987" lat="33.5651702" lon="130.4438026" />
  <node id="-5988" lat="33.5653284" lon="130.4438797" />
  <node id="-5989" lat="33.5654159" lon="130.4441027" />
  <way id="762224014">
    <nd ref="-5990" />
    <nd ref="-5991" />
    <nd ref="-5992" />
    <nd ref="-5993" />
    <nd ref="-5994" />
    <nd ref="-5995" />
    <nd ref="-5996" />
    <nd ref="-5997" />
    <nd ref="-5998" />
    <nd ref="-5999" />
    <tag k="waterway" v="stream" />
  </way>
  <node id="-5990" lat="33.5687025" lon="130.4416019" />
  <node id="-5991" lat="33.5687584" lon="130.4415858" />
  <node id="-5992" lat="33.5689461" lon="130.4415697" />
  <node id="-5993" lat="33.5689707" lon="130.4415603" />
  <node id="-5994" lat="33.569126" lon="130.4414383" />
  <node id="-5995" lat="33.5693082" lon="130.4412478" />
  <node id="-5996" lat="33.5693618" lon="130.4411969" />
  <node id="-5997" lat="33.5694825" lon="130.4410493" />
  <node id="-5998" lat="33.5695417" lon="130.4409461" />
  <node id="-5999" lat="33.5696043" lon="130.4409085" />
  <way id="762224015">
    <nd ref="-6000" />
    <nd ref="-6001" />
    <tag k="layer" v="-1" />
    <tag k="tunnel" v="yes" />
    <tag k="waterway" v="stream" />
  </way>
  <node id="-6000" lat="33.5685706" lon="130.4417199" />
  <node id="-6001" lat="33.5687025" lon="130.4416019" />
  <way id="762224016">
    <nd ref="-6002" />
    <nd ref="-6003" />
    <nd ref="-6004" />
    <tag k="waterway" v="stream" />
  </way>
  <node id="-6002" lat="33.5712525" lon="130.4412156" />
  <node id="-6003" lat="33.5718961" lon="130.440529" />
  <node id="-6004" lat="33.5722671" lon="130.4403573" />
  <way id="762294816">
    <nd ref="-6005" />
    <nd ref="-6006" />
    <nd ref="-6007" />
    <nd ref="-6008" />
    <nd ref="-6009" />
    <nd ref="-6010" />
    <nd ref="-6011" />
    <nd ref="-6012" />
    <nd ref="-6013" />
    <tag k="natural" v="water" />
    <tag k="water" v="river" />
  </way>
  <node id="-6005" lat="33.5632542" lon="130.4435666" />
  <node id="-6006" lat="33.5633932" lon="130.4439879" />
  <node id="-6007" lat="33.5637601" lon="130.4441587" />
  <node id="-6008" lat="33.5637622" lon="130.4441509" />
  <node id="-6009" lat="33.5637643" lon="130.4441432" />
  <node id="-6010" lat="33.563407" lon="130.4439713" />
  <node id="-6011" lat="33.563271" lon="130.4435586" />
  <node id="-6012" lat="33.5632626" lon="130.4435626" />
  <node id="-6013" lat="33.5632542" lon="130.4435666" />
  <way id="762294817">
    <nd ref="-6014" />
    <nd ref="-6015" />
    <nd ref="-6016" />
    <nd ref="-6017" />
    <nd ref="-6018" />
    <nd ref="-6019" />
    <nd ref="-6020" />
    <nd ref="-6021" />
    <nd ref="-6022" />
    <tag k="natural" v="water" />
    <tag k="water" v="river" />
  </way>
  <node id="-6014" lat="33.5639114" lon="130.4441459" />
  <node id="-6015" lat="33.5639153" lon="130.4441567" />
  <node id="-6016" lat="33.5639175" lon="130.4441681" />
  <node id="-6017" lat="33.5639717" lon="130.4441399" />
  <node id="-6018" lat="33.5640309" lon="130.4440796" />
  <node id="-6019" lat="33.5640259" lon="130.4440722" />
  <node id="-6020" lat="33.5640175" lon="130.4440621" />
  <node id="-6021" lat="33.5639611" lon="130.4441158" />
  <node id="-6022" lat="33.5639114" lon="130.4441459" />
  <way id="762294818">
    <nd ref="-6023" />
    <nd ref="-6024" />
    <nd ref="-6025" />
    <nd ref="-6026" />
    <nd ref="-6027" />
    <nd ref="-6028" />
    <nd ref="-6029" />
    <tag k="natural" v="water" />
    <tag k="water" v="river" />
  </way>
  <node id="-6023" lat="33.5654529" lon="130.4441781" />
  <node id="-6024" lat="33.5654465" lon="130.4441808" />
  <node id="-6025" lat="33.5654401" lon="130.4441835" />
  <node id="-6026" lat="33.5654742" lon="130.4442693" />
  <node id="-6027" lat="33.5654781" lon="130.444267" />
  <node id="-6028" lat="33.565482" lon="130.4442646" />
  <node id="-6029" lat="33.5654529" lon="130.4441781" />
  <way id="762294819">
    <nd ref="-6030" />
    <nd ref="-6031" />
    <nd ref="-6032" />
    <nd ref="-6033" />
    <nd ref="-6034" />
    <nd ref="-6035" />
    <nd ref="-6036" />
    <nd ref="-6037" />
    <nd ref="-6038" />
    <nd ref="-6039" />
    <nd ref="-6040" />
    <nd ref="-6041" />
    <nd ref="-6042" />
    <nd ref="-6043" />
    <nd ref="-6044" />
    <nd ref="-6045" />
    <nd ref="-6046" />
    <nd ref="-6047" />
    <nd ref="-6048" />
    <nd ref="-6049" />
    <nd ref="-6050" />
    <nd ref="-6051" />
    <nd ref="-6052" />
    <nd ref="-6053" />
    <nd ref="-6054" />
    <nd ref="-6055" />
    <nd ref="-6056" />
    <tag k="natural" v="water" />
    <tag k="water" v="river" />
  </way>
  <node id="-6030" lat="33.5644806" lon="130.4439723" />
  <node id="-6031" lat="33.5645815" lon="130.4439714" />
  <node id="-6032" lat="33.5645958" lon="130.4439575" />
  <node id="-6033" lat="33.564607" lon="130.4439542" />
  <node id="-6034" lat="33.56465" lon="130.4438885" />
  <node id="-6035" lat="33.5647033" lon="130.4438244" />
  <node id="-6036" lat="33.5647722" lon="130.4437692" />
  <node id="-6037" lat="33.5648177" lon="130.4437432" />
  <node id="-6038" lat="33.5649973" lon="130.4437009" />
  <node id="-6039" lat="33.5650306" lon="130.4437057" />
  <node id="-6040" lat="33.5651625" lon="130.4438088" />
  <node id="-6041" lat="33.5653242" lon="130.4438906" />
  <node id="-6042" lat="33.5654089" lon="130.4441058" />
  <node id="-6043" lat="33.5654159" lon="130.4441027" />
  <node id="-6044" lat="33.5654229" lon="130.4440995" />
  <node id="-6045" lat="33.5653325" lon="130.4438688" />
  <node id="-6046" lat="33.5651723" lon="130.4437864" />
  <node id="-6047" lat="33.5650416" lon="130.4436818" />
  <node id="-6048" lat="33.565001" lon="130.4436723" />
  <node id="-6049" lat="33.5648156" lon="130.4437221" />
  <node id="-6050" lat="33.5647659" lon="130.4437441" />
  <node id="-6051" lat="33.5646938" lon="130.4438041" />
  <node id="-6052" lat="33.5646327" lon="130.443875" />
  <node id="-6053" lat="33.5645784" lon="130.4439511" />
  <node id="-6054" lat="33.5644823" lon="130.4439487" />
  <node id="-6055" lat="33.5644814" lon="130.4439605" />
  <node id="-6056" lat="33.5644806" lon="130.4439723" />
  <way id="762383941">
    <nd ref="-6057" />
    <nd ref="-6058" />
    <nd ref="-6059" />
    <nd ref="-6060" />
    <nd ref="-6061" />
    <nd ref="-6062" />
    <nd ref="-6063" />
    <nd ref="-6064" />
    <nd ref="-6065" />
    <tag k="waterway" v="stream" />
  </way>
  <node id="-6057" lat="33.5620032" lon="130.4509145" />
  <node id="-6058" lat="33.5621921" lon="130.4507683" />
  <node id="-6059" lat="33.5623005" lon="130.450661" />
  <node id="-6060" lat="33.5623586" lon="130.4505913" />
  <node id="-6061" lat="33.5624189" lon="130.4505108" />
  <node id="-6062" lat="33.5624636" lon="130.4504706" />
  <node id="-6063" lat="33.5626301" lon="130.4503593" />
  <node id="-6064" lat="33.5626491" lon="130.4503378" />
  <node id="-6065" lat="33.5626994" lon="130.4502614" />
  <way id="762383943">
    <nd ref="-6066" />
    <nd ref="-6067" />
    <nd ref="-6068" />
    <nd ref="-6069" />
    <nd ref="-6070" />
    <nd ref="-6071" />
    <nd ref="-6072" />
    <nd ref="-6073" />
    <tag k="waterway" v="stream" />
  </way>
  <node id="-6066" lat="33.5627732" lon="130.4494554" />
  <node id="-6067" lat="33.5626704" lon="130.4493347" />
  <node id="-6068" lat="33.5626681" lon="130.4492086" />
  <node id="-6069" lat="33.5626882" lon="130.4489404" />
  <node id="-6070" lat="33.5626525" lon="130.4488063" />
  <node id="-6071" lat="33.562572" lon="130.4486319" />
  <node id="-6072" lat="33.5624714" lon="130.4485515" />
  <node id="-6073" lat="33.5624066" lon="130.4484469" />
  <way id="762383944">
    <nd ref="-6074" />
    <nd ref="-6075" />
    <nd ref="-6076" />
    <nd ref="-6077" />
    <nd ref="-6078" />
    <nd ref="-6079" />
    <tag k="waterway" v="stream" />
  </way>
  <node id="-6074" lat="33.5632828" lon="130.4477374" />
  <node id="-6075" lat="33.563518" lon="130.4481612" />
  <node id="-6076" lat="33.5635521" lon="130.4482249" />
  <node id="-6077" lat="33.5637918" lon="130.4486541" />
  <node id="-6078" lat="33.5638186" lon="130.448695" />
  <node id="-6079" lat="33.5638254" lon="130.4487087" />
  <way id="762383945">
    <nd ref="-6080" />
    <nd ref="-6081" />
    <nd ref="-6082" />
    <nd ref="-6083" />
    <nd ref="-6084" />
    <nd ref="-6085" />
    <nd ref="-6086" />
    <nd ref="-6087" />
    <nd ref="-6088" />
    <tag k="waterway" v="stream" />
  </way>
  <node id="-6080" lat="33.5632459" lon="130.4492569" />
  <node id="-6081" lat="33.5638254" lon="130.4487087" />
  <node id="-6082" lat="33.5638739" lon="130.4486628" />
  <node id="-6083" lat="33.5639035" lon="130.448636" />
  <node id="-6084" lat="33.5641835" lon="130.4483691" />
  <node id="-6085" lat="33.56425" lon="130.448304" />
  <node id="-6086" lat="33.5645075" lon="130.448064" />
  <node id="-6087" lat="33.5645466" lon="130.4480325" />
  <node id="-6088" lat="33.5654172" lon="130.4472151" />
  <way id="762383946">
    <nd ref="-6089" />
    <nd ref="-6090" />
    <nd ref="-6091" />
    <nd ref="-6092" />
    <nd ref="-6093" />
    <nd ref="-6094" />
    <nd ref="-6095" />
    <nd ref="-6096" />
    <nd ref="-6097" />
    <nd ref="-6098" />
    <nd ref="-6099" />
    <nd ref="-6100" />
    <tag k="waterway" v="stream" />
  </way>
  <node id="-6089" lat="33.5635546" lon="130.4463687" />
  <node id="-6090" lat="33.5635638" lon="130.4463829" />
  <node id="-6091" lat="33.5635856" lon="130.4464278" />
  <node id="-6092" lat="33.5637219" lon="130.4466706" />
  <node id="-6093" lat="33.5639505" lon="130.4470843" />
  <node id="-6094" lat="33.5639879" lon="130.4471574" />
  <node id="-6095" lat="33.5640639" lon="130.4472935" />
  <node id="-6096" lat="33.5640957" lon="130.4473478" />
  <node id="-6097" lat="33.5642209" lon="130.4475604" />
  <node id="-6098" lat="33.5642555" lon="130.4476254" />
  <node id="-6099" lat="33.5644735" lon="130.4480103" />
  <node id="-6100" lat="33.5645075" lon="130.448064" />
  <way id="762383947">
    <nd ref="-6101" />
    <nd ref="-6102" />
    <nd ref="-6103" />
    <nd ref="-6104" />
    <nd ref="-6105" />
    <nd ref="-6106" />
    <tag k="waterway" v="stream" />
  </way>
  <node id="-6101" lat="33.5629017" lon="130.4468791" />
  <node id="-6102" lat="33.5632045" lon="130.4466391" />
  <node id="-6103" lat="33.5633073" lon="130.4465613" />
  <node id="-6104" lat="33.5635546" lon="130.4463687" />
  <node id="-6105" lat="33.5635811" lon="130.446348" />
  <node id="-6106" lat="33.5636341" lon="130.4463103" />
  <way id="762383948">
    <nd ref="-6107" />
    <nd ref="-6108" />
    <nd ref="-6109" />
    <nd ref="-6110" />
    <nd ref="-6111" />
    <nd ref="-6112" />
    <nd ref="-6113" />
    <nd ref="-6114" />
    <nd ref="-6115" />
    <nd ref="-6116" />
    <nd ref="-6117" />
    <nd ref="-6118" />
    <nd ref="-6119" />
    <nd ref="-6120" />
    <nd ref="-6121" />
    <nd ref="-6122" />
    <nd ref="-6123" />
    <nd ref="-6124" />
    <nd ref="-6125" />
    <nd ref="-6126" />
    <nd ref="-6127" />
    <nd ref="-6128" />
    <nd ref="-6129" />
    <nd ref="-6130" />
    <nd ref="-6131" />
    <nd ref="-6132" />
    <nd ref="-6133" />
    <nd ref="-6134" />
    <nd ref="-6135" />
    <nd ref="-6136" />
    <nd ref="-6137" />
    <nd ref="-6138" />
    <nd ref="-6139" />
    <nd ref="-6140" />
    <nd ref="-6141" />
    <nd ref="-6142" />
    <nd ref="-6143" />
    <nd ref="-6144" />
    <tag k="waterway" v="stream" />
  </way>
  <node id="-6107" lat="33.562648" lon="130.4459068" />
  <node id="-6108" lat="33.5626592" lon="130.4461107" />
  <node id="-6109" lat="33.5632727" lon="130.446045" />
  <node id="-6110" lat="33.5632816" lon="130.4460865" />
  <node id="-6111" lat="33.5633029" lon="130.4461281" />
  <node id="-6112" lat="33.5633163" lon="130.4461429" />
  <node id="-6113" lat="33.5633498" lon="130.4461496" />
  <node id="-6114" lat="33.563409" lon="130.4461496" />
  <node id="-6115" lat="33.5634526" lon="130.4461509" />
  <node id="-6116" lat="33.5634794" lon="130.4461656" />
  <node id="-6117" lat="33.5636191" lon="130.4462984" />
  <node id="-6118" lat="33.5636341" lon="130.4463103" />
  <node id="-6119" lat="33.5636582" lon="130.4463293" />
  <node id="-6120" lat="33.5636906" lon="130.4463333" />
  <node id="-6121" lat="33.5637331" lon="130.4463266" />
  <node id="-6122" lat="33.5638493" lon="130.4462716" />
  <node id="-6123" lat="33.5638985" lon="130.4462636" />
  <node id="-6124" lat="33.5639331" lon="130.4462676" />
  <node id="-6125" lat="33.5640304" lon="130.4462984" />
  <node id="-6126" lat="33.5640829" lon="130.4463185" />
  <node id="-6127" lat="33.5641522" lon="130.4463252" />
  <node id="-6128" lat="33.5642807" lon="130.4463091" />
  <node id="-6129" lat="33.5643388" lon="130.4462863" />
  <node id="-6130" lat="33.5643902" lon="130.4462555" />
  <node id="-6131" lat="33.5644707" lon="130.4461764" />
  <node id="-6132" lat="33.5645187" lon="130.446116" />
  <node id="-6133" lat="33.5645254" lon="130.4460905" />
  <node id="-6134" lat="33.5645299" lon="130.4460651" />
  <node id="-6135" lat="33.5645254" lon="130.4460034" />
  <node id="-6136" lat="33.5645321" lon="130.4459792" />
  <node id="-6137" lat="33.5645612" lon="130.4459538" />
  <node id="-6138" lat="33.564588" lon="130.4459497" />
  <node id="-6139" lat="33.5646338" lon="130.4459403" />
  <node id="-6140" lat="33.5646919" lon="130.4459403" />
  <node id="-6141" lat="33.5647992" lon="130.445943" />
  <node id="-6142" lat="33.5648227" lon="130.445939" />
  <node id="-6143" lat="33.5648495" lon="130.4459283" />
  <node id="-6144" lat="33.5649389" lon="130.4458693" />
  <way id="762383949">
    <nd ref="-6145" />
    <nd ref="-6146" />
    <nd ref="-6147" />
    <nd ref="-6148" />
    <nd ref="-6149" />
    <nd ref="-6150" />
    <nd ref="-6151" />
    <nd ref="-6152" />
    <nd ref="-6153" />
    <nd ref="-6154" />
    <nd ref="-6155" />
    <nd ref="-6156" />
    <nd ref="-6157" />
    <nd ref="-6158" />
    <nd ref="-6159" />
    <nd ref="-6160" />
    <nd ref="-6161" />
    <nd ref="-6162" />
    <nd ref="-6163" />
    <tag k="waterway" v="stream" />
  </way>
  <node id="-6145" lat="33.5633107" lon="130.4451933" />
  <node id="-6146" lat="33.5634258" lon="130.445361" />
  <node id="-6147" lat="33.5634515" lon="130.445369" />
  <node id="-6148" lat="33.5635018" lon="130.4453677" />
  <node id="-6149" lat="33.5635901" lon="130.4453865" />
  <node id="-6150" lat="33.5636728" lon="130.4454267" />
  <node id="-6151" lat="33.563751" lon="130.4454629" />
  <node id="-6152" lat="33.5638113" lon="130.4454736" />
  <node id="-6153" lat="33.5638583" lon="130.4454817" />
  <node id="-6154" lat="33.563979" lon="130.4455045" />
  <node id="-6155" lat="33.564036" lon="130.4455139" />
  <node id="-6156" lat="33.5641499" lon="130.4455367" />
  <node id="-6157" lat="33.5642058" lon="130.4455434" />
  <node id="-6158" lat="33.5642684" lon="130.4455782" />
  <node id="-6159" lat="33.5643254" lon="130.4456104" />
  <node id="-6160" lat="33.5644215" lon="130.4456574" />
  <node id="-6161" lat="33.5645388" lon="130.445707" />
  <node id="-6162" lat="33.5646081" lon="130.4457284" />
  <node id="-6163" lat="33.5647254" lon="130.4457284" />
  <way id="762383950">
    <nd ref="-6164" />
    <nd ref="-6165" />
    <nd ref="-6166" />
    <nd ref="-6167" />
    <nd ref="-6168" />
    <nd ref="-6169" />
    <nd ref="-6170" />
    <nd ref="-6171" />
    <nd ref="-6172" />
    <nd ref="-6173" />
    <nd ref="-6174" />
    <nd ref="-6175" />
    <nd ref="-6176" />
    <nd ref="-6177" />
    <nd ref="-6178" />
    <tag k="waterway" v="stream" />
  </way>
  <node id="-6164" lat="33.5623787" lon="130.4444933" />
  <node id="-6165" lat="33.5624089" lon="130.4444718" />
  <node id="-6166" lat="33.5624346" lon="130.4444276" />
  <node id="-6167" lat="33.5624424" lon="130.4443659" />
  <node id="-6168" lat="33.5624569" lon="130.4443404" />
  <node id="-6169" lat="33.5624871" lon="130.4443096" />
  <node id="-6170" lat="33.562524" lon="130.4442921" />
  <node id="-6171" lat="33.5625675" lon="130.4442921" />
  <node id="-6172" lat="33.5629844" lon="130.44439" />
  <node id="-6173" lat="33.563009" lon="130.4444075" />
  <node id="-6174" lat="33.5630313" lon="130.444437" />
  <node id="-6175" lat="33.563057" lon="130.4444799" />
  <node id="-6176" lat="33.5631151" lon="130.4446261" />
  <node id="-6177" lat="33.5631744" lon="130.4448017" />
  <node id="-6178" lat="33.5631766" lon="130.4449989" />
  <way id="762797260">
    <nd ref="-6179" />
    <nd ref="-6180" />
    <tag k="layer" v="-1" />
    <tag k="tunnel" v="yes" />
    <tag k="waterway" v="stream" />
  </way>
  <node id="-6179" lat="33.5631766" lon="130.4449989" />
  <node id="-6180" lat="33.5633107" lon="130.4451933" />
  <way id="762812736">
    <nd ref="-6181" />
    <nd ref="-6182" />
    <tag k="waterway" v="stream" />
  </way>
  <node id="-6181" lat="33.5812236" lon="130.4372647" />
  <node id="-6182" lat="33.5812773" lon="130.4372057" />
  <way id="762812737">
    <nd ref="-6183" />
    <nd ref="-6184" />
    <tag k="layer" v="-1" />
    <tag k="tunnel" v="yes" />
    <tag k="waterway" v="stream" />
  </way>
  <node id="-6183" lat="33.5811018" lon="130.4373935" />
  <node id="-6184" lat="33.5812236" lon="130.4372647" />
  <way id="762812738">
    <nd ref="-6185" />
    <nd ref="-6186" />
    <tag k="layer" v="-1" />
    <tag k="tunnel" v="yes" />
    <tag k="waterway" v="stream" />
  </way>
  <node id="-6185" lat="33.5812773" lon="130.4372057" />
  <node id="-6186" lat="33.5814158" lon="130.4370515" />
  <way id="762812739">
    <nd ref="-6187" />
    <nd ref="-6188" />
    <tag k="waterway" v="stream" />
  </way>
  <node id="-6187" lat="33.5810113" lon="130.4374927" />
  <node id="-6188" lat="33.5811018" lon="130.4373935" />
  <way id="762812740">
    <nd ref="-6189" />
    <nd ref="-6190" />
    <nd ref="-6191" />
    <nd ref="-6192" />
    <nd ref="-6193" />
    <tag k="waterway" v="stream" />
  </way>
  <node id="-6189" lat="33.5820169" lon="130.4368973" />
  <node id="-6190" lat="33.5822538" lon="130.4366532" />
  <node id="-6191" lat="33.5822951" lon="130.4366089" />
  <node id="-6192" lat="33.5823733" lon="130.4365258" />
  <node id="-6193" lat="33.5825353" lon="130.436338" />
  <way id="762812741">
    <nd ref="-6194" />
    <nd ref="-6195" />
    <tag k="layer" v="-1" />
    <tag k="tunnel" v="yes" />
    <tag k="waterway" v="stream" />
  </way>
  <node id="-6194" lat="33.5819778" lon="130.4369389" />
  <node id="-6195" lat="33.5820169" lon="130.4368973" />
  <way id="762812742">
    <nd ref="-6196" />
    <nd ref="-6197" />
    <nd ref="-6198" />
    <nd ref="-6199" />
    <nd ref="-6200" />
    <nd ref="-6201" />
    <nd ref="-6202" />
    <nd ref="-6203" />
    <nd ref="-6204" />
    <nd ref="-6205" />
    <nd ref="-6206" />
    <tag k="waterway" v="stream" />
  </way>
  <node id="-6196" lat="33.5814158" lon="130.4370515" />
  <node id="-6197" lat="33.5814549" lon="130.4370609" />
  <node id="-6198" lat="33.5814828" lon="130.4370783" />
  <node id="-6199" lat="33.5815823" lon="130.4371722" />
  <node id="-6200" lat="33.5816124" lon="130.4371816" />
  <node id="-6201" lat="33.5816448" lon="130.4371762" />
  <node id="-6202" lat="33.5816683" lon="130.4371668" />
  <node id="-6203" lat="33.5817465" lon="130.4371306" />
  <node id="-6204" lat="33.58178" lon="130.4371132" />
  <node id="-6205" lat="33.5818247" lon="130.4370797" />
  <node id="-6206" lat="33.5819778" lon="130.4369389" />
  <way id="762812743">
    <nd ref="-6207" />
    <nd ref="-6208" />
    <tag k="layer" v="-1" />
    <tag k="tunnel" v="yes" />
    <tag k="waterway" v="stream" />
  </way>
  <node id="-6207" lat="33.578017" lon="130.4381834" />
  <node id="-6208" lat="33.5780896" lon="130.4381029" />
  <way id="762812744">
    <nd ref="-6209" />
    <nd ref="-6210" />
    <nd ref="-6211" />
    <tag k="waterway" v="stream" />
  </way>
  <node id="-6209" lat="33.5780108" lon="130.4387869" />
  <node id="-6210" lat="33.5777751" lon="130.4384355" />
  <node id="-6211" lat="33.578017" lon="130.4381834" />
  <way id="762812745">
    <nd ref="-6212" />
    <nd ref="-6213" />
    <nd ref="-6214" />
    <nd ref="-6215" />
    <tag k="waterway" v="stream" />
  </way>
  <node id="-6212" lat="33.5783254" lon="130.4392093" />
  <node id="-6213" lat="33.5784215" lon="130.4391208" />
  <node id="-6214" lat="33.5784728" lon="130.4390457" />
  <node id="-6215" lat="33.5787309" lon="130.4388513" />
  <way id="762812746">
    <nd ref="-6216" />
    <nd ref="-6217" />
    <nd ref="-6218" />
    <nd ref="-6219" />
    <tag k="layer" v="-1" />
    <tag k="tunnel" v="yes" />
    <tag k="waterway" v="stream" />
  </way>
  <node id="-6216" lat="33.5781332" lon="130.4393904" />
  <node id="-6217" lat="33.5781634" lon="130.4393676" />
  <node id="-6218" lat="33.5782762" lon="130.4392657" />
  <node id="-6219" lat="33.5783254" lon="130.4392093" />
  <way id="762812747">
    <nd ref="-6220" />
    <nd ref="-6221" />
    <nd ref="-6222" />
    <nd ref="-6223" />
    <nd ref="-6224" />
    <tag k="waterway" v="stream" />
  </way>
  <node id="-6220" lat="33.5779796" lon="130.439544" />
  <node id="-6221" lat="33.5779857" lon="130.4394749" />
  <node id="-6222" lat="33.5779991" lon="130.4394454" />
  <node id="-6223" lat="33.5780304" lon="130.4394279" />
  <node id="-6224" lat="33.5781332" lon="130.4393904" />
  <way id="762812748">
    <nd ref="-6225" />
    <nd ref="-6226" />
    <tag k="waterway" v="stream" />
  </way>
  <node id="-6225" lat="33.5784689" lon="130.4403687" />
  <node id="-6226" lat="33.5783594" lon="130.440193" />
  <way id="762812749">
    <nd ref="-6227" />
    <nd ref="-6228" />
    <tag k="layer" v="-1" />
    <tag k="tunnel" v="yes" />
    <tag k="waterway" v="stream" />
  </way>
  <node id="-6227" lat="33.5787622" lon="130.4407979" />
  <node id="-6228" lat="33.5784689" lon="130.4403687" />
  <way id="762812750">
    <nd ref="-6229" />
    <nd ref="-6230" />
    <nd ref="-6231" />
    <nd ref="-6232" />
    <nd ref="-6233" />
    <tag k="waterway" v="stream" />
  </way>
  <node id="-6229" lat="33.5781539" lon="130.439892" />
  <node id="-6230" lat="33.5780008" lon="130.4395688" />
  <node id="-6231" lat="33.5779796" lon="130.439544" />
  <node id="-6232" lat="33.5779606" lon="130.4395218" />
  <node id="-6233" lat="33.5777282" lon="130.4392093" />
  <way id="762812751">
    <nd ref="-6234" />
    <nd ref="-6235" />
    <nd ref="-6236" />
    <nd ref="-6237" />
    <tag k="layer" v="-1" />
    <tag k="tunnel" v="yes" />
    <tag k="waterway" v="stream" />
  </way>
  <node id="-6234" lat="33.5783594" lon="130.440193" />
  <node id="-6235" lat="33.5782092" lon="130.4400542" />
  <node id="-6236" lat="33.5781539" lon="130.4399195" />
  <node id="-6237" lat="33.5781539" lon="130.439892" />
  <way id="762812752">
    <nd ref="-6238" />
    <nd ref="-6239" />
    <tag k="waterway" v="stream" />
  </way>
  <node id="-6238" lat="33.5774963" lon="130.4389203" />
  <node id="-6239" lat="33.5772108" lon="130.4385522" />
  <way id="762812753">
    <nd ref="-6240" />
    <nd ref="-6241" />
    <tag k="layer" v="-1" />
    <tag k="tunnel" v="yes" />
    <tag k="waterway" v="stream" />
  </way>
  <node id="-6240" lat="33.5775918" lon="130.4390377" />
  <node id="-6241" lat="33.5774963" lon="130.4389203" />
  <way id="762812754">
    <nd ref="-6242" />
    <nd ref="-6243" />
    <tag k="waterway" v="stream" />
  </way>
  <node id="-6242" lat="33.5776885" lon="130.4391557" />
  <node id="-6243" lat="33.5775918" lon="130.4390377" />
  <way id="762812755">
    <nd ref="-6244" />
    <nd ref="-6245" />
    <tag k="layer" v="-1" />
    <tag k="tunnel" v="yes" />
    <tag k="waterway" v="stream" />
  </way>
  <node id="-6244" lat="33.5777282" lon="130.4392093" />
  <node id="-6245" lat="33.5776885" lon="130.4391557" />
  <way id="762812756">
    <nd ref="-6246" />
    <nd ref="-6247" />
    <tag k="waterway" v="stream" />
  </way>
  <node id="-6246" lat="33.5788823" lon="130.4409836" />
  <node id="-6247" lat="33.5787622" lon="130.4407979" />
  <way id="762812757">
    <nd ref="-6248" />
    <nd ref="-6249" />
    <nd ref="-6250" />
    <nd ref="-6251" />
    <tag k="waterway" v="stream" />
  </way>
  <node id="-6248" lat="33.5816515" lon="130.4400797" />
  <node id="-6249" lat="33.5816996" lon="130.4400415" />
  <node id="-6250" lat="33.581742" lon="130.4399946" />
  <node id="-6251" lat="33.5817594" lon="130.4399671" />
  <way id="762812758">
    <nd ref="-6252" />
    <nd ref="-6253" />
    <tag k="layer" v="-1" />
    <tag k="tunnel" v="yes" />
    <tag k="waterway" v="stream" />
  </way>
  <node id="-6252" lat="33.5816007" lon="130.4401112" />
  <node id="-6253" lat="33.5816515" lon="130.4400797" />
  <way id="762812760">
    <nd ref="-6254" />
    <nd ref="-6255" />
    <nd ref="-6256" />
    <nd ref="-6257" />
    <nd ref="-6258" />
    <nd ref="-6259" />
    <nd ref="-6260" />
    <nd ref="-6261" />
    <nd ref="-6262" />
    <tag k="waterway" v="stream" />
  </way>
  <node id="-6254" lat="33.581732" lon="130.4397431" />
  <node id="-6255" lat="33.5818471" lon="130.4396157" />
  <node id="-6256" lat="33.581913" lon="130.4395533" />
  <node id="-6257" lat="33.5819878" lon="130.4394849" />
  <node id="-6258" lat="33.5821582" lon="130.439326" />
  <node id="-6259" lat="33.5822923" lon="130.4392073" />
  <node id="-6260" lat="33.5823197" lon="130.4391953" />
  <node id="-6261" lat="33.5823889" lon="130.4391269" />
  <node id="-6262" lat="33.5824811" lon="130.4390484" />
  <way id="762812761">
    <nd ref="-6263" />
    <nd ref="-6264" />
    <nd ref="-6265" />
    <nd ref="-6266" />
    <tag k="layer" v="-1" />
    <tag k="tunnel" v="yes" />
    <tag k="waterway" v="stream" />
  </way>
  <node id="-6263" lat="33.5817594" lon="130.4399671" />
  <node id="-6264" lat="33.5817672" lon="130.4399583" />
  <node id="-6265" lat="33.5816845" lon="130.4397894" />
  <node id="-6266" lat="33.581732" lon="130.4397431" />
  <way id="762812762">
    <nd ref="-6267" />
    <nd ref="-6268" />
    <nd ref="-6269" />
    <nd ref="-6270" />
    <tag k="waterway" v="stream" />
  </way>
  <node id="-6267" lat="33.5825923" lon="130.4390122" />
  <node id="-6268" lat="33.5826984" lon="130.4389451" />
  <node id="-6269" lat="33.5828018" lon="130.4388613" />
  <node id="-6270" lat="33.5831867" lon="130.4385334" />
  <way id="762812763">
    <nd ref="-6271" />
    <nd ref="-6272" />
    <tag k="layer" v="-1" />
    <tag k="tunnel" v="yes" />
    <tag k="waterway" v="stream" />
  </way>
  <node id="-6271" lat="33.5824811" lon="130.4390484" />
  <node id="-6272" lat="33.5825923" lon="130.4390122" />
  <way id="762812764">
    <nd ref="-6273" />
    <nd ref="-6274" />
    <nd ref="-6275" />
    <tag k="waterway" v="stream" />
  </way>
  <node id="-6273" lat="33.583333" lon="130.438353" />
  <node id="-6274" lat="33.5835503" lon="130.4381666" />
  <node id="-6275" lat="33.5836051" lon="130.4381184" />
  <way id="762812765">
    <nd ref="-6276" />
    <nd ref="-6277" />
    <tag k="layer" v="-1" />
    <tag k="tunnel" v="yes" />
    <tag k="waterway" v="stream" />
  </way>
  <node id="-6276" lat="33.5831867" lon="130.4385334" />
  <node id="-6277" lat="33.583333" lon="130.438353" />
  <way id="762812766">
    <nd ref="-6278" />
    <nd ref="-6279" />
    <nd ref="-6280" />
    <nd ref="-6281" />
    <nd ref="-6282" />
    <nd ref="-6283" />
    <nd ref="-6284" />
    <tag k="waterway" v="stream" />
  </way>
  <node id="-6278" lat="33.5813867" lon="130.4401904" />
  <node id="-6279" lat="33.5814516" lon="130.4401481" />
  <node id="-6280" lat="33.5814622" lon="130.4401521" />
  <node id="-6281" lat="33.5814834" lon="130.4401662" />
  <node id="-6282" lat="33.581494" lon="130.4401709" />
  <node id="-6283" lat="33.5815164" lon="130.4401669" />
  <node id="-6284" lat="33.5816007" lon="130.4401112" />
  <way id="762812767">
    <nd ref="-6285" />
    <nd ref="-6286" />
    <tag k="waterway" v="stream" />
  </way>
  <node id="-6285" lat="33.5798756" lon="130.4426151" />
  <node id="-6286" lat="33.5800527" lon="130.4427995" />
  <way id="762812768">
    <nd ref="-6287" />
    <nd ref="-6288" />
    <tag k="layer" v="-1" />
    <tag k="tunnel" v="yes" />
    <tag k="waterway" v="stream" />
  </way>
  <node id="-6287" lat="33.5797812" lon="130.4425031" />
  <node id="-6288" lat="33.5798756" lon="130.4426151" />
  <way id="762812769">
    <nd ref="-6289" />
    <nd ref="-6290" />
    <tag k="waterway" v="stream" />
  </way>
  <node id="-6289" lat="33.5797533" lon="130.4424635" />
  <node id="-6290" lat="33.5797812" lon="130.4425031" />
  <way id="762812770">
    <nd ref="-6291" />
    <nd ref="-6292" />
    <tag k="layer" v="-1" />
    <tag k="tunnel" v="yes" />
    <tag k="waterway" v="stream" />
  </way>
  <node id="-6291" lat="33.5796689" lon="130.4423341" />
  <node id="-6292" lat="33.5797533" lon="130.4424635" />
  <way id="762812771">
    <nd ref="-6293" />
    <nd ref="-6294" />
    <nd ref="-6295" />
    <tag k="waterway" v="stream" />
  </way>
  <node id="-6293" lat="33.5794706" lon="130.4420739" />
  <node id="-6294" lat="33.5795019" lon="130.442078" />
  <node id="-6295" lat="33.5796689" lon="130.4423341" />
  <way id="762812774">
    <nd ref="-6296" />
    <nd ref="-6297" />
    <tag k="layer" v="-1" />
    <tag k="tunnel" v="yes" />
    <tag k="waterway" v="stream" />
  </way>
  <node id="-6296" lat="33.5787321" lon="130.4444839" />
  <node id="-6297" lat="33.5787701" lon="130.444441" />
  <way id="762812775">
    <nd ref="-6298" />
    <nd ref="-6299" />
    <tag k="waterway" v="stream" />
  </way>
  <node id="-6298" lat="33.578655" lon="130.4445711" />
  <node id="-6299" lat="33.5787321" lon="130.4444839" />
  <way id="762812776">
    <nd ref="-6300" />
    <nd ref="-6301" />
    <nd ref="-6302" />
    <nd ref="-6303" />
    <tag k="waterway" v="stream" />
  </way>
  <node id="-6300" lat="33.5792807" lon="130.4435746" />
  <node id="-6301" lat="33.5794036" lon="130.4434633" />
  <node id="-6302" lat="33.5796617" lon="130.4431696" />
  <node id="-6303" lat="33.5796985" lon="130.4431052" />
  <way id="762812777">
    <nd ref="-6304" />
    <nd ref="-6305" />
    <tag k="layer" v="-1" />
    <tag k="tunnel" v="yes" />
    <tag k="waterway" v="stream" />
  </way>
  <node id="-6304" lat="33.5792818" lon="130.4436497" />
  <node id="-6305" lat="33.5792807" lon="130.4435746" />
  <way id="762812778">
    <nd ref="-6306" />
    <nd ref="-6307" />
    <nd ref="-6308" />
    <tag k="waterway" v="stream" />
  </way>
  <node id="-6306" lat="33.5800348" lon="130.4428236" />
  <node id="-6307" lat="33.5800527" lon="130.4427995" />
  <node id="-6308" lat="33.580189" lon="130.4426734" />
  <way id="762812779">
    <nd ref="-6309" />
    <nd ref="-6310" />
    <tag k="layer" v="-1" />
    <tag k="tunnel" v="yes" />
    <tag k="waterway" v="stream" />
  </way>
  <node id="-6309" lat="33.5799667" lon="130.4428866" />
  <node id="-6310" lat="33.5800348" lon="130.4428236" />
  <way id="762812780">
    <nd ref="-6311" />
    <nd ref="-6312" />
    <tag k="waterway" v="stream" />
  </way>
  <node id="-6311" lat="33.5798918" lon="130.4429376" />
  <node id="-6312" lat="33.5799667" lon="130.4428866" />
  <way id="762812781">
    <nd ref="-6313" />
    <nd ref="-6314" />
    <tag k="layer" v="-1" />
    <tag k="tunnel" v="yes" />
    <tag k="waterway" v="stream" />
  </way>
  <node id="-6313" lat="33.5797577" lon="130.4430355" />
  <node id="-6314" lat="33.5798918" lon="130.4429376" />
  <way id="762812782">
    <nd ref="-6315" />
    <nd ref="-6316" />
    <tag k="waterway" v="stream" />
  </way>
  <node id="-6315" lat="33.5797443" lon="130.4430529" />
  <node id="-6316" lat="33.5797577" lon="130.4430355" />
  <way id="762812783">
    <nd ref="-6317" />
    <nd ref="-6318" />
    <tag k="layer" v="-1" />
    <tag k="tunnel" v="yes" />
    <tag k="waterway" v="stream" />
  </way>
  <node id="-6317" lat="33.5796985" lon="130.4431052" />
  <node id="-6318" lat="33.5797443" lon="130.4430529" />
  <way id="762812784">
    <nd ref="-6319" />
    <nd ref="-6320" />
    <tag k="waterway" v="stream" />
  </way>
  <node id="-6319" lat="33.5805343" lon="130.4423247" />
  <node id="-6320" lat="33.5807711" lon="130.4421048" />
  <way id="762812785">
    <nd ref="-6321" />
    <nd ref="-6322" />
    <tag k="layer" v="-1" />
    <tag k="tunnel" v="yes" />
    <tag k="waterway" v="stream" />
  </way>
  <node id="-6321" lat="33.580189" lon="130.4426734" />
  <node id="-6322" lat="33.5805343" lon="130.4423247" />
  <way id="762812786">
    <nd ref="-6323" />
    <nd ref="-6324" />
    <nd ref="-6325" />
    <nd ref="-6326" />
    <nd ref="-6327" />
    <nd ref="-6328" />
    <nd ref="-6329" />
    <nd ref="-6330" />
    <nd ref="-6331" />
    <tag k="waterway" v="stream" />
  </way>
  <node id="-6323" lat="33.5809689" lon="130.4420565" />
  <node id="-6324" lat="33.5810471" lon="130.4419787" />
  <node id="-6325" lat="33.5812192" lon="130.4417802" />
  <node id="-6326" lat="33.5813856" lon="130.4416515" />
  <node id="-6327" lat="33.5815286" lon="130.4415469" />
  <node id="-6328" lat="33.5816013" lon="130.4414731" />
  <node id="-6329" lat="33.5817711" lon="130.4412827" />
  <node id="-6330" lat="33.5818627" lon="130.4411834" />
  <node id="-6331" lat="33.5818962" lon="130.4411566" />
  <way id="762812787">
    <nd ref="-6332" />
    <nd ref="-6333" />
    <nd ref="-6334" />
    <tag k="layer" v="-1" />
    <tag k="tunnel" v="yes" />
    <tag k="waterway" v="stream" />
  </way>
  <node id="-6332" lat="33.5807711" lon="130.4421048" />
  <node id="-6333" lat="33.5809465" lon="130.4420739" />
  <node id="-6334" lat="33.5809689" lon="130.4420565" />
  <way id="762812788">
    <nd ref="-6335" />
    <nd ref="-6336" />
    <tag k="waterway" v="stream" />
  </way>
  <node id="-6335" lat="33.5819566" lon="130.441107" />
  <node id="-6336" lat="33.5822884" lon="130.4408106" />
  <way id="762812789">
    <nd ref="-6337" />
    <nd ref="-6338" />
    <tag k="layer" v="-1" />
    <tag k="tunnel" v="yes" />
    <tag k="waterway" v="stream" />
  </way>
  <node id="-6337" lat="33.5818962" lon="130.4411566" />
  <node id="-6338" lat="33.5819566" lon="130.441107" />
  <way id="762812792">
    <nd ref="-6339" />
    <nd ref="-6340" />
    <nd ref="-6341" />
    <nd ref="-6342" />
    <nd ref="-6343" />
    <nd ref="-6344" />
    <nd ref="-6345" />
    <nd ref="-6346" />
    <nd ref="-6347" />
    <tag k="waterway" v="stream" />
  </way>
  <node id="-6339" lat="33.5825599" lon="130.4406121" />
  <node id="-6340" lat="33.582637" lon="130.440525" />
  <node id="-6341" lat="33.5827342" lon="130.4404378" />
  <node id="-6342" lat="33.5829532" lon="130.4402581" />
  <node id="-6343" lat="33.5829833" lon="130.4402286" />
  <node id="-6344" lat="33.5830079" lon="130.4401991" />
  <node id="-6345" lat="33.5830437" lon="130.4401401" />
  <node id="-6346" lat="33.5830548" lon="130.4401159" />
  <node id="-6347" lat="33.583133" lon="130.4400234" />
  <way id="762812793">
    <nd ref="-6348" />
    <nd ref="-6349" />
    <tag k="layer" v="-1" />
    <tag k="tunnel" v="yes" />
    <tag k="waterway" v="stream" />
  </way>
  <node id="-6348" lat="33.5824526" lon="130.44071" />
  <node id="-6349" lat="33.5825599" lon="130.4406121" />
  <way id="762812794">
    <nd ref="-6350" />
    <nd ref="-6351" />
    <nd ref="-6352" />
    <tag k="waterway" v="stream" />
  </way>
  <node id="-6350" lat="33.5823331" lon="130.4407449" />
  <node id="-6351" lat="33.5824001" lon="130.4407395" />
  <node id="-6352" lat="33.5824526" lon="130.44071" />
  <way id="762812795">
    <nd ref="-6353" />
    <nd ref="-6354" />
    <tag k="layer" v="-1" />
    <tag k="tunnel" v="yes" />
    <tag k="waterway" v="stream" />
  </way>
  <node id="-6353" lat="33.5822884" lon="130.4408106" />
  <node id="-6354" lat="33.5823331" lon="130.4407449" />
  <way id="762812796">
    <nd ref="-6355" />
    <nd ref="-6356" />
    <nd ref="-6357" />
    <nd ref="-6358" />
    <nd ref="-6359" />
    <tag k="waterway" v="stream" />
  </way>
  <node id="-6355" lat="33.5787701" lon="130.444441" />
  <node id="-6356" lat="33.5790192" lon="130.4442492" />
  <node id="-6357" lat="33.5792404" lon="130.4441097" />
  <node id="-6358" lat="33.5794416" lon="130.4439569" />
  <node id="-6359" lat="33.5792818" lon="130.4436497" />
  <way id="762812797">
    <nd ref="-6360" />
    <nd ref="-6361" />
    <tag k="waterway" v="stream" />
  </way>
  <node id="-6360" lat="33.5772985" lon="130.4452135" />
  <node id="-6361" lat="33.5775527" lon="130.4449788" />
  <way id="762812798">
    <nd ref="-6362" />
    <nd ref="-6363" />
    <tag k="layer" v="-1" />
    <tag k="tunnel" v="yes" />
    <tag k="waterway" v="stream" />
  </way>
  <node id="-6362" lat="33.5770896" lon="130.4453985" />
  <node id="-6363" lat="33.5772985" lon="130.4452135" />
  <way id="762812799">
    <nd ref="-6364" />
    <nd ref="-6365" />
    <tag k="waterway" v="stream" />
  </way>
  <node id="-6364" lat="33.5768527" lon="130.4456212" />
  <node id="-6365" lat="33.5770896" lon="130.4453985" />
  <way id="762812801">
    <nd ref="-6366" />
    <nd ref="-6367" />
    <tag k="layer" v="-1" />
    <tag k="tunnel" v="yes" />
    <tag k="waterway" v="stream" />
  </way>
  <node id="-6366" lat="33.5772203" lon="130.4455394" />
  <node id="-6367" lat="33.5774287" lon="130.4453798" />
  <way id="762812802">
    <nd ref="-6368" />
    <nd ref="-6369" />
    <nd ref="-6370" />
    <nd ref="-6371" />
    <nd ref="-6372" />
    <nd ref="-6373" />
    <tag k="waterway" v="stream" />
  </way>
  <node id="-6368" lat="33.5769561" lon="130.4458062" />
  <node id="-6369" lat="33.5770298" lon="130.4457801" />
  <node id="-6370" lat="33.577065" lon="130.4457613" />
  <node id="-6371" lat="33.5770946" lon="130.4457345" />
  <node id="-6372" lat="33.5771187" lon="130.4457023" />
  <node id="-6373" lat="33.5772203" lon="130.4455394" />
  <way id="762812803">
    <nd ref="-6374" />
    <nd ref="-6375" />
    <nd ref="-6376" />
    <tag k="waterway" v="stream" />
  </way>
  <node id="-6374" lat="33.5778974" lon="130.4454039" />
  <node id="-6375" lat="33.5781488" lon="130.4452866" />
  <node id="-6376" lat="33.5781969" lon="130.4454274" />
  <way id="762812804">
    <nd ref="-6377" />
    <nd ref="-6378" />
    <tag k="layer" v="-1" />
    <tag k="tunnel" v="yes" />
    <tag k="waterway" v="stream" />
  </way>
  <node id="-6377" lat="33.5777946" lon="130.445426" />
  <node id="-6378" lat="33.5778974" lon="130.4454039" />
  <way id="762812805">
    <nd ref="-6379" />
    <nd ref="-6380" />
    <tag k="waterway" v="stream" />
  </way>
  <node id="-6379" lat="33.5782203" lon="130.4454998" />
  <node id="-6380" lat="33.5782298" lon="130.4455306" />
  <way id="762812806">
    <nd ref="-6381" />
    <nd ref="-6382" />
    <tag k="layer" v="-1" />
    <tag k="tunnel" v="yes" />
    <tag k="waterway" v="stream" />
  </way>
  <node id="-6381" lat="33.5781969" lon="130.4454274" />
  <node id="-6382" lat="33.5782203" lon="130.4454998" />
  <way id="762812807">
    <nd ref="-6383" />
    <nd ref="-6384" />
    <nd ref="-6385" />
    <nd ref="-6386" />
    <nd ref="-6387" />
    <nd ref="-6388" />
    <nd ref="-6389" />
    <nd ref="-6390" />
    <nd ref="-6391" />
    <nd ref="-6392" />
    <tag k="waterway" v="stream" />
  </way>
  <node id="-6383" lat="33.5774287" lon="130.4453798" />
  <node id="-6384" lat="33.5774712" lon="130.4453523" />
  <node id="-6385" lat="33.5775064" lon="130.4453368" />
  <node id="-6386" lat="33.5775511" lon="130.4453335" />
  <node id="-6387" lat="33.5775918" lon="130.4453382" />
  <node id="-6388" lat="33.5776455" lon="130.445357" />
  <node id="-6389" lat="33.5777097" lon="130.4454012" />
  <node id="-6390" lat="33.5777427" lon="130.4454146" />
  <node id="-6391" lat="33.5777712" lon="130.445426" />
  <node id="-6392" lat="33.5777946" lon="130.445426" />
  <way id="762846270">
    <nd ref="-6393" />
    <nd ref="-6394" />
    <tag k="layer" v="-1" />
    <tag k="note" v="National-Land Numerical Information (River) 2006, MLIT Japan" />
    <tag k="note:ja" v="国土数値情報(河川データ)平成18年国土交通省" />
    <tag k="source" v="KSJ2" />
    <tag k="source_ref" v="http://nlftp.mlit.go.jp/ksj/jpgis/datalist/KsjTmplt-W05.html" />
    <tag k="tunnel" v="yes" />
    <tag k="waterway" v="stream" />
  </way>
  <node id="-6393" lat="33.5660664" lon="130.4630904" />
  <node id="-6394" lat="33.56615" lon="130.4631233" />
  <way id="762846271">
    <nd ref="-6395" />
    <nd ref="-6396" />
    <nd ref="-6397" />
    <nd ref="-6398" />
    <nd ref="-6399" />
    <nd ref="-6400" />
    <nd ref="-6401" />
    <nd ref="-6402" />
    <tag k="note" v="National-Land Numerical Information (River) 2006, MLIT Japan" />
    <tag k="note:ja" v="国土数値情報(河川データ)平成18年国土交通省" />
    <tag k="source" v="KSJ2" />
    <tag k="source_ref" v="http://nlftp.mlit.go.jp/ksj/jpgis/datalist/KsjTmplt-W05.html" />
    <tag k="waterway" v="stream" />
  </way>
  <node id="-6395" lat="33.563135" lon="130.4674249" />
  <node id="-6396" lat="33.563902" lon="130.4664569" />
  <node id="-6397" lat="33.564206" lon="130.4660599" />
  <node id="-6398" lat="33.564448" lon="130.4656769" />
  <node id="-6399" lat="33.564634" lon="130.4653269" />
  <node id="-6400" lat="33.564786" lon="130.4649769" />
  <node id="-6401" lat="33.565045" lon="130.4643039" />
  <node id="-6402" lat="33.565547" lon="130.4630999" />
  <way id="762846272">
    <nd ref="-6403" />
    <nd ref="-6404" />
    <tag k="waterway" v="stream" />
  </way>
  <node id="-6403" lat="33.5701747" lon="130.4549606" />
  <node id="-6404" lat="33.5701853" lon="130.4549579" />
  <way id="762846273">
    <nd ref="-6405" />
    <nd ref="-6406" />
    <nd ref="-6407" />
    <tag k="layer" v="-1" />
    <tag k="tunnel" v="yes" />
    <tag k="waterway" v="stream" />
  </way>
  <node id="-6405" lat="33.5702395" lon="130.4549264" />
  <node id="-6406" lat="33.5702401" lon="130.4549593" />
  <node id="-6407" lat="33.5701853" lon="130.4549579" />
  <way id="762846274">
    <nd ref="-6408" />
    <nd ref="-6409" />
    <nd ref="-6410" />
    <nd ref="-6411" />
    <nd ref="-6412" />
    <tag k="waterway" v="stream" />
  </way>
  <node id="-6408" lat="33.5706815" lon="130.454626" />
  <node id="-6409" lat="33.5703747" lon="130.4549003" />
  <node id="-6410" lat="33.5703334" lon="130.4549224" />
  <node id="-6411" lat="33.5702859" lon="130.4549345" />
  <node id="-6412" lat="33.5702395" lon="130.4549264" />
  <way id="762846275">
    <nd ref="-6413" />
    <nd ref="-6414" />
    <nd ref="-6415" />
    <tag k="layer" v="-1" />
    <tag k="tunnel" v="yes" />
    <tag k="waterway" v="stream" />
  </way>
  <node id="-6413" lat="33.5702289" lon="130.4555158" />
  <node id="-6414" lat="33.5703848" lon="130.4553797" />
  <node id="-6415" lat="33.5703731" lon="130.4553562" />
  <way id="762846276">
    <nd ref="-6416" />
    <nd ref="-6417" />
    <nd ref="-6418" />
    <tag k="waterway" v="stream" />
  </way>
  <node id="-6416" lat="33.5703731" lon="130.4553562" />
  <node id="-6417" lat="33.5701747" lon="130.4549606" />
  <node id="-6418" lat="33.5700345" lon="130.4546911" />
  <way id="762846277">
    <nd ref="-6419" />
    <nd ref="-6420" />
    <nd ref="-6421" />
    <nd ref="-6422" />
    <nd ref="-6423" />
    <tag k="waterway" v="stream" />
  </way>
  <node id="-6419" lat="33.5700043" lon="130.4546079" />
  <node id="-6420" lat="33.5699484" lon="130.4544711" />
  <node id="-6421" lat="33.5698445" lon="130.4543343" />
  <node id="-6422" lat="33.5697931" lon="130.4542431" />
  <node id="-6423" lat="33.5696836" lon="130.4540205" />
  <way id="762846278">
    <nd ref="-6424" />
    <nd ref="-6425" />
    <tag k="layer" v="-1" />
    <tag k="tunnel" v="yes" />
    <tag k="waterway" v="stream" />
  </way>
  <node id="-6424" lat="33.5700345" lon="130.4546911" />
  <node id="-6425" lat="33.5700043" lon="130.4546079" />
  <way id="762846279">
    <nd ref="-6426" />
    <nd ref="-6427" />
    <tag k="waterway" v="stream" />
  </way>
  <node id="-6426" lat="33.5695674" lon="130.4539092" />
  <node id="-6427" lat="33.569516" lon="130.4538462" />
  <way id="762846280">
    <nd ref="-6428" />
    <nd ref="-6429" />
    <tag k="layer" v="-1" />
    <tag k="tunnel" v="yes" />
    <tag k="waterway" v="stream" />
  </way>
  <node id="-6428" lat="33.5696836" lon="130.4540205" />
  <node id="-6429" lat="33.5695674" lon="130.4539092" />
  <way id="762846281">
    <nd ref="-6430" />
    <nd ref="-6431" />
    <nd ref="-6432" />
    <nd ref="-6433" />
    <tag k="waterway" v="stream" />
  </way>
  <node id="-6430" lat="33.5694802" lon="130.4537858" />
  <node id="-6431" lat="33.5693819" lon="130.4535793" />
  <node id="-6432" lat="33.5693272" lon="130.4534747" />
  <node id="-6433" lat="33.5692299" lon="130.453358" />
  <way id="762846282">
    <nd ref="-6434" />
    <nd ref="-6435" />
    <tag k="layer" v="-1" />
    <tag k="tunnel" v="yes" />
    <tag k="waterway" v="stream" />
  </way>
  <node id="-6434" lat="33.569516" lon="130.4538462" />
  <node id="-6435" lat="33.5694802" lon="130.4537858" />
  <way id="762846283">
    <nd ref="-6436" />
    <nd ref="-6437" />
    <nd ref="-6438" />
    <nd ref="-6439" />
    <nd ref="-6440" />
    <nd ref="-6441" />
    <nd ref="-6442" />
    <nd ref="-6443" />
    <nd ref="-6444" />
    <nd ref="-6445" />
    <nd ref="-6446" />
    <nd ref="-6447" />
    <nd ref="-6448" />
    <tag k="waterway" v="stream" />
  </way>
  <node id="-6436" lat="33.5693931" lon="130.4573169" />
  <node id="-6437" lat="33.5693216" lon="130.4571922" />
  <node id="-6438" lat="33.569269" lon="130.4570997" />
  <node id="-6439" lat="33.569116" lon="130.4568241" />
  <node id="-6440" lat="33.5691182" lon="130.456637" />
  <node id="-6441" lat="33.5691327" lon="130.4566008" />
  <node id="-6442" lat="33.5691607" lon="130.4565538" />
  <node id="-6443" lat="33.5694244" lon="130.4562883" />
  <node id="-6444" lat="33.5695138" lon="130.4562199" />
  <node id="-6445" lat="33.5698646" lon="130.4558833" />
  <node id="-6446" lat="33.5698903" lon="130.4558565" />
  <node id="-6447" lat="33.5700971" lon="130.4556634" />
  <node id="-6448" lat="33.5702289" lon="130.4555158" />
  <way id="762846284">
    <nd ref="-6449" />
    <nd ref="-6450" />
    <nd ref="-6451" />
    <nd ref="-6452" />
    <nd ref="-6453" />
    <nd ref="-6454" />
    <nd ref="-6455" />
    <nd ref="-6456" />
    <nd ref="-6457" />
    <nd ref="-6458" />
    <nd ref="-6459" />
    <nd ref="-6460" />
    <nd ref="-6461" />
    <tag k="waterway" v="stream" />
  </way>
  <node id="-6449" lat="33.5684913" lon="130.4576194" />
  <node id="-6450" lat="33.5685422" lon="130.4575308" />
  <node id="-6451" lat="33.5686237" lon="130.4573967" />
  <node id="-6452" lat="33.56866" lon="130.4573035" />
  <node id="-6453" lat="33.5687187" lon="130.4572096" />
  <node id="-6454" lat="33.5687561" lon="130.457158" />
  <node id="-6455" lat="33.5688053" lon="130.4571077" />
  <node id="-6456" lat="33.5689204" lon="130.4570252" />
  <node id="-6457" lat="33.5689925" lon="130.456985" />
  <node id="-6458" lat="33.5690176" lon="130.4569669" />
  <node id="-6459" lat="33.5690623" lon="130.4569139" />
  <node id="-6460" lat="33.569088" lon="130.4568771" />
  <node id="-6461" lat="33.569116" lon="130.4568241" />
  <way id="762846285">
    <nd ref="-6462" />
    <nd ref="-6463" />
    <tag k="waterway" v="stream" />
  </way>
  <node id="-6462" lat="33.5683325" lon="130.4596009" />
  <node id="-6463" lat="33.5683416" lon="130.4595928" />
  <way id="762846286">
    <nd ref="-6464" />
    <nd ref="-6465" />
    <nd ref="-6466" />
    <tag k="layer" v="-1" />
    <tag k="tunnel" v="yes" />
    <tag k="waterway" v="stream" />
  </way>
  <node id="-6464" lat="33.5682477" lon="130.4596773" />
  <node id="-6465" lat="33.5682684" lon="130.4596699" />
  <node id="-6466" lat="33.5683325" lon="130.4596009" />
  <way id="762846287">
    <nd ref="-6467" />
    <nd ref="-6468" />
    <nd ref="-6469" />
    <tag k="waterway" v="stream" />
  </way>
  <node id="-6467" lat="33.5683539" lon="130.4596122" />
  <node id="-6468" lat="33.5683416" lon="130.4595928" />
  <node id="-6469" lat="33.5682047" lon="130.4593775" />
  <way id="762846288">
    <nd ref="-6470" />
    <nd ref="-6471" />
    <tag k="waterway" v="stream" />
  </way>
  <node id="-6470" lat="33.5679024" lon="130.4600555" />
  <node id="-6471" lat="33.5682477" lon="130.4596773" />
  <way id="762846289">
    <nd ref="-6472" />
    <nd ref="-6473" />
    <tag k="waterway" v="stream" />
  </way>
  <node id="-6472" lat="33.5673739" lon="130.460726" />
  <node id="-6473" lat="33.5675214" lon="130.4604337" />
  <way id="762846290">
    <nd ref="-6474" />
    <nd ref="-6475" />
    <tag k="layer" v="-1" />
    <tag k="tunnel" v="yes" />
    <tag k="waterway" v="stream" />
  </way>
  <node id="-6474" lat="33.5673392" lon="130.4607904" />
  <node id="-6475" lat="33.5673739" lon="130.460726" />
  <way id="762846291">
    <nd ref="-6476" />
    <nd ref="-6477" />
    <nd ref="-6478" />
    <tag k="waterway" v="stream" />
  </way>
  <node id="-6476" lat="33.5668364" lon="130.4613778" />
  <node id="-6477" lat="33.5671705" lon="130.4611136" />
  <node id="-6478" lat="33.5673392" lon="130.4607904" />
  <way id="762846292">
    <nd ref="-6479" />
    <nd ref="-6480" />
    <tag k="waterway" v="stream" />
  </way>
  <node id="-6479" lat="33.5683304" lon="130.4649874" />
  <node id="-6480" lat="33.5680478" lon="130.4645337" />
  <way id="762846293">
    <nd ref="-6481" />
    <nd ref="-6482" />
    <nd ref="-6483" />
    <tag k="waterway" v="stream" />
  </way>
  <node id="-6481" lat="33.5681293" lon="130.4643765" />
  <node id="-6482" lat="33.5681427" lon="130.4643497" />
  <node id="-6483" lat="33.5682142" lon="130.4640292" />
  <way id="762846294">
    <nd ref="-6484" />
    <nd ref="-6485" />
    <tag k="layer" v="-1" />
    <tag k="tunnel" v="yes" />
    <tag k="waterway" v="stream" />
  </way>
  <node id="-6484" lat="33.5680812" lon="130.464469" />
  <node id="-6485" lat="33.5681293" lon="130.4643765" />
  <way id="762846295">
    <nd ref="-6486" />
    <nd ref="-6487" />
    <tag k="waterway" v="stream" />
  </way>
  <node id="-6486" lat="33.5682203" lon="130.4639594" />
  <node id="-6487" lat="33.5682198" lon="130.4639491" />
  <way id="762846296">
    <nd ref="-6488" />
    <nd ref="-6489" />
    <tag k="layer" v="-1" />
    <tag k="tunnel" v="yes" />
    <tag k="waterway" v="stream" />
  </way>
  <node id="-6488" lat="33.5682142" lon="130.4640292" />
  <node id="-6489" lat="33.5682203" lon="130.4639594" />
  <way id="762846297">
    <nd ref="-6490" />
    <nd ref="-6491" />
    <nd ref="-6492" />
    <nd ref="-6493" />
    <nd ref="-6494" />
    <nd ref="-6495" />
    <nd ref="-6496" />
    <nd ref="-6497" />
    <nd ref="-6498" />
    <nd ref="-6499" />
    <nd ref="-6500" />
    <tag k="waterway" v="stream" />
  </way>
  <node id="-6490" lat="33.5674387" lon="130.4650846" />
  <node id="-6491" lat="33.5676867" lon="130.4648486" />
  <node id="-6492" lat="33.5677091" lon="130.4648057" />
  <node id="-6493" lat="33.5677203" lon="130.4647802" />
  <node id="-6494" lat="33.5677516" lon="130.4647225" />
  <node id="-6495" lat="33.5677761" lon="130.4646876" />
  <node id="-6496" lat="33.5678141" lon="130.4646702" />
  <node id="-6497" lat="33.5678488" lon="130.4646796" />
  <node id="-6498" lat="33.5679371" lon="130.464748" />
  <node id="-6499" lat="33.5680478" lon="130.4645337" />
  <node id="-6500" lat="33.5680812" lon="130.464469" />
  <way id="762846299">
    <nd ref="-6501" />
    <nd ref="-6502" />
    <tag k="waterway" v="stream" />
  </way>
  <node id="-6501" lat="33.5680644" lon="130.4638702" />
  <node id="-6502" lat="33.5675437" lon="130.4635336" />
  <way id="762846300">
    <nd ref="-6503" />
    <nd ref="-6504" />
    <tag k="layer" v="-1" />
    <tag k="tunnel" v="yes" />
    <tag k="waterway" v="stream" />
  </way>
  <node id="-6503" lat="33.5682069" lon="130.463948" />
  <node id="-6504" lat="33.5680644" lon="130.4638702" />
  <way id="762846301">
    <nd ref="-6505" />
    <nd ref="-6506" />
    <tag k="waterway" v="stream" />
  </way>
  <node id="-6505" lat="33.5667626" lon="130.4638173" />
  <node id="-6506" lat="33.567388" lon="130.4633967" />
  <way id="762846302">
    <nd ref="-6507" />
    <nd ref="-6508" />
    <tag k="waterway" v="stream" />
  </way>
  <node id="-6507" lat="33.5672532" lon="130.4632426" />
  <node id="-6508" lat="33.5667313" lon="130.4627236" />
  <way id="762846303">
    <nd ref="-6509" />
    <nd ref="-6510" />
    <tag k="layer" v="-1" />
    <tag k="tunnel" v="yes" />
    <tag k="waterway" v="stream" />
  </way>
  <node id="-6509" lat="33.5673068" lon="130.4633211" />
  <node id="-6510" lat="33.5672532" lon="130.4632426" />
  <way id="762846304">
    <nd ref="-6511" />
    <nd ref="-6512" />
    <nd ref="-6513" />
    <tag k="waterway" v="stream" />
  </way>
  <node id="-6511" lat="33.5674644" lon="130.4634679" />
  <node id="-6512" lat="33.567388" lon="130.4633967" />
  <node id="-6513" lat="33.5673841" lon="130.4633931" />
  <way id="762846305">
    <nd ref="-6514" />
    <nd ref="-6515" />
    <tag k="layer" v="-1" />
    <tag k="tunnel" v="yes" />
    <tag k="waterway" v="stream" />
  </way>
  <node id="-6514" lat="33.5675437" lon="130.4635336" />
  <node id="-6515" lat="33.5674644" lon="130.4634679" />
  <way id="762846306">
    <nd ref="-6516" />
    <nd ref="-6517" />
    <nd ref="-6518" />
    <nd ref="-6519" />
    <nd ref="-6520" />
    <nd ref="-6521" />
    <nd ref="-6522" />
    <nd ref="-6523" />
    <nd ref="-6524" />
    <nd ref="-6525" />
    <nd ref="-6526" />
    <nd ref="-6527" />
    <nd ref="-6528" />
    <nd ref="-6529" />
    <nd ref="-6530" />
    <nd ref="-6531" />
    <nd ref="-6532" />
    <tag k="waterway" v="stream" />
  </way>
  <node id="-6516" lat="33.569159" lon="130.4633365" />
  <node id="-6517" lat="33.569121" lon="130.4633479" />
  <node id="-6518" lat="33.5690808" lon="130.4633667" />
  <node id="-6519" lat="33.5690422" lon="130.4633854" />
  <node id="-6520" lat="33.5690009" lon="130.4634136" />
  <node id="-6521" lat="33.5689534" lon="130.4634545" />
  <node id="-6522" lat="33.5686762" lon="130.4637542" />
  <node id="-6523" lat="33.5686265" lon="130.4637958" />
  <node id="-6524" lat="33.5685779" lon="130.4638313" />
  <node id="-6525" lat="33.5685338" lon="130.4638562" />
  <node id="-6526" lat="33.5684947" lon="130.4638769" />
  <node id="-6527" lat="33.5684393" lon="130.4639051" />
  <node id="-6528" lat="33.5683662" lon="130.4639386" />
  <node id="-6529" lat="33.5683265" lon="130.4639494" />
  <node id="-6530" lat="33.5682717" lon="130.4639534" />
  <node id="-6531" lat="33.5682198" lon="130.4639491" />
  <node id="-6532" lat="33.5682069" lon="130.463948" />
  <way id="762846307">
    <nd ref="-6533" />
    <nd ref="-6534" />
    <tag k="layer" v="-1" />
    <tag k="tunnel" v="yes" />
    <tag k="waterway" v="stream" />
  </way>
  <node id="-6533" lat="33.5680938" lon="130.4614053" />
  <node id="-6534" lat="33.5680757" lon="130.46139" />
  <way id="762846308">
    <nd ref="-6535" />
    <nd ref="-6536" />
    <tag k="layer" v="-1" />
    <tag k="tunnel" v="yes" />
    <tag k="waterway" v="stream" />
  </way>
  <node id="-6535" lat="33.5688897" lon="130.4623317" />
  <node id="-6536" lat="33.5688115" lon="130.4622411" />
  <way id="762846309">
    <nd ref="-6537" />
    <nd ref="-6538" />
    <tag k="waterway" v="stream" />
  </way>
  <node id="-6537" lat="33.5692554" lon="130.4628228" />
  <node id="-6538" lat="33.5688897" lon="130.4623317" />
  <way id="762846310">
    <nd ref="-6539" />
    <nd ref="-6540" />
    <tag k="layer" v="-1" />
    <tag k="tunnel" v="yes" />
    <tag k="waterway" v="stream" />
  </way>
  <node id="-6539" lat="33.5688617" lon="130.4624118" />
  <node id="-6540" lat="33.568781" lon="130.4622975" />
  <way id="762846311">
    <nd ref="-6541" />
    <nd ref="-6542" />
    <tag k="waterway" v="stream" />
  </way>
  <node id="-6541" lat="33.5690101" lon="130.4626146" />
  <node id="-6542" lat="33.5688617" lon="130.4624118" />
  <way id="762846312">
    <nd ref="-6543" />
    <nd ref="-6544" />
    <tag k="layer" v="-1" />
    <tag k="tunnel" v="yes" />
    <tag k="waterway" v="stream" />
  </way>
  <node id="-6543" lat="33.5691838" lon="130.4628507" />
  <node id="-6544" lat="33.5690101" lon="130.4626146" />
  <way id="762846313">
    <nd ref="-6545" />
    <nd ref="-6546" />
    <tag k="waterway" v="stream" />
  </way>
  <node id="-6545" lat="33.5692311" lon="130.4629167" />
  <node id="-6546" lat="33.5691838" lon="130.4628507" />
  <way id="762846314">
    <nd ref="-6547" />
    <nd ref="-6548" />
    <nd ref="-6549" />
    <nd ref="-6550" />
    <nd ref="-6551" />
    <tag k="waterway" v="stream" />
  </way>
  <node id="-6547" lat="33.568781" lon="130.4622975" />
  <node id="-6548" lat="33.5684986" lon="130.4619226" />
  <node id="-6549" lat="33.5684109" lon="130.4617764" />
  <node id="-6550" lat="33.5683826" lon="130.4617161" />
  <node id="-6551" lat="33.5683519" lon="130.4616698" />
  <way id="762846315">
    <nd ref="-6552" />
    <nd ref="-6553" />
    <nd ref="-6554" />
    <nd ref="-6555" />
    <nd ref="-6556" />
    <nd ref="-6557" />
    <nd ref="-6558" />
    <nd ref="-6559" />
    <nd ref="-6560" />
    <tag k="waterway" v="stream" />
  </way>
  <node id="-6552" lat="33.5688115" lon="130.4622411" />
  <node id="-6553" lat="33.5686296" lon="130.4620044" />
  <node id="-6554" lat="33.5685285" lon="130.4618593" />
  <node id="-6555" lat="33.5684916" lon="130.4618026" />
  <node id="-6556" lat="33.568431" lon="130.4616819" />
  <node id="-6557" lat="33.5683893" lon="130.4616125" />
  <node id="-6558" lat="33.5683595" lon="130.4615736" />
  <node id="-6559" lat="33.5682877" lon="130.4615126" />
  <node id="-6560" lat="33.5680938" lon="130.4614053" />
  <way id="762846316">
    <nd ref="-6561" />
    <nd ref="-6562" />
    <nd ref="-6563" />
    <nd ref="-6564" />
    <nd ref="-6565" />
    <nd ref="-6566" />
    <nd ref="-6567" />
    <nd ref="-6568" />
    <nd ref="-6569" />
    <tag k="note" v="National-Land Numerical Information (River) 2006, MLIT Japan" />
    <tag k="note:ja" v="国土数値情報(河川データ)平成18年国土交通省" />
    <tag k="source" v="KSJ2" />
    <tag k="source_ref" v="http://nlftp.mlit.go.jp/ksj/jpgis/datalist/KsjTmplt-W05.html" />
    <tag k="waterway" v="stream" />
  </way>
  <node id="-6561" lat="33.5680846" lon="130.4613718" />
  <node id="-6562" lat="33.5681022" lon="130.4613193" />
  <node id="-6563" lat="33.5681383" lon="130.4612249" />
  <node id="-6564" lat="33.5681897" lon="130.4611336" />
  <node id="-6565" lat="33.5682951" lon="130.4609744" />
  <node id="-6566" lat="33.5683192" lon="130.4609544" />
  <node id="-6567" lat="33.5683478" lon="130.4609388" />
  <node id="-6568" lat="33.5686526" lon="130.4608529" />
  <node id="-6569" lat="33.5689411" lon="130.4607324" />
  <way id="762846317">
    <nd ref="-6570" />
    <nd ref="-6571" />
    <nd ref="-6572" />
    <nd ref="-6573" />
    <tag k="layer" v="-1" />
    <tag k="note" v="National-Land Numerical Information (River) 2006, MLIT Japan" />
    <tag k="note:ja" v="国土数値情報(河川データ)平成18年国土交通省" />
    <tag k="source" v="KSJ2" />
    <tag k="source_ref" v="http://nlftp.mlit.go.jp/ksj/jpgis/datalist/KsjTmplt-W05.html" />
    <tag k="tunnel" v="yes" />
    <tag k="waterway" v="stream" />
  </way>
  <node id="-6570" lat="33.5680151" lon="130.4614401" />
  <node id="-6571" lat="33.5680623" lon="130.4614177" />
  <node id="-6572" lat="33.5680757" lon="130.46139" />
  <node id="-6573" lat="33.5680846" lon="130.4613718" />
  <way id="762846318">
    <nd ref="-6574" />
    <nd ref="-6575" />
    <nd ref="-6576" />
    <nd ref="-6577" />
    <nd ref="-6578" />
    <nd ref="-6579" />
    <nd ref="-6580" />
    <nd ref="-6581" />
    <nd ref="-6582" />
    <nd ref="-6583" />
    <nd ref="-6584" />
    <nd ref="-6585" />
    <nd ref="-6586" />
    <nd ref="-6587" />
    <nd ref="-6588" />
    <nd ref="-6589" />
    <nd ref="-6590" />
    <nd ref="-6591" />
    <nd ref="-6592" />
    <nd ref="-6593" />
    <nd ref="-6594" />
    <tag k="natural" v="water" />
    <tag k="water" v="river" />
  </way>
  <node id="-6574" lat="33.5680712" lon="130.461363" />
  <node id="-6575" lat="33.5680846" lon="130.4613718" />
  <node id="-6576" lat="33.5680991" lon="130.4613785" />
  <node id="-6577" lat="33.5681141" lon="130.4613269" />
  <node id="-6578" lat="33.5681502" lon="130.4612336" />
  <node id="-6579" lat="33.5682004" lon="130.4611448" />
  <node id="-6580" lat="33.5683031" lon="130.4609857" />
  <node id="-6581" lat="33.5683262" lon="130.4609674" />
  <node id="-6582" lat="33.5683556" lon="130.4609527" />
  <node id="-6583" lat="33.5686547" lon="130.4608629" />
  <node id="-6584" lat="33.5689466" lon="130.4607461" />
  <node id="-6585" lat="33.5689411" lon="130.4607324" />
  <node id="-6586" lat="33.5689357" lon="130.4607188" />
  <node id="-6587" lat="33.5686505" lon="130.4608429" />
  <node id="-6588" lat="33.56834" lon="130.4609249" />
  <node id="-6589" lat="33.5683122" lon="130.4609415" />
  <node id="-6590" lat="33.5682872" lon="130.4609631" />
  <node id="-6591" lat="33.568179" lon="130.4611223" />
  <node id="-6592" lat="33.5681264" lon="130.4612162" />
  <node id="-6593" lat="33.5680902" lon="130.4613117" />
  <node id="-6594" lat="33.5680712" lon="130.461363" />
  <way id="762846319">
    <nd ref="-6595" />
    <nd ref="-6596" />
    <tag k="layer" v="-1" />
    <tag k="note" v="National-Land Numerical Information (River) 2006, MLIT Japan" />
    <tag k="note:ja" v="国土数値情報(河川データ)平成18年国土交通省" />
    <tag k="source" v="KSJ2" />
    <tag k="source_ref" v="http://nlftp.mlit.go.jp/ksj/jpgis/datalist/KsjTmplt-W05.html" />
    <tag k="tunnel" v="yes" />
    <tag k="waterway" v="stream" />
  </way>
  <node id="-6595" lat="33.5689411" lon="130.4607324" />
  <node id="-6596" lat="33.5690629" lon="130.4606562" />
  <way id="762846320">
    <nd ref="-6597" />
    <nd ref="-6598" />
    <nd ref="-6599" />
    <nd ref="-6600" />
    <nd ref="-6601" />
    <nd ref="-6602" />
    <nd ref="-6603" />
    <nd ref="-6604" />
    <nd ref="-6605" />
    <nd ref="-6606" />
    <nd ref="-6607" />
    <nd ref="-6608" />
    <nd ref="-6609" />
    <nd ref="-6610" />
    <nd ref="-6611" />
    <nd ref="-6612" />
    <nd ref="-6613" />
    <nd ref="-6614" />
    <nd ref="-6615" />
    <nd ref="-6616" />
    <tag k="note" v="National-Land Numerical Information (River) 2006, MLIT Japan" />
    <tag k="note:ja" v="国土数値情報(河川データ)平成18年国土交通省" />
    <tag k="source" v="KSJ2" />
    <tag k="source_ref" v="http://nlftp.mlit.go.jp/ksj/jpgis/datalist/KsjTmplt-W05.html" />
    <tag k="waterway" v="stream" />
  </way>
  <node id="-6597" lat="33.5690629" lon="130.4606562" />
  <node id="-6598" lat="33.569111" lon="130.4606081" />
  <node id="-6599" lat="33.5691476" lon="130.4605756" />
  <node id="-6600" lat="33.5691938" lon="130.4605516" />
  <node id="-6601" lat="33.5692404" lon="130.4605367" />
  <node id="-6602" lat="33.5693277" lon="130.4605202" />
  <node id="-6603" lat="33.5694345" lon="130.4604985" />
  <node id="-6604" lat="33.5695021" lon="130.4604783" />
  <node id="-6605" lat="33.5695688" lon="130.4604513" />
  <node id="-6606" lat="33.5696496" lon="130.4604044" />
  <node id="-6607" lat="33.5697186" lon="130.4603527" />
  <node id="-6608" lat="33.5697853" lon="130.4602849" />
  <node id="-6609" lat="33.5698845" lon="130.4601525" />
  <node id="-6610" lat="33.5702649" lon="130.4597965" />
  <node id="-6611" lat="33.5704807" lon="130.4596147" />
  <node id="-6612" lat="33.5705989" lon="130.4595417" />
  <node id="-6613" lat="33.5711693" lon="130.4592352" />
  <node id="-6614" lat="33.5713713" lon="130.459122" />
  <node id="-6615" lat="33.57154" lon="130.4590176" />
  <node id="-6616" lat="33.5718073" lon="130.4588512" />
  <way id="762846321">
    <nd ref="-6617" />
    <nd ref="-6618" />
    <nd ref="-6619" />
    <nd ref="-6620" />
    <nd ref="-6621" />
    <nd ref="-6622" />
    <nd ref="-6623" />
    <nd ref="-6624" />
    <nd ref="-6625" />
    <nd ref="-6626" />
    <nd ref="-6627" />
    <nd ref="-6628" />
    <nd ref="-6629" />
    <nd ref="-6630" />
    <nd ref="-6631" />
    <nd ref="-6632" />
    <nd ref="-6633" />
    <nd ref="-6634" />
    <nd ref="-6635" />
    <nd ref="-6636" />
    <nd ref="-6637" />
    <nd ref="-6638" />
    <nd ref="-6639" />
    <nd ref="-6640" />
    <nd ref="-6641" />
    <nd ref="-6642" />
    <nd ref="-6643" />
    <nd ref="-6644" />
    <nd ref="-6645" />
    <nd ref="-6646" />
    <nd ref="-6647" />
    <nd ref="-6648" />
    <nd ref="-6649" />
    <nd ref="-6650" />
    <nd ref="-6651" />
    <nd ref="-6652" />
    <nd ref="-6653" />
    <nd ref="-6654" />
    <nd ref="-6655" />
    <nd ref="-6656" />
    <nd ref="-6657" />
    <nd ref="-6658" />
    <tag k="natural" v="water" />
    <tag k="water" v="river" />
  </way>
  <node id="-6617" lat="33.5660844" lon="130.4631997" />
  <node id="-6618" lat="33.5661557" lon="130.463135" />
  <node id="-6619" lat="33.5663483" lon="130.4629935" />
  <node id="-6620" lat="33.5664233" lon="130.4629169" />
  <node id="-6621" lat="33.5664581" lon="130.4628676" />
  <node id="-6622" lat="33.5665196" lon="130.4627217" />
  <node id="-6623" lat="33.5665706" lon="130.4626622" />
  <node id="-6624" lat="33.5666129" lon="130.4626248" />
  <node id="-6625" lat="33.5666771" lon="130.4625231" />
  <node id="-6626" lat="33.5667556" lon="130.4623469" />
  <node id="-6627" lat="33.5668729" lon="130.462146" />
  <node id="-6628" lat="33.5669736" lon="130.4620827" />
  <node id="-6629" lat="33.5670666" lon="130.4620269" />
  <node id="-6630" lat="33.5671539" lon="130.4619658" />
  <node id="-6631" lat="33.5672914" lon="130.4618998" />
  <node id="-6632" lat="33.5674653" lon="130.4618474" />
  <node id="-6633" lat="33.5675734" lon="130.461785" />
  <node id="-6634" lat="33.567677" lon="130.4616847" />
  <node id="-6635" lat="33.5677997" lon="130.4615459" />
  <node id="-6636" lat="33.5680162" lon="130.461452" />
  <node id="-6637" lat="33.5680151" lon="130.4614401" />
  <node id="-6638" lat="33.568014" lon="130.4614283" />
  <node id="-6639" lat="33.5677902" lon="130.4615191" />
  <node id="-6640" lat="33.5676585" lon="130.4616627" />
  <node id="-6641" lat="33.5675568" lon="130.4617562" />
  <node id="-6642" lat="33.5674598" lon="130.4618142" />
  <node id="-6643" lat="33.5672847" lon="130.4618768" />
  <node id="-6644" lat="33.5671024" lon="130.4619611" />
  <node id="-6645" lat="33.5670543" lon="130.4620081" />
  <node id="-6646" lat="33.5669605" lon="130.4620544" />
  <node id="-6647" lat="33.5668525" lon="130.4621243" />
  <node id="-6648" lat="33.566729" lon="130.462325" />
  <node id="-6649" lat="33.5666533" lon="130.4625067" />
  <node id="-6650" lat="33.5665863" lon="130.4625998" />
  <node id="-6651" lat="33.5665436" lon="130.4626349" />
  <node id="-6652" lat="33.5664959" lon="130.4627107" />
  <node id="-6653" lat="33.5664331" lon="130.4628503" />
  <node id="-6654" lat="33.5663993" lon="130.4629006" />
  <node id="-6655" lat="33.5663278" lon="130.4629613" />
  <node id="-6656" lat="33.5661384" lon="130.4631103" />
  <node id="-6657" lat="33.5660776" lon="130.4631727" />
  <node id="-6658" lat="33.5660844" lon="130.4631997" />
  <way id="762846322">
    <nd ref="-6659" />
    <nd ref="-6660" />
    <tag k="waterway" v="stream" />
  </way>
  <node id="-6659" lat="33.5713643" lon="130.4591106" />
  <node id="-6660" lat="33.5713713" lon="130.459122" />
  <way id="762846323">
    <nd ref="-6661" />
    <nd ref="-6662" />
    <tag k="layer" v="-1" />
    <tag k="tunnel" v="yes" />
    <tag k="waterway" v="stream" />
  </way>
  <node id="-6661" lat="33.5713461" lon="130.4590805" />
  <node id="-6662" lat="33.5713643" lon="130.4591106" />
  <way id="762846324">
    <nd ref="-6663" />
    <nd ref="-6664" />
    <tag k="layer" v="-1" />
    <tag k="note" v="National-Land Numerical Information (River) 2006, MLIT Japan" />
    <tag k="note:ja" v="国土数値情報(河川データ)平成18年国土交通省" />
    <tag k="source" v="KSJ2" />
    <tag k="source_ref" v="http://nlftp.mlit.go.jp/ksj/jpgis/datalist/KsjTmplt-W05.html" />
    <tag k="tunnel" v="yes" />
    <tag k="waterway" v="stream" />
  </way>
  <node id="-6663" lat="33.5718073" lon="130.4588512" />
  <node id="-6664" lat="33.5720344" lon="130.4587497" />
  <way id="762846325">
    <nd ref="-6665" />
    <nd ref="-6666" />
    <nd ref="-6667" />
    <nd ref="-6668" />
    <nd ref="-6669" />
    <nd ref="-6670" />
    <nd ref="-6671" />
    <nd ref="-6672" />
    <nd ref="-6673" />
    <nd ref="-6674" />
    <nd ref="-6675" />
    <nd ref="-6676" />
    <nd ref="-6677" />
    <nd ref="-6678" />
    <nd ref="-6679" />
    <nd ref="-6680" />
    <nd ref="-6681" />
    <nd ref="-6682" />
    <nd ref="-6683" />
    <nd ref="-6684" />
    <nd ref="-6685" />
    <nd ref="-6686" />
    <nd ref="-6687" />
    <nd ref="-6688" />
    <nd ref="-6689" />
    <nd ref="-6690" />
    <nd ref="-6691" />
    <nd ref="-6692" />
    <nd ref="-6693" />
    <nd ref="-6694" />
    <nd ref="-6695" />
    <nd ref="-6696" />
    <nd ref="-6697" />
    <nd ref="-6698" />
    <nd ref="-6699" />
    <nd ref="-6700" />
    <nd ref="-6701" />
    <nd ref="-6702" />
    <nd ref="-6703" />
    <nd ref="-6704" />
    <nd ref="-6705" />
    <nd ref="-6706" />
    <nd ref="-6707" />
    <tag k="natural" v="water" />
    <tag k="water" v="river" />
  </way>
  <node id="-6665" lat="33.5690528" lon="130.4606408" />
  <node id="-6666" lat="33.5690629" lon="130.4606562" />
  <node id="-6667" lat="33.5690731" lon="130.4606717" />
  <node id="-6668" lat="33.5691176" lon="130.4606194" />
  <node id="-6669" lat="33.569152" lon="130.4605864" />
  <node id="-6670" lat="33.5691989" lon="130.4605648" />
  <node id="-6671" lat="33.5692457" lon="130.4605522" />
  <node id="-6672" lat="33.5693309" lon="130.4605341" />
  <node id="-6673" lat="33.5694379" lon="130.4605131" />
  <node id="-6674" lat="33.5695057" lon="130.4604923" />
  <node id="-6675" lat="33.5695726" lon="130.4604647" />
  <node id="-6676" lat="33.5696557" lon="130.460415" />
  <node id="-6677" lat="33.5697272" lon="130.4603655" />
  <node id="-6678" lat="33.5697948" lon="130.4602971" />
  <node id="-6679" lat="33.5698931" lon="130.4601659" />
  <node id="-6680" lat="33.5702757" lon="130.4598137" />
  <node id="-6681" lat="33.5704881" lon="130.4596254" />
  <node id="-6682" lat="33.5706059" lon="130.4595546" />
  <node id="-6683" lat="33.5711742" lon="130.4592453" />
  <node id="-6684" lat="33.5713783" lon="130.4591334" />
  <node id="-6685" lat="33.5715459" lon="130.4590283" />
  <node id="-6686" lat="33.5718098" lon="130.4588601" />
  <node id="-6687" lat="33.5718073" lon="130.4588512" />
  <node id="-6688" lat="33.5718049" lon="130.4588424" />
  <node id="-6689" lat="33.5715341" lon="130.4590069" />
  <node id="-6690" lat="33.5713643" lon="130.4591106" />
  <node id="-6691" lat="33.5711645" lon="130.4592251" />
  <node id="-6692" lat="33.570592" lon="130.4595288" />
  <node id="-6693" lat="33.5704734" lon="130.4596041" />
  <node id="-6694" lat="33.5702514" lon="130.4597749" />
  <node id="-6695" lat="33.5698759" lon="130.4601391" />
  <node id="-6696" lat="33.5697758" lon="130.4602727" />
  <node id="-6697" lat="33.56971" lon="130.46034" />
  <node id="-6698" lat="33.5696436" lon="130.4603937" />
  <node id="-6699" lat="33.5695649" lon="130.460438" />
  <node id="-6700" lat="33.5694986" lon="130.4604643" />
  <node id="-6701" lat="33.569431" lon="130.4604839" />
  <node id="-6702" lat="33.5693245" lon="130.4605064" />
  <node id="-6703" lat="33.569235" lon="130.4605212" />
  <node id="-6704" lat="33.5691887" lon="130.4605384" />
  <node id="-6705" lat="33.5691432" lon="130.4605648" />
  <node id="-6706" lat="33.5691043" lon="130.4605968" />
  <node id="-6707" lat="33.5690528" lon="130.4606408" />
  <way id="762846326">
    <nd ref="-6708" />
    <nd ref="-6709" />
    <nd ref="-6710" />
    <nd ref="-6711" />
    <nd ref="-6712" />
    <nd ref="-6713" />
    <nd ref="-6714" />
    <nd ref="-6715" />
    <nd ref="-6716" />
    <nd ref="-6717" />
    <nd ref="-6718" />
    <nd ref="-6719" />
    <nd ref="-6720" />
    <nd ref="-6721" />
    <nd ref="-6722" />
    <nd ref="-6723" />
    <nd ref="-6724" />
    <nd ref="-6725" />
    <nd ref="-6726" />
    <nd ref="-6727" />
    <nd ref="-6728" />
    <nd ref="-6729" />
    <nd ref="-6730" />
    <nd ref="-6731" />
    <nd ref="-6732" />
    <nd ref="-6733" />
    <nd ref="-6734" />
    <nd ref="-6735" />
    <nd ref="-6736" />
    <nd ref="-6737" />
    <nd ref="-6738" />
    <nd ref="-6739" />
    <nd ref="-6740" />
    <nd ref="-6741" />
    <nd ref="-6742" />
    <nd ref="-6743" />
    <nd ref="-6744" />
    <nd ref="-6745" />
    <nd ref="-6746" />
    <tag k="note" v="National-Land Numerical Information (River) 2006, MLIT Japan" />
    <tag k="note:ja" v="国土数値情報(河川データ)平成18年国土交通省" />
    <tag k="source" v="KSJ2" />
    <tag k="source_ref" v="http://nlftp.mlit.go.jp/ksj/jpgis/datalist/KsjTmplt-W05.html" />
    <tag k="waterway" v="stream" />
  </way>
  <node id="-6708" lat="33.5720344" lon="130.4587497" />
  <node id="-6709" lat="33.5720662" lon="130.458711" />
  <node id="-6710" lat="33.5721207" lon="130.4586071" />
  <node id="-6711" lat="33.572124" lon="130.4585791" />
  <node id="-6712" lat="33.5719972" lon="130.4582965" />
  <node id="-6713" lat="33.5719034" lon="130.4580012" />
  <node id="-6714" lat="33.5718581" lon="130.4578583" />
  <node id="-6715" lat="33.5717854" lon="130.457628" />
  <node id="-6716" lat="33.5717318" lon="130.4574287" />
  <node id="-6717" lat="33.5716696" lon="130.45713" />
  <node id="-6718" lat="33.5716369" lon="130.4569762" />
  <node id="-6719" lat="33.5716106" lon="130.4568613" />
  <node id="-6720" lat="33.5715777" lon="130.4567022" />
  <node id="-6721" lat="33.5715662" lon="130.4566129" />
  <node id="-6722" lat="33.5715639" lon="130.4565255" />
  <node id="-6723" lat="33.5715715" lon="130.4564221" />
  <node id="-6724" lat="33.5715858" lon="130.4563257" />
  <node id="-6725" lat="33.5716151" lon="130.4562156" />
  <node id="-6726" lat="33.5716549" lon="130.4561172" />
  <node id="-6727" lat="33.5716969" lon="130.4560348" />
  <node id="-6728" lat="33.5717436" lon="130.4559611" />
  <node id="-6729" lat="33.5718053" lon="130.4558856" />
  <node id="-6730" lat="33.5718703" lon="130.4558196" />
  <node id="-6731" lat="33.5719634" lon="130.4557458" />
  <node id="-6732" lat="33.5723072" lon="130.4555141" />
  <node id="-6733" lat="33.5725409" lon="130.4553546" />
  <node id="-6734" lat="33.573043" lon="130.455014" />
  <node id="-6735" lat="33.5732072" lon="130.4548811" />
  <node id="-6736" lat="33.5732694" lon="130.4548108" />
  <node id="-6737" lat="33.5733227" lon="130.4547274" />
  <node id="-6738" lat="33.57346" lon="130.4545047" />
  <node id="-6739" lat="33.5735214" lon="130.454429" />
  <node id="-6740" lat="33.5735943" lon="130.4543593" />
  <node id="-6741" lat="33.5740226" lon="130.4540578" />
  <node id="-6742" lat="33.57449" lon="130.4537355" />
  <node id="-6743" lat="33.5751107" lon="130.4533281" />
  <node id="-6744" lat="33.5763802" lon="130.4524724" />
  <node id="-6745" lat="33.5764811" lon="130.4523973" />
  <node id="-6746" lat="33.576903" lon="130.4520973" />
  <way id="762846329">
    <nd ref="-6747" />
    <nd ref="-6748" />
    <tag k="layer" v="-1" />
    <tag k="tunnel" v="yes" />
    <tag k="waterway" v="stream" />
  </way>
  <node id="-6747" lat="33.5739571" lon="130.4539576" />
  <node id="-6748" lat="33.5740226" lon="130.4540578" />
  <way id="762846332">
    <nd ref="-6749" />
    <nd ref="-6750" />
    <tag k="note" v="National-Land Numerical Information (River) 2006, MLIT Japan" />
    <tag k="note:ja" v="国土数値情報(河川データ)平成18年国土交通省" />
    <tag k="source" v="KSJ2" />
    <tag k="source_ref" v="http://nlftp.mlit.go.jp/ksj/jpgis/datalist/KsjTmplt-W05.html" />
    <tag k="waterway" v="stream" />
  </way>
  <node id="-6749" lat="33.5770105" lon="130.4505286" />
  <node id="-6750" lat="33.5779978" lon="130.4497432" />
  <way id="762846333">
    <nd ref="-6751" />
    <nd ref="-6752" />
    <nd ref="-6753" />
    <nd ref="-6754" />
    <nd ref="-6755" />
    <nd ref="-6756" />
    <nd ref="-6757" />
    <nd ref="-6758" />
    <nd ref="-6759" />
    <nd ref="-6760" />
    <nd ref="-6761" />
    <tag k="natural" v="water" />
    <tag k="water" v="river" />
  </way>
  <node id="-6751" lat="33.5768821" lon="130.4520924" />
  <node id="-6752" lat="33.576903" lon="130.4520973" />
  <node id="-6753" lat="33.5768977" lon="130.4520712" />
  <node id="-6754" lat="33.5763689" lon="130.451122" />
  <node id="-6755" lat="33.5763686" lon="130.4510525" />
  <node id="-6756" lat="33.5768989" lon="130.4506267" />
  <node id="-6757" lat="33.5768944" lon="130.4506202" />
  <node id="-6758" lat="33.57689" lon="130.4506137" />
  <node id="-6759" lat="33.5763521" lon="130.4510516" />
  <node id="-6760" lat="33.5763522" lon="130.4511247" />
  <node id="-6761" lat="33.5768821" lon="130.4520924" />
  <way id="762846334">
    <nd ref="-6762" />
    <nd ref="-6763" />
    <tag k="layer" v="-1" />
    <tag k="note" v="National-Land Numerical Information (River) 2006, MLIT Japan" />
    <tag k="note:ja" v="国土数値情報(河川データ)平成18年国土交通省" />
    <tag k="source" v="KSJ2" />
    <tag k="source_ref" v="http://nlftp.mlit.go.jp/ksj/jpgis/datalist/KsjTmplt-W05.html" />
    <tag k="tunnel" v="yes" />
    <tag k="waterway" v="stream" />
  </way>
  <node id="-6762" lat="33.5768944" lon="130.4506202" />
  <node id="-6763" lat="33.5770105" lon="130.4505286" />
  <way id="762846335">
    <nd ref="-6764" />
    <nd ref="-6765" />
    <nd ref="-6766" />
    <nd ref="-6767" />
    <nd ref="-6768" />
    <nd ref="-6769" />
    <nd ref="-6770" />
    <tag k="natural" v="water" />
    <tag k="water" v="river" />
  </way>
  <node id="-6764" lat="33.5770144" lon="130.4505351" />
  <node id="-6765" lat="33.5780008" lon="130.4497494" />
  <node id="-6766" lat="33.5779978" lon="130.4497432" />
  <node id="-6767" lat="33.5779947" lon="130.449737" />
  <node id="-6768" lat="33.5770065" lon="130.4505221" />
  <node id="-6769" lat="33.5770105" lon="130.4505286" />
  <node id="-6770" lat="33.5770144" lon="130.4505351" />
  <way id="762846336">
    <nd ref="-6771" />
    <nd ref="-6772" />
    <tag k="layer" v="-1" />
    <tag k="note" v="National-Land Numerical Information (River) 2006, MLIT Japan" />
    <tag k="note:ja" v="国土数値情報(河川データ)平成18年国土交通省" />
    <tag k="source" v="KSJ2" />
    <tag k="source_ref" v="http://nlftp.mlit.go.jp/ksj/jpgis/datalist/KsjTmplt-W05.html" />
    <tag k="tunnel" v="yes" />
    <tag k="waterway" v="stream" />
  </way>
  <node id="-6771" lat="33.5779978" lon="130.4497432" />
  <node id="-6772" lat="33.5781232" lon="130.449644" />
  <way id="762846337">
    <nd ref="-6773" />
    <nd ref="-6774" />
    <nd ref="-6775" />
    <nd ref="-6776" />
    <nd ref="-6777" />
    <nd ref="-6778" />
    <nd ref="-6779" />
    <nd ref="-6780" />
    <nd ref="-6781" />
    <nd ref="-6782" />
    <nd ref="-6783" />
    <nd ref="-6784" />
    <nd ref="-6785" />
    <nd ref="-6786" />
    <nd ref="-6787" />
    <nd ref="-6788" />
    <tag k="note" v="National-Land Numerical Information (River) 2006, MLIT Japan" />
    <tag k="note:ja" v="国土数値情報(河川データ)平成18年国土交通省" />
    <tag k="source" v="KSJ2" />
    <tag k="source_ref" v="http://nlftp.mlit.go.jp/ksj/jpgis/datalist/KsjTmplt-W05.html" />
    <tag k="waterway" v="stream" />
  </way>
  <node id="-6773" lat="33.5781232" lon="130.449644" />
  <node id="-6774" lat="33.5797986" lon="130.4482625" />
  <node id="-6775" lat="33.5798266" lon="130.4482197" />
  <node id="-6776" lat="33.5798628" lon="130.4481465" />
  <node id="-6777" lat="33.5798843" lon="130.4480651" />
  <node id="-6778" lat="33.5798818" lon="130.4479479" />
  <node id="-6779" lat="33.5798635" lon="130.4478406" />
  <node id="-6780" lat="33.5797537" lon="130.447202" />
  <node id="-6781" lat="33.5796918" lon="130.4468535" />
  <node id="-6782" lat="33.5795516" lon="130.4460752" />
  <node id="-6783" lat="33.5795637" lon="130.4458458" />
  <node id="-6784" lat="33.5795868" lon="130.4457419" />
  <node id="-6785" lat="33.5796423" lon="130.4456301" />
  <node id="-6786" lat="33.5799614" lon="130.4451726" />
  <node id="-6787" lat="33.5800742" lon="130.4450424" />
  <node id="-6788" lat="33.5812749" lon="130.4440544" />
  <way id="762846338">
    <nd ref="-6789" />
    <nd ref="-6790" />
    <tag k="layer" v="-1" />
    <tag k="note" v="National-Land Numerical Information (River) 2006, MLIT Japan" />
    <tag k="note:ja" v="国土数値情報(河川データ)平成18年国土交通省" />
    <tag k="source" v="KSJ2" />
    <tag k="source_ref" v="http://nlftp.mlit.go.jp/ksj/jpgis/datalist/KsjTmplt-W05.html" />
    <tag k="tunnel" v="yes" />
    <tag k="waterway" v="stream" />
  </way>
  <node id="-6789" lat="33.5780594" lon="130.4497988" />
  <node id="-6790" lat="33.5781661" lon="130.449713" />
  <way id="762846340">
    <nd ref="-6791" />
    <nd ref="-6792" />
    <nd ref="-6793" />
    <nd ref="-6794" />
    <nd ref="-6795" />
    <nd ref="-6796" />
    <tag k="note" v="National-Land Numerical Information (River) 2006, MLIT Japan" />
    <tag k="note:ja" v="国土数値情報(河川データ)平成18年国土交通省" />
    <tag k="source" v="KSJ2" />
    <tag k="source_ref" v="http://nlftp.mlit.go.jp/ksj/jpgis/datalist/KsjTmplt-W05.html" />
    <tag k="waterway" v="stream" />
  </way>
  <node id="-6791" lat="33.5781661" lon="130.449713" />
  <node id="-6792" lat="33.5798192" lon="130.4483664" />
  <node id="-6793" lat="33.5799108" lon="130.4482739" />
  <node id="-6794" lat="33.5799723" lon="130.4481277" />
  <node id="-6795" lat="33.5799723" lon="130.4479319" />
  <node id="-6796" lat="33.5799603" lon="130.4478166" />
  <way id="762846342">
    <nd ref="-6797" />
    <nd ref="-6798" />
    <nd ref="-6799" />
    <nd ref="-6800" />
    <nd ref="-6801" />
    <nd ref="-6802" />
    <nd ref="-6803" />
    <tag k="note" v="National-Land Numerical Information (River) 2006, MLIT Japan" />
    <tag k="note:ja" v="国土数値情報(河川データ)平成18年国土交通省" />
    <tag k="source" v="KSJ2" />
    <tag k="source_ref" v="http://nlftp.mlit.go.jp/ksj/jpgis/datalist/KsjTmplt-W05.html" />
    <tag k="waterway" v="stream" />
  </way>
  <node id="-6797" lat="33.5769419" lon="130.4519709" />
  <node id="-6798" lat="33.576505" lon="130.4511458" />
  <node id="-6799" lat="33.5764974" lon="130.4511237" />
  <node id="-6800" lat="33.5764974" lon="130.4510997" />
  <node id="-6801" lat="33.5765041" lon="130.4510795" />
  <node id="-6802" lat="33.5765175" lon="130.451054" />
  <node id="-6803" lat="33.5780594" lon="130.4497988" />
  <way id="762846343">
    <nd ref="-6804" />
    <nd ref="-6805" />
    <nd ref="-6806" />
    <nd ref="-6807" />
    <tag k="note" v="National-Land Numerical Information (River) 2006, MLIT Japan" />
    <tag k="note:ja" v="国土数値情報(河川データ)平成18年国土交通省" />
    <tag k="source" v="KSJ2" />
    <tag k="source_ref" v="http://nlftp.mlit.go.jp/ksj/jpgis/datalist/KsjTmplt-W05.html" />
    <tag k="waterway" v="stream" />
  </way>
  <node id="-6804" lat="33.576903" lon="130.4520973" />
  <node id="-6805" lat="33.5763605" lon="130.4511234" />
  <node id="-6806" lat="33.5763612" lon="130.4510517" />
  <node id="-6807" lat="33.5768944" lon="130.4506202" />
  <way id="762846344">
    <nd ref="-6808" />
    <nd ref="-6809" />
    <nd ref="-6810" />
    <nd ref="-6811" />
    <nd ref="-6812" />
    <nd ref="-6813" />
    <nd ref="-6814" />
    <nd ref="-6815" />
    <nd ref="-6816" />
    <nd ref="-6817" />
    <nd ref="-6818" />
    <nd ref="-6819" />
    <tag k="note" v="National-Land Numerical Information (River) 2006, MLIT Japan" />
    <tag k="note:ja" v="国土数値情報(河川データ)平成18年国土交通省" />
    <tag k="source" v="KSJ2" />
    <tag k="source_ref" v="http://nlftp.mlit.go.jp/ksj/jpgis/datalist/KsjTmplt-W05.html" />
    <tag k="waterway" v="stream" />
  </way>
  <node id="-6808" lat="33.5799603" lon="130.4478166" />
  <node id="-6809" lat="33.5798504" lon="130.4471776" />
  <node id="-6810" lat="33.5797884" lon="130.4468286" />
  <node id="-6811" lat="33.57965" lon="130.4460601" />
  <node id="-6812" lat="33.5796433" lon="130.4458632" />
  <node id="-6813" lat="33.579711" lon="130.4456797" />
  <node id="-6814" lat="33.5800168" lon="130.4452582" />
  <node id="-6815" lat="33.5801345" lon="130.4451366" />
  <node id="-6816" lat="33.5816605" lon="130.4438839" />
  <node id="-6817" lat="33.5818747" lon="130.4437044" />
  <node id="-6818" lat="33.5855657" lon="130.440694" />
  <node id="-6819" lat="33.5859066" lon="130.4404221" />
  <way id="762879402">
    <nd ref="-6820" />
    <nd ref="-6821" />
    <tag k="layer" v="-1" />
    <tag k="tunnel" v="yes" />
    <tag k="waterway" v="stream" />
  </way>
  <node id="-6820" lat="33.5718972" lon="130.459202" />
  <node id="-6821" lat="33.5721252" lon="130.4590403" />
  <way id="762879403">
    <nd ref="-6822" />
    <nd ref="-6823" />
    <nd ref="-6824" />
    <nd ref="-6825" />
    <nd ref="-6826" />
    <nd ref="-6827" />
    <tag k="waterway" v="stream" />
  </way>
  <node id="-6822" lat="33.5719603" lon="130.4597588" />
  <node id="-6823" lat="33.5719381" lon="130.4597103" />
  <node id="-6824" lat="33.5718279" lon="130.4594694" />
  <node id="-6825" lat="33.5718246" lon="130.4594024" />
  <node id="-6826" lat="33.5717731" lon="130.4592871" />
  <node id="-6827" lat="33.5718972" lon="130.459202" />
  <way id="762879404">
    <nd ref="-6828" />
    <nd ref="-6829" />
    <nd ref="-6830" />
    <tag k="waterway" v="stream" />
  </way>
  <node id="-6828" lat="33.5721252" lon="130.4590403" />
  <node id="-6829" lat="33.5721626" lon="130.4589692" />
  <node id="-6830" lat="33.572183" lon="130.4586923" />
  <way id="762879405">
    <nd ref="-6831" />
    <nd ref="-6832" />
    <nd ref="-6833" />
    <tag k="waterway" v="stream" />
  </way>
  <node id="-6831" lat="33.5725364" lon="130.4594523" />
  <node id="-6832" lat="33.572183" lon="130.4586923" />
  <node id="-6833" lat="33.572124" lon="130.4585791" />
  <way id="763048132">
    <nd ref="-6834" />
    <nd ref="-6835" />
    <nd ref="-6836" />
    <nd ref="-6837" />
    <nd ref="-6838" />
    <nd ref="-6839" />
    <nd ref="-6840" />
    <nd ref="-6841" />
    <nd ref="-6842" />
    <tag k="waterway" v="stream" />
  </way>
  <node id="-6834" lat="33.5814337" lon="130.4568019" />
  <node id="-6835" lat="33.5814739" lon="130.4568529" />
  <node id="-6836" lat="33.5816124" lon="130.4568636" />
  <node id="-6837" lat="33.5817443" lon="130.4568931" />
  <node id="-6838" lat="33.5839229" lon="130.4554072" />
  <node id="-6839" lat="33.5839922" lon="130.4555494" />
  <node id="-6840" lat="33.5840481" lon="130.455654" />
  <node id="-6841" lat="33.584095" lon="130.455772" />
  <node id="-6842" lat="33.5854848" lon="130.4548198" />
  <way id="763048133">
    <nd ref="-6843" />
    <nd ref="-6844" />
    <nd ref="-6845" />
    <nd ref="-6846" />
    <nd ref="-6847" />
    <nd ref="-6848" />
    <nd ref="-6849" />
    <nd ref="-6850" />
    <nd ref="-6851" />
    <nd ref="-6852" />
    <nd ref="-6853" />
    <nd ref="-6854" />
    <nd ref="-6855" />
    <nd ref="-6856" />
    <nd ref="-6857" />
    <nd ref="-6858" />
    <nd ref="-6859" />
    <nd ref="-6860" />
    <nd ref="-6861" />
    <nd ref="-6862" />
    <nd ref="-6863" />
    <nd ref="-6864" />
    <nd ref="-6865" />
    <tag k="waterway" v="stream" />
  </way>
  <node id="-6843" lat="33.5749599" lon="130.4599991" />
  <node id="-6844" lat="33.5753332" lon="130.4598462" />
  <node id="-6845" lat="33.5755052" lon="130.4599093" />
  <node id="-6846" lat="33.5757231" lon="130.4600206" />
  <node id="-6847" lat="33.5760315" lon="130.4601668" />
  <node id="-6848" lat="33.5760617" lon="130.4601802" />
  <node id="-6849" lat="33.5762036" lon="130.4602486" />
  <node id="-6850" lat="33.5767622" lon="130.4598664" />
  <node id="-6851" lat="33.5768002" lon="130.4598422" />
  <node id="-6852" lat="33.5775131" lon="130.4593621" />
  <node id="-6853" lat="33.5775432" lon="130.459342" />
  <node id="-6854" lat="33.5776673" lon="130.4592548" />
  <node id="-6855" lat="33.5776963" lon="130.4592334" />
  <node id="-6856" lat="33.5785499" lon="130.4586594" />
  <node id="-6857" lat="33.5785846" lon="130.4586326" />
  <node id="-6858" lat="33.5787399" lon="130.4585306" />
  <node id="-6859" lat="33.5794728" lon="130.4582342" />
  <node id="-6860" lat="33.5795164" lon="130.4582141" />
  <node id="-6861" lat="33.579751" lon="130.4581256" />
  <node id="-6862" lat="33.5798237" lon="130.458084" />
  <node id="-6863" lat="33.5802304" lon="130.4578064" />
  <node id="-6864" lat="33.5807164" lon="130.4574779" />
  <node id="-6865" lat="33.5816124" lon="130.4568636" />
  <way id="763049313">
    <nd ref="-6866" />
    <nd ref="-6867" />
    <tag k="waterway" v="stream" />
  </way>
  <node id="-6866" lat="33.5799533" lon="130.4533151" />
  <node id="-6867" lat="33.5801868" lon="130.4531434" />
  <way id="763049314">
    <nd ref="-6868" />
    <nd ref="-6869" />
    <tag k="layer" v="-1" />
    <tag k="tunnel" v="yes" />
    <tag k="waterway" v="stream" />
  </way>
  <node id="-6868" lat="33.5799131" lon="130.4533473" />
  <node id="-6869" lat="33.5799533" lon="130.4533151" />
  <way id="763049315">
    <nd ref="-6870" />
    <nd ref="-6871" />
    <tag k="waterway" v="stream" />
  </way>
  <node id="-6870" lat="33.5795678" lon="130.45359" />
  <node id="-6871" lat="33.5799131" lon="130.4533473" />
  <way id="763073836">
    <nd ref="-6872" />
    <nd ref="-6873" />
    <nd ref="-6874" />
    <nd ref="-6875" />
    <tag k="waterway" v="stream" />
  </way>
  <node id="-6872" lat="33.5997606" lon="130.4423086" />
  <node id="-6873" lat="33.5998232" lon="130.442263" />
  <node id="-6874" lat="33.5996813" lon="130.4419626" />
  <node id="-6875" lat="33.6007414" lon="130.4412357" />
  <way id="763094656">
    <nd ref="-6876" />
    <nd ref="-6877" />
    <tag k="layer" v="-1" />
    <tag k="note" v="National-Land Numerical Information (River) 2006, MLIT Japan" />
    <tag k="note:ja" v="国土数値情報(河川データ)平成18年国土交通省" />
    <tag k="source" v="KSJ2" />
    <tag k="source_ref" v="http://nlftp.mlit.go.jp/ksj/jpgis/datalist/KsjTmplt-W05.html" />
    <tag k="tunnel" v="yes" />
    <tag k="waterway" v="stream" />
  </way>
  <node id="-6876" lat="33.5919466" lon="130.4408079" />
  <node id="-6877" lat="33.5921734" lon="130.4408897" />
  <way id="763094658">
    <nd ref="-6878" />
    <nd ref="-6879" />
    <tag k="layer" v="-1" />
    <tag k="note" v="National-Land Numerical Information (River) 2006, MLIT Japan" />
    <tag k="note:ja" v="国土数値情報(河川データ)平成18年国土交通省" />
    <tag k="source" v="KSJ2" />
    <tag k="source_ref" v="http://nlftp.mlit.go.jp/ksj/jpgis/datalist/KsjTmplt-W05.html" />
    <tag k="tunnel" v="yes" />
    <tag k="waterway" v="stream" />
  </way>
  <node id="-6878" lat="33.5855046" lon="130.440593" />
  <node id="-6879" lat="33.5859007" lon="130.4402576" />
  <way id="763094659">
    <nd ref="-6880" />
    <nd ref="-6881" />
    <nd ref="-6882" />
    <nd ref="-6883" />
    <nd ref="-6884" />
    <nd ref="-6885" />
    <tag k="note" v="National-Land Numerical Information (River) 2006, MLIT Japan" />
    <tag k="note:ja" v="国土数値情報(河川データ)平成18年国土交通省" />
    <tag k="source" v="KSJ2" />
    <tag k="source_ref" v="http://nlftp.mlit.go.jp/ksj/jpgis/datalist/KsjTmplt-W05.html" />
    <tag k="waterway" v="stream" />
  </way>
  <node id="-6880" lat="33.583254" lon="130.4424525" />
  <node id="-6881" lat="33.5834355" lon="130.4423046" />
  <node id="-6882" lat="33.5837595" lon="130.4420253" />
  <node id="-6883" lat="33.5840416" lon="130.4417957" />
  <node id="-6884" lat="33.5843271" lon="130.4415639" />
  <node id="-6885" lat="33.5855046" lon="130.440593" />
  <way id="763094660">
    <nd ref="-6886" />
    <nd ref="-6887" />
    <tag k="layer" v="-1" />
    <tag k="note" v="National-Land Numerical Information (River) 2006, MLIT Japan" />
    <tag k="note:ja" v="国土数値情報(河川データ)平成18年国土交通省" />
    <tag k="source" v="KSJ2" />
    <tag k="source_ref" v="http://nlftp.mlit.go.jp/ksj/jpgis/datalist/KsjTmplt-W05.html" />
    <tag k="tunnel" v="yes" />
    <tag k="waterway" v="stream" />
  </way>
  <node id="-6886" lat="33.5831456" lon="130.4425366" />
  <node id="-6887" lat="33.583254" lon="130.4424525" />
  <way id="763094661">
    <nd ref="-6888" />
    <nd ref="-6889" />
    <tag k="note" v="National-Land Numerical Information (River) 2006, MLIT Japan" />
    <tag k="note:ja" v="国土数値情報(河川データ)平成18年国土交通省" />
    <tag k="source" v="KSJ2" />
    <tag k="source_ref" v="http://nlftp.mlit.go.jp/ksj/jpgis/datalist/KsjTmplt-W05.html" />
    <tag k="waterway" v="stream" />
  </way>
  <node id="-6888" lat="33.5830964" lon="130.4425748" />
  <node id="-6889" lat="33.5831456" lon="130.4425366" />
  <way id="763094662">
    <nd ref="-6890" />
    <nd ref="-6891" />
    <tag k="note" v="National-Land Numerical Information (River) 2006, MLIT Japan" />
    <tag k="note:ja" v="国土数値情報(河川データ)平成18年国土交通省" />
    <tag k="source" v="KSJ2" />
    <tag k="source_ref" v="http://nlftp.mlit.go.jp/ksj/jpgis/datalist/KsjTmplt-W05.html" />
    <tag k="waterway" v="stream" />
  </way>
  <node id="-6890" lat="33.5827919" lon="130.4428202" />
  <node id="-6891" lat="33.5830964" lon="130.4425748" />
  <way id="763094663">
    <nd ref="-6892" />
    <nd ref="-6893" />
    <tag k="note" v="National-Land Numerical Information (River) 2006, MLIT Japan" />
    <tag k="note:ja" v="国土数値情報(河川データ)平成18年国土交通省" />
    <tag k="source" v="KSJ2" />
    <tag k="source_ref" v="http://nlftp.mlit.go.jp/ksj/jpgis/datalist/KsjTmplt-W05.html" />
    <tag k="waterway" v="stream" />
  </way>
  <node id="-6892" lat="33.5819192" lon="130.4435397" />
  <node id="-6893" lat="33.5827919" lon="130.4428202" />
  <way id="763094664">
    <nd ref="-6894" />
    <nd ref="-6895" />
    <tag k="note" v="National-Land Numerical Information (River) 2006, MLIT Japan" />
    <tag k="note:ja" v="国土数値情報(河川データ)平成18年国土交通省" />
    <tag k="source" v="KSJ2" />
    <tag k="source_ref" v="http://nlftp.mlit.go.jp/ksj/jpgis/datalist/KsjTmplt-W05.html" />
    <tag k="waterway" v="stream" />
  </way>
  <node id="-6894" lat="33.5813797" lon="130.4439682" />
  <node id="-6895" lat="33.5816691" lon="130.44373" />
  <way id="763094665">
    <nd ref="-6896" />
    <nd ref="-6897" />
    <tag k="layer" v="-1" />
    <tag k="note" v="National-Land Numerical Information (River) 2006, MLIT Japan" />
    <tag k="note:ja" v="国土数値情報(河川データ)平成18年国土交通省" />
    <tag k="source" v="KSJ2" />
    <tag k="source_ref" v="http://nlftp.mlit.go.jp/ksj/jpgis/datalist/KsjTmplt-W05.html" />
    <tag k="tunnel" v="yes" />
    <tag k="waterway" v="stream" />
  </way>
  <node id="-6896" lat="33.5812749" lon="130.4440544" />
  <node id="-6897" lat="33.5813797" lon="130.4439682" />
  <way id="763094666">
    <nd ref="-6898" />
    <nd ref="-6899" />
    <tag k="layer" v="-1" />
    <tag k="note" v="National-Land Numerical Information (River) 2006, MLIT Japan" />
    <tag k="note:ja" v="国土数値情報(河川データ)平成18年国土交通省" />
    <tag k="source" v="KSJ2" />
    <tag k="source_ref" v="http://nlftp.mlit.go.jp/ksj/jpgis/datalist/KsjTmplt-W05.html" />
    <tag k="tunnel" v="yes" />
    <tag k="waterway" v="stream" />
  </way>
  <node id="-6898" lat="33.5816691" lon="130.44373" />
  <node id="-6899" lat="33.5819192" lon="130.4435397" />
  <way id="763094667">
    <nd ref="-6900" />
    <nd ref="-6901" />
    <nd ref="-6902" />
    <nd ref="-6903" />
    <nd ref="-6904" />
    <nd ref="-6905" />
    <nd ref="-6906" />
    <nd ref="-6907" />
    <tag k="note" v="National-Land Numerical Information (River) 2006, MLIT Japan" />
    <tag k="note:ja" v="国土数値情報(河川データ)平成18年国土交通省" />
    <tag k="source" v="KSJ2" />
    <tag k="source_ref" v="http://nlftp.mlit.go.jp/ksj/jpgis/datalist/KsjTmplt-W05.html" />
    <tag k="waterway" v="stream" />
  </way>
  <node id="-6900" lat="33.5859007" lon="130.4402576" />
  <node id="-6901" lat="33.5869579" lon="130.4393368" />
  <node id="-6902" lat="33.5870255" lon="130.4392784" />
  <node id="-6903" lat="33.5870688" lon="130.4392364" />
  <node id="-6904" lat="33.587125" lon="130.4391866" />
  <node id="-6905" lat="33.5872092" lon="130.4391456" />
  <node id="-6906" lat="33.5872522" lon="130.439149" />
  <node id="-6907" lat="33.5872841" lon="130.4391601" />
  <way id="763094669">
    <nd ref="-6908" />
    <nd ref="-6909" />
    <tag k="waterway" v="stream" />
  </way>
  <node id="-6908" lat="33.5877377" lon="130.439898" />
  <node id="-6909" lat="33.5874997" lon="130.4399128" />
  <way id="763094670">
    <nd ref="-6910" />
    <nd ref="-6911" />
    <tag k="layer" v="-1" />
    <tag k="tunnel" v="yes" />
    <tag k="waterway" v="stream" />
  </way>
  <node id="-6910" lat="33.587793" lon="130.4398946" />
  <node id="-6911" lat="33.5877377" lon="130.439898" />
  <way id="763094671">
    <nd ref="-6912" />
    <nd ref="-6913" />
    <tag k="waterway" v="stream" />
  </way>
  <node id="-6912" lat="33.5880791" lon="130.4402063" />
  <node id="-6913" lat="33.5877754" lon="130.4404152" />
  <way id="763094672">
    <nd ref="-6914" />
    <nd ref="-6915" />
    <tag k="layer" v="-1" />
    <tag k="tunnel" v="yes" />
    <tag k="waterway" v="stream" />
  </way>
  <node id="-6914" lat="33.5881526" lon="130.4401594" />
  <node id="-6915" lat="33.5880791" lon="130.4402063" />
  <way id="763094673">
    <nd ref="-6916" />
    <nd ref="-6917" />
    <nd ref="-6918" />
    <tag k="waterway" v="stream" />
  </way>
  <node id="-6916" lat="33.587701" lon="130.4404674" />
  <node id="-6917" lat="33.5874478" lon="130.4406363" />
  <node id="-6918" lat="33.5874017" lon="130.4406185" />
  <way id="763094674">
    <nd ref="-6919" />
    <nd ref="-6920" />
    <tag k="layer" v="-1" />
    <tag k="tunnel" v="yes" />
    <tag k="waterway" v="stream" />
  </way>
  <node id="-6919" lat="33.5877754" lon="130.4404152" />
  <node id="-6920" lat="33.587701" lon="130.4404674" />
  <way id="763094675">
    <nd ref="-6921" />
    <nd ref="-6922" />
    <nd ref="-6923" />
    <nd ref="-6924" />
    <tag k="waterway" v="stream" />
  </way>
  <node id="-6921" lat="33.5872712" lon="130.4407204" />
  <node id="-6922" lat="33.5870073" lon="130.4409018" />
  <node id="-6923" lat="33.5868455" lon="130.4408109" />
  <node id="-6924" lat="33.5868082" lon="130.4407823" />
  <way id="763094676">
    <nd ref="-6925" />
    <nd ref="-6926" />
    <tag k="layer" v="-1" />
    <tag k="tunnel" v="yes" />
    <tag k="waterway" v="stream" />
  </way>
  <node id="-6925" lat="33.5874017" lon="130.4406185" />
  <node id="-6926" lat="33.5872712" lon="130.4407204" />
  <way id="763094677">
    <nd ref="-6927" />
    <nd ref="-6928" />
    <nd ref="-6929" />
    <tag k="waterway" v="stream" />
  </way>
  <node id="-6927" lat="33.5867376" lon="130.4407401" />
  <node id="-6928" lat="33.586573" lon="130.4406443" />
  <node id="-6929" lat="33.586573" lon="130.4406333" />
  <way id="763094678">
    <nd ref="-6930" />
    <nd ref="-6931" />
    <tag k="layer" v="-1" />
    <tag k="tunnel" v="yes" />
    <tag k="waterway" v="stream" />
  </way>
  <node id="-6930" lat="33.5868082" lon="130.4407823" />
  <node id="-6931" lat="33.5867376" lon="130.4407401" />
  <way id="763094679">
    <nd ref="-6932" />
    <nd ref="-6933" />
    <tag k="waterway" v="stream" />
  </way>
  <node id="-6932" lat="33.5868455" lon="130.4408109" />
  <node id="-6933" lat="33.5868417" lon="130.4406274" />
  <way id="763094680">
    <nd ref="-6934" />
    <nd ref="-6935" />
    <tag k="waterway" v="stream" />
  </way>
  <node id="-6934" lat="33.5883717" lon="130.44001" />
  <node id="-6935" lat="33.5881526" lon="130.4401594" />
  <way id="763094681">
    <nd ref="-6936" />
    <nd ref="-6937" />
    <nd ref="-6938" />
    <tag k="waterway" v="stream" />
  </way>
  <node id="-6936" lat="33.5883697" lon="130.4399906" />
  <node id="-6937" lat="33.588103" lon="130.4398766" />
  <node id="-6938" lat="33.587793" lon="130.4398946" />
  <way id="763094682">
    <nd ref="-6939" />
    <nd ref="-6940" />
    <nd ref="-6941" />
    <nd ref="-6942" />
    <nd ref="-6943" />
    <nd ref="-6944" />
    <nd ref="-6945" />
    <nd ref="-6946" />
    <nd ref="-6947" />
    <nd ref="-6948" />
    <nd ref="-6949" />
    <nd ref="-6950" />
    <tag k="natural" v="water" />
    <tag k="water" v="river" />
  </way>
  <node id="-6939" lat="33.5883728" lon="130.4399992" />
  <node id="-6940" lat="33.588146" lon="130.4401481" />
  <node id="-6941" lat="33.5881526" lon="130.4401594" />
  <node id="-6942" lat="33.5881616" lon="130.4401749" />
  <node id="-6943" lat="33.5883918" lon="130.4400147" />
  <node id="-6944" lat="33.5883845" lon="130.4399818" />
  <node id="-6945" lat="33.5881024" lon="130.4398612" />
  <node id="-6946" lat="33.587793" lon="130.4398826" />
  <node id="-6947" lat="33.587793" lon="130.4398946" />
  <node id="-6948" lat="33.5877929" lon="130.4399067" />
  <node id="-6949" lat="33.5880991" lon="130.439888" />
  <node id="-6950" lat="33.5883728" lon="130.4399992" />
  <way id="763094683">
    <nd ref="-6951" />
    <nd ref="-6952" />
    <nd ref="-6953" />
    <nd ref="-6954" />
    <nd ref="-6955" />
    <nd ref="-6956" />
    <nd ref="-6957" />
    <tag k="natural" v="water" />
    <tag k="water" v="river" />
  </way>
  <node id="-6951" lat="33.5877706" lon="130.4404016" />
  <node id="-6952" lat="33.5877754" lon="130.4404152" />
  <node id="-6953" lat="33.5877818" lon="130.4404338" />
  <node id="-6954" lat="33.5880857" lon="130.4402205" />
  <node id="-6955" lat="33.5880791" lon="130.4402063" />
  <node id="-6956" lat="33.5880734" lon="130.4401937" />
  <node id="-6957" lat="33.5877706" lon="130.4404016" />
  <way id="763094684">
    <nd ref="-6958" />
    <nd ref="-6959" />
    <nd ref="-6960" />
    <nd ref="-6961" />
    <nd ref="-6962" />
    <nd ref="-6963" />
    <nd ref="-6964" />
    <nd ref="-6965" />
    <nd ref="-6966" />
    <nd ref="-6967" />
    <nd ref="-6968" />
    <nd ref="-6969" />
    <nd ref="-6970" />
    <tag k="natural" v="water" />
    <tag k="water" v="river" />
  </way>
  <node id="-6958" lat="33.5876913" lon="130.4404485" />
  <node id="-6959" lat="33.5874444" lon="130.4406229" />
  <node id="-6960" lat="33.5874008" lon="130.4406054" />
  <node id="-6961" lat="33.5874017" lon="130.4406185" />
  <node id="-6962" lat="33.5874031" lon="130.4406376" />
  <node id="-6963" lat="33.5874511" lon="130.4406577" />
  <node id="-6964" lat="33.5875785" lon="130.4405692" />
  <node id="-6965" lat="33.587612" lon="130.4406376" />
  <node id="-6966" lat="33.587669" lon="130.4405987" />
  <node id="-6967" lat="33.5876366" lon="130.4405317" />
  <node id="-6968" lat="33.5877092" lon="130.4404834" />
  <node id="-6969" lat="33.587701" lon="130.4404674" />
  <node id="-6970" lat="33.5876913" lon="130.4404485" />
  <way id="763094685">
    <nd ref="-6971" />
    <nd ref="-6972" />
    <nd ref="-6973" />
    <nd ref="-6974" />
    <nd ref="-6975" />
    <nd ref="-6976" />
    <nd ref="-6977" />
    <nd ref="-6978" />
    <nd ref="-6979" />
    <nd ref="-6980" />
    <nd ref="-6981" />
    <nd ref="-6982" />
    <nd ref="-6983" />
    <nd ref="-6984" />
    <nd ref="-6985" />
    <nd ref="-6986" />
    <nd ref="-6987" />
    <nd ref="-6988" />
    <tag k="natural" v="water" />
    <tag k="water" v="river" />
  </way>
  <node id="-6971" lat="33.5868299" lon="130.4406277" />
  <node id="-6972" lat="33.5868344" lon="130.4407811" />
  <node id="-6973" lat="33.5868126" lon="130.4407697" />
  <node id="-6974" lat="33.5868082" lon="130.4407823" />
  <node id="-6975" lat="33.5868031" lon="130.4407965" />
  <node id="-6976" lat="33.5869198" lon="130.4408656" />
  <node id="-6977" lat="33.5868964" lon="130.4409105" />
  <node id="-6978" lat="33.5869417" lon="130.4409327" />
  <node id="-6979" lat="33.5869568" lon="130.4408904" />
  <node id="-6980" lat="33.5870053" lon="130.4409105" />
  <node id="-6981" lat="33.5872751" lon="130.4407268" />
  <node id="-6982" lat="33.5872712" lon="130.4407204" />
  <node id="-6983" lat="33.5872674" lon="130.440714" />
  <node id="-6984" lat="33.5870092" lon="130.4408931" />
  <node id="-6985" lat="33.5868579" lon="130.4408106" />
  <node id="-6986" lat="33.5868545" lon="130.4406271" />
  <node id="-6987" lat="33.5868417" lon="130.4406274" />
  <node id="-6988" lat="33.5868299" lon="130.4406277" />
  <way id="763094686">
    <nd ref="-6989" />
    <nd ref="-6990" />
    <nd ref="-6991" />
    <nd ref="-6992" />
    <nd ref="-6993" />
    <nd ref="-6994" />
    <nd ref="-6995" />
    <nd ref="-6996" />
    <nd ref="-6997" />
    <tag k="natural" v="water" />
    <tag k="water" v="river" />
  </way>
  <node id="-6989" lat="33.5865593" lon="130.4406336" />
  <node id="-6990" lat="33.5865618" lon="130.4406597" />
  <node id="-6991" lat="33.5867339" lon="130.4407543" />
  <node id="-6992" lat="33.5867376" lon="130.4407401" />
  <node id="-6993" lat="33.5867417" lon="130.4407248" />
  <node id="-6994" lat="33.5865842" lon="130.4406369" />
  <node id="-6995" lat="33.5865836" lon="130.4406331" />
  <node id="-6996" lat="33.586573" lon="130.4406333" />
  <node id="-6997" lat="33.5865593" lon="130.4406336" />
  <way id="763094687">
    <nd ref="-6998" />
    <nd ref="-6999" />
    <nd ref="-7000" />
    <nd ref="-7001" />
    <nd ref="-7002" />
    <nd ref="-7003" />
    <nd ref="-7004" />
    <nd ref="-7005" />
    <nd ref="-7006" />
    <nd ref="-7007" />
    <nd ref="-7008" />
    <nd ref="-7009" />
    <nd ref="-7010" />
    <nd ref="-7011" />
    <nd ref="-7012" />
    <nd ref="-7013" />
    <nd ref="-7014" />
    <nd ref="-7015" />
    <nd ref="-7016" />
    <nd ref="-7017" />
    <nd ref="-7018" />
    <tag k="natural" v="water" />
    <tag k="reservoir_type" v="water_storage" />
    <tag k="water" v="reservoir" />
  </way>
  <node id="-6998" lat="33.5868928" lon="130.4403011" />
  <node id="-6999" lat="33.5866535" lon="130.4403033" />
  <node id="-7000" lat="33.5866456" lon="130.4403036" />
  <node id="-7001" lat="33.5866366" lon="130.4403067" />
  <node id="-7002" lat="33.5865543" lon="130.4403086" />
  <node id="-7003" lat="33.5865562" lon="130.4404305" />
  <node id="-7004" lat="33.586542" lon="130.4404308" />
  <node id="-7005" lat="33.5865426" lon="130.4404683" />
  <node id="-7006" lat="33.5865567" lon="130.440468" />
  <node id="-7007" lat="33.5865569" lon="130.4404793" />
  <node id="-7008" lat="33.5865437" lon="130.4404796" />
  <node id="-7009" lat="33.5865445" lon="130.4405266" />
  <node id="-7010" lat="33.5865576" lon="130.4405263" />
  <node id="-7011" lat="33.5865593" lon="130.4406336" />
  <node id="-7012" lat="33.586573" lon="130.4406333" />
  <node id="-7013" lat="33.5865836" lon="130.4406331" />
  <node id="-7014" lat="33.5868299" lon="130.4406277" />
  <node id="-7015" lat="33.5868417" lon="130.4406274" />
  <node id="-7016" lat="33.5868545" lon="130.4406271" />
  <node id="-7017" lat="33.5868978" lon="130.4406262" />
  <node id="-7018" lat="33.5868928" lon="130.4403011" />
  <way id="763094688">
    <nd ref="-7019" />
    <nd ref="-7020" />
    <nd ref="-7021" />
    <nd ref="-7022" />
    <nd ref="-7023" />
    <nd ref="-7024" />
    <nd ref="-7025" />
    <nd ref="-7026" />
    <nd ref="-7027" />
    <tag k="natural" v="water" />
    <tag k="water" v="river" />
  </way>
  <node id="-7019" lat="33.5866366" lon="130.4403067" />
  <node id="-7020" lat="33.5866456" lon="130.4403036" />
  <node id="-7021" lat="33.5866535" lon="130.4403033" />
  <node id="-7022" lat="33.5866567" lon="130.4402067" />
  <node id="-7023" lat="33.5870122" lon="130.4400864" />
  <node id="-7024" lat="33.5870083" lon="130.4400741" />
  <node id="-7025" lat="33.5870043" lon="130.4400619" />
  <node id="-7026" lat="33.5866371" lon="130.4401876" />
  <node id="-7027" lat="33.5866366" lon="130.4403067" />
  <way id="763094689">
    <nd ref="-7028" />
    <nd ref="-7029" />
    <tag k="waterway" v="stream" />
  </way>
  <node id="-7028" lat="33.5875028" lon="130.4397035" />
  <node id="-7029" lat="33.587503" lon="130.4396696" />
  <way id="763094690">
    <nd ref="-7030" />
    <nd ref="-7031" />
    <tag k="layer" v="-1" />
    <tag k="tunnel" v="yes" />
    <tag k="waterway" v="stream" />
  </way>
  <node id="-7030" lat="33.5875004" lon="130.4398321" />
  <node id="-7031" lat="33.5875028" lon="130.4397035" />
  <way id="763094691">
    <nd ref="-7032" />
    <nd ref="-7033" />
    <tag k="waterway" v="stream" />
  </way>
  <node id="-7032" lat="33.5874997" lon="130.4399128" />
  <node id="-7033" lat="33.5875004" lon="130.4398321" />
  <way id="763094692">
    <nd ref="-7034" />
    <nd ref="-7035" />
    <nd ref="-7036" />
    <nd ref="-7037" />
    <nd ref="-7038" />
    <nd ref="-7039" />
    <nd ref="-7040" />
    <nd ref="-7041" />
    <nd ref="-7042" />
    <nd ref="-7043" />
    <nd ref="-7044" />
    <nd ref="-7045" />
    <nd ref="-7046" />
    <tag k="natural" v="water" />
    <tag k="water" v="river" />
  </way>
  <node id="-7034" lat="33.587739" lon="130.4399088" />
  <node id="-7035" lat="33.5877377" lon="130.439898" />
  <node id="-7036" lat="33.5877364" lon="130.4398872" />
  <node id="-7037" lat="33.5875369" lon="130.4398923" />
  <node id="-7038" lat="33.5875323" lon="130.439834" />
  <node id="-7039" lat="33.5875004" lon="130.4398321" />
  <node id="-7040" lat="33.5874686" lon="130.4398303" />
  <node id="-7041" lat="33.5874698" lon="130.4398887" />
  <node id="-7042" lat="33.5870525" lon="130.4400415" />
  <node id="-7043" lat="33.5870556" lon="130.4400546" />
  <node id="-7044" lat="33.5870587" lon="130.4400676" />
  <node id="-7045" lat="33.5874541" lon="130.4399287" />
  <node id="-7046" lat="33.587739" lon="130.4399088" />
  <way id="763094693">
    <nd ref="-7047" />
    <nd ref="-7048" />
    <nd ref="-7049" />
    <tag k="waterway" v="stream" />
  </way>
  <node id="-7047" lat="33.5870556" lon="130.4400546" />
  <node id="-7048" lat="33.587457" lon="130.4399128" />
  <node id="-7049" lat="33.5874997" lon="130.4399128" />
  <way id="763094694">
    <nd ref="-7050" />
    <nd ref="-7051" />
    <tag k="layer" v="-1" />
    <tag k="tunnel" v="yes" />
    <tag k="waterway" v="stream" />
  </way>
  <node id="-7050" lat="33.5870083" lon="130.4400741" />
  <node id="-7051" lat="33.5870556" lon="130.4400546" />
  <way id="763094695">
    <nd ref="-7052" />
    <nd ref="-7053" />
    <nd ref="-7054" />
    <tag k="waterway" v="stream" />
  </way>
  <node id="-7052" lat="33.5866456" lon="130.4403036" />
  <node id="-7053" lat="33.5866474" lon="130.4401978" />
  <node id="-7054" lat="33.5870083" lon="130.4400741" />
  <way id="763094696">
    <nd ref="-7055" />
    <nd ref="-7056" />
    <tag k="layer" v="-1" />
    <tag k="note" v="National-Land Numerical Information (River) 2006, MLIT Japan" />
    <tag k="note:ja" v="国土数値情報(河川データ)平成18年国土交通省" />
    <tag k="source" v="KSJ2" />
    <tag k="source_ref" v="http://nlftp.mlit.go.jp/ksj/jpgis/datalist/KsjTmplt-W05.html" />
    <tag k="tunnel" v="yes" />
    <tag k="waterway" v="stream" />
  </way>
  <node id="-7055" lat="33.5872131" lon="130.43966" />
  <node id="-7056" lat="33.5874735" lon="130.4396797" />
  <way id="763094697">
    <nd ref="-7057" />
    <nd ref="-7058" />
    <tag k="note" v="National-Land Numerical Information (River) 2006, MLIT Japan" />
    <tag k="note:ja" v="国土数値情報(河川データ)平成18年国土交通省" />
    <tag k="source" v="KSJ2" />
    <tag k="source_ref" v="http://nlftp.mlit.go.jp/ksj/jpgis/datalist/KsjTmplt-W05.html" />
    <tag k="waterway" v="stream" />
  </way>
  <node id="-7057" lat="33.5871612" lon="130.4396328" />
  <node id="-7058" lat="33.5872131" lon="130.43966" />
  <way id="763097507">
    <nd ref="-7059" />
    <nd ref="-7060" />
    <nd ref="-7061" />
    <nd ref="-7062" />
    <nd ref="-7063" />
    <tag k="natural" v="water" />
    <tag k="reservoir_type" v="water_storage" />
    <tag k="water" v="reservoir" />
  </way>
  <node id="-7059" lat="33.5810264" lon="130.4447675" />
  <node id="-7060" lat="33.5807359" lon="130.4450009" />
  <node id="-7061" lat="33.5808722" lon="130.4452731" />
  <node id="-7062" lat="33.5811655" lon="130.4450592" />
  <node id="-7063" lat="33.5810264" lon="130.4447675" />
  <way id="763097508">
    <nd ref="-7064" />
    <nd ref="-7065" />
    <nd ref="-7066" />
    <nd ref="-7067" />
    <nd ref="-7068" />
    <nd ref="-7069" />
    <nd ref="-7070" />
    <nd ref="-7071" />
    <nd ref="-7072" />
    <nd ref="-7073" />
    <nd ref="-7074" />
    <tag k="natural" v="water" />
    <tag k="water" v="river" />
  </way>
  <node id="-7064" lat="33.5811039" lon="130.4454744" />
  <node id="-7065" lat="33.5813393" lon="130.4453175" />
  <node id="-7066" lat="33.5812255" lon="130.4450795" />
  <node id="-7067" lat="33.5811868" lon="130.4450715" />
  <node id="-7068" lat="33.5811841" lon="130.4450901" />
  <node id="-7069" lat="33.5811815" lon="130.4451087" />
  <node id="-7070" lat="33.5812055" lon="130.4451136" />
  <node id="-7071" lat="33.5813001" lon="130.4453051" />
  <node id="-7072" lat="33.5810853" lon="130.4454501" />
  <node id="-7073" lat="33.5810974" lon="130.4454602" />
  <node id="-7074" lat="33.5811039" lon="130.4454744" />
  <way id="763097509">
    <nd ref="-7075" />
    <nd ref="-7076" />
    <nd ref="-7077" />
    <nd ref="-7078" />
    <tag k="waterway" v="stream" />
  </way>
  <node id="-7075" lat="33.5810974" lon="130.4454602" />
  <node id="-7076" lat="33.5813208" lon="130.4453114" />
  <node id="-7077" lat="33.5812155" lon="130.4450965" />
  <node id="-7078" lat="33.5811841" lon="130.4450901" />
  <way id="763097510">
    <nd ref="-7079" />
    <nd ref="-7080" />
    <nd ref="-7081" />
    <nd ref="-7082" />
    <nd ref="-7083" />
    <nd ref="-7084" />
    <nd ref="-7085" />
    <nd ref="-7086" />
    <nd ref="-7087" />
    <nd ref="-7088" />
    <nd ref="-7089" />
    <nd ref="-7090" />
    <nd ref="-7091" />
    <nd ref="-7092" />
    <nd ref="-7093" />
    <nd ref="-7094" />
    <nd ref="-7095" />
    <nd ref="-7096" />
    <nd ref="-7097" />
    <tag k="natural" v="water" />
    <tag k="water" v="river" />
  </way>
  <node id="-7079" lat="33.5810115" lon="130.4447261" />
  <node id="-7080" lat="33.5802226" lon="130.4453505" />
  <node id="-7081" lat="33.5799402" lon="130.445722" />
  <node id="-7082" lat="33.5798342" lon="130.446114" />
  <node id="-7083" lat="33.579865" lon="130.4463077" />
  <node id="-7084" lat="33.5798963" lon="130.4463625" />
  <node id="-7085" lat="33.5809903" lon="130.4456108" />
  <node id="-7086" lat="33.5810161" lon="130.4455344" />
  <node id="-7087" lat="33.5810048" lon="130.445529" />
  <node id="-7088" lat="33.5809934" lon="130.4455236" />
  <node id="-7089" lat="33.5809728" lon="130.4455817" />
  <node id="-7090" lat="33.5799041" lon="130.4463137" />
  <node id="-7091" lat="33.579891" lon="130.4462941" />
  <node id="-7092" lat="33.5798621" lon="130.4461143" />
  <node id="-7093" lat="33.5799618" lon="130.4457395" />
  <node id="-7094" lat="33.5802447" lon="130.4453721" />
  <node id="-7095" lat="33.5810283" lon="130.4447482" />
  <node id="-7096" lat="33.5810199" lon="130.4447371" />
  <node id="-7097" lat="33.5810115" lon="130.4447261" />
  <way id="763097511">
    <nd ref="-7098" />
    <nd ref="-7099" />
    <nd ref="-7100" />
    <nd ref="-7101" />
    <nd ref="-7102" />
    <nd ref="-7103" />
    <nd ref="-7104" />
    <nd ref="-7105" />
    <tag k="waterway" v="stream" />
  </way>
  <node id="-7098" lat="33.5810048" lon="130.445529" />
  <node id="-7099" lat="33.5809834" lon="130.445593" />
  <node id="-7100" lat="33.5799008" lon="130.4463346" />
  <node id="-7101" lat="33.579878" lon="130.4463009" />
  <node id="-7102" lat="33.5798482" lon="130.4461142" />
  <node id="-7103" lat="33.579951" lon="130.4457307" />
  <node id="-7104" lat="33.5802336" lon="130.4453613" />
  <node id="-7105" lat="33.5810199" lon="130.4447371" />
  <way id="763106973">
    <nd ref="-7106" />
    <nd ref="-7107" />
    <nd ref="-7108" />
    <nd ref="-7109" />
    <nd ref="-7110" />
    <nd ref="-7111" />
    <nd ref="-7112" />
    <nd ref="-7113" />
    <nd ref="-7114" />
    <nd ref="-7115" />
    <nd ref="-7116" />
    <nd ref="-7117" />
    <tag k="basin" v="detention" />
    <tag k="natural" v="water" />
    <tag k="water" v="basin" />
  </way>
  <node id="-7106" lat="33.5884085" lon="130.4399188" />
  <node id="-7107" lat="33.5881136" lon="130.4397954" />
  <node id="-7108" lat="33.5874221" lon="130.4398437" />
  <node id="-7109" lat="33.5867685" lon="130.4400703" />
  <node id="-7110" lat="33.5866087" lon="130.440124" />
  <node id="-7111" lat="33.5864959" lon="130.4402138" />
  <node id="-7112" lat="33.586497" lon="130.4404096" />
  <node id="-7113" lat="33.5864423" lon="130.4405437" />
  <node id="-7114" lat="33.5864445" lon="130.4406725" />
  <node id="-7115" lat="33.5870523" lon="130.4410078" />
  <node id="-7116" lat="33.5884655" lon="130.4400395" />
  <node id="-7117" lat="33.5884085" lon="130.4399188" />
  <way id="763108651">
    <nd ref="-7118" />
    <nd ref="-7119" />
    <nd ref="-7120" />
    <nd ref="-7121" />
    <nd ref="-7122" />
    <nd ref="-7123" />
    <nd ref="-7124" />
    <nd ref="-7125" />
    <nd ref="-7126" />
    <nd ref="-7127" />
    <tag k="basin" v="detention" />
    <tag k="natural" v="water" />
    <tag k="water" v="basin" />
  </way>
  <node id="-7118" lat="33.5810192" lon="130.4446194" />
  <node id="-7119" lat="33.5801499" lon="130.4453194" />
  <node id="-7120" lat="33.5798717" lon="130.4456802" />
  <node id="-7121" lat="33.5797611" lon="130.4460758" />
  <node id="-7122" lat="33.5798013" lon="130.4463454" />
  <node id="-7123" lat="33.5798471" lon="130.4464754" />
  <node id="-7124" lat="33.5814337" lon="130.4454012" />
  <node id="-7125" lat="33.5811488" lon="130.4448192" />
  <node id="-7126" lat="33.5810683" lon="130.4447213" />
  <node id="-7127" lat="33.5810192" lon="130.4446194" />
  <way id="763121353">
    <nd ref="-7128" />
    <nd ref="-7129" />
    <nd ref="-7130" />
    <tag k="note" v="National-Land Numerical Information (River) 2006, MLIT Japan" />
    <tag k="note:ja" v="国土数値情報(河川データ)平成18年国土交通省" />
    <tag k="source" v="KSJ2" />
    <tag k="source_ref" v="http://nlftp.mlit.go.jp/ksj/jpgis/datalist/KsjTmplt-W05.html" />
    <tag k="waterway" v="stream" />
  </way>
  <node id="-7128" lat="33.5879829" lon="130.4394132" />
  <node id="-7129" lat="33.5891492" lon="130.4398222" />
  <node id="-7130" lat="33.5919466" lon="130.4408079" />
  <way id="763121354">
    <nd ref="-7131" />
    <nd ref="-7132" />
    <tag k="layer" v="-1" />
    <tag k="note" v="National-Land Numerical Information (River) 2006, MLIT Japan" />
    <tag k="note:ja" v="国土数値情報(河川データ)平成18年国土交通省" />
    <tag k="source" v="KSJ2" />
    <tag k="source_ref" v="http://nlftp.mlit.go.jp/ksj/jpgis/datalist/KsjTmplt-W05.html" />
    <tag k="tunnel" v="yes" />
    <tag k="waterway" v="stream" />
  </way>
  <node id="-7131" lat="33.5877357" lon="130.439322" />
  <node id="-7132" lat="33.5879829" lon="130.4394132" />
  <way id="763253313">
    <nd ref="-7133" />
    <nd ref="-7134" />
    <nd ref="-7135" />
    <nd ref="-7136" />
    <nd ref="-7137" />
    <nd ref="-7138" />
    <nd ref="-7139" />
    <nd ref="-7140" />
    <nd ref="-7141" />
    <nd ref="-7142" />
    <nd ref="-7143" />
    <nd ref="-7144" />
    <nd ref="-7145" />
    <nd ref="-7146" />
    <nd ref="-7147" />
    <tag k="natural" v="water" />
    <tag k="water" v="river" />
  </way>
  <node id="-7133" lat="33.5718972" lon="130.459202" />
  <node id="-7134" lat="33.5718859" lon="130.4591782" />
  <node id="-7135" lat="33.5717322" lon="130.4592824" />
  <node id="-7136" lat="33.5717937" lon="130.459413" />
  <node id="-7137" lat="33.5717483" lon="130.4594439" />
  <node id="-7138" lat="33.5718892" lon="130.4597432" />
  <node id="-7139" lat="33.5719196" lon="130.4597226" />
  <node id="-7140" lat="33.5719424" lon="130.4597709" />
  <node id="-7141" lat="33.5719603" lon="130.4597588" />
  <node id="-7142" lat="33.5719782" lon="130.4597466" />
  <node id="-7143" lat="33.5719556" lon="130.4596986" />
  <node id="-7144" lat="33.5719834" lon="130.4596798" />
  <node id="-7145" lat="33.5718033" lon="130.4592971" />
  <node id="-7146" lat="33.5719084" lon="130.4592258" />
  <node id="-7147" lat="33.5718972" lon="130.459202" />
  <way id="763262231">
    <nd ref="-7148" />
    <nd ref="-7149" />
    <tag k="note" v="National-Land Numerical Information (River) 2006, MLIT Japan" />
    <tag k="note:ja" v="国土数値情報(河川データ)平成18年国土交通省" />
    <tag k="source" v="KSJ2" />
    <tag k="source_ref" v="http://nlftp.mlit.go.jp/ksj/jpgis/datalist/KsjTmplt-W05.html" />
    <tag k="waterway" v="stream" />
  </way>
  <node id="-7148" lat="33.5875598" lon="130.4392674" />
  <node id="-7149" lat="33.5877357" lon="130.439322" />
  <way id="763262232">
    <nd ref="-7150" />
    <nd ref="-7151" />
    <tag k="layer" v="-1" />
    <tag k="note" v="National-Land Numerical Information (River) 2006, MLIT Japan" />
    <tag k="note:ja" v="国土数値情報(河川データ)平成18年国土交通省" />
    <tag k="source" v="KSJ2" />
    <tag k="source_ref" v="http://nlftp.mlit.go.jp/ksj/jpgis/datalist/KsjTmplt-W05.html" />
    <tag k="tunnel" v="yes" />
    <tag k="waterway" v="stream" />
  </way>
  <node id="-7150" lat="33.5874718" lon="130.4392418" />
  <node id="-7151" lat="33.5875598" lon="130.4392674" />
  <way id="763262233">
    <nd ref="-7152" />
    <nd ref="-7153" />
    <nd ref="-7154" />
    <nd ref="-7155" />
    <nd ref="-7156" />
    <nd ref="-7157" />
    <nd ref="-7158" />
    <tag k="natural" v="water" />
    <tag k="water" v="river" />
  </way>
  <node id="-7152" lat="33.5877391" lon="130.4393096" />
  <node id="-7153" lat="33.5875618" lon="130.439254" />
  <node id="-7154" lat="33.5875598" lon="130.4392674" />
  <node id="-7155" lat="33.5875578" lon="130.4392807" />
  <node id="-7156" lat="33.5877323" lon="130.4393344" />
  <node id="-7157" lat="33.5877357" lon="130.439322" />
  <node id="-7158" lat="33.5877391" lon="130.4393096" />
  <way id="763262234">
    <nd ref="-7159" />
    <nd ref="-7160" />
    <tag k="note" v="National-Land Numerical Information (River) 2006, MLIT Japan" />
    <tag k="note:ja" v="国土数値情報(河川データ)平成18年国土交通省" />
    <tag k="source" v="KSJ2" />
    <tag k="source_ref" v="http://nlftp.mlit.go.jp/ksj/jpgis/datalist/KsjTmplt-W05.html" />
    <tag k="waterway" v="stream" />
  </way>
  <node id="-7159" lat="33.5873474" lon="130.4391976" />
  <node id="-7160" lat="33.5874718" lon="130.4392418" />
  <way id="763262235">
    <nd ref="-7161" />
    <nd ref="-7162" />
    <tag k="layer" v="-1" />
    <tag k="note" v="National-Land Numerical Information (River) 2006, MLIT Japan" />
    <tag k="note:ja" v="国土数値情報(河川データ)平成18年国土交通省" />
    <tag k="source" v="KSJ2" />
    <tag k="source_ref" v="http://nlftp.mlit.go.jp/ksj/jpgis/datalist/KsjTmplt-W05.html" />
    <tag k="tunnel" v="yes" />
    <tag k="waterway" v="stream" />
  </way>
  <node id="-7161" lat="33.5872841" lon="130.4391601" />
  <node id="-7162" lat="33.5873474" lon="130.4391976" />
  <way id="763262236">
    <nd ref="-7163" />
    <nd ref="-7164" />
    <nd ref="-7165" />
    <nd ref="-7166" />
    <nd ref="-7167" />
    <nd ref="-7168" />
    <nd ref="-7169" />
    <tag k="natural" v="water" />
    <tag k="water" v="river" />
  </way>
  <node id="-7163" lat="33.5874756" lon="130.4392293" />
  <node id="-7164" lat="33.5873503" lon="130.4391841" />
  <node id="-7165" lat="33.5873474" lon="130.4391976" />
  <node id="-7166" lat="33.5873446" lon="130.439211" />
  <node id="-7167" lat="33.587468" lon="130.4392543" />
  <node id="-7168" lat="33.5874718" lon="130.4392418" />
  <node id="-7169" lat="33.5874756" lon="130.4392293" />
  <way id="763262237">
    <nd ref="-7170" />
    <nd ref="-7171" />
    <nd ref="-7172" />
    <nd ref="-7173" />
    <nd ref="-7174" />
    <nd ref="-7175" />
    <nd ref="-7176" />
    <nd ref="-7177" />
    <nd ref="-7178" />
    <tag k="natural" v="water" />
    <tag k="water" v="river" />
  </way>
  <node id="-7170" lat="33.5869648" lon="130.4393444" />
  <node id="-7171" lat="33.5870355" lon="130.4392804" />
  <node id="-7172" lat="33.5870255" lon="130.4392784" />
  <node id="-7173" lat="33.5870154" lon="130.4392764" />
  <node id="-7174" lat="33.5869509" lon="130.4393292" />
  <node id="-7175" lat="33.5858928" lon="130.4402445" />
  <node id="-7176" lat="33.5859007" lon="130.4402576" />
  <node id="-7177" lat="33.5859086" lon="130.4402707" />
  <node id="-7178" lat="33.5869648" lon="130.4393444" />
  <way id="763262238">
    <nd ref="-7179" />
    <nd ref="-7180" />
    <nd ref="-7181" />
    <nd ref="-7182" />
    <nd ref="-7183" />
    <nd ref="-7184" />
    <nd ref="-7185" />
    <nd ref="-7186" />
    <nd ref="-7187" />
    <nd ref="-7188" />
    <nd ref="-7189" />
    <tag k="natural" v="water" />
    <tag k="water" v="river" />
  </way>
  <node id="-7179" lat="33.5872899" lon="130.4391499" />
  <node id="-7180" lat="33.5872551" lon="130.4391379" />
  <node id="-7181" lat="33.5872045" lon="130.4391375" />
  <node id="-7182" lat="33.5871221" lon="130.4391772" />
  <node id="-7183" lat="33.587125" lon="130.4391866" />
  <node id="-7184" lat="33.587128" lon="130.4391961" />
  <node id="-7185" lat="33.5872084" lon="130.439153" />
  <node id="-7186" lat="33.5872509" lon="130.4391615" />
  <node id="-7187" lat="33.5872782" lon="130.4391703" />
  <node id="-7188" lat="33.5872841" lon="130.4391601" />
  <node id="-7189" lat="33.5872899" lon="130.4391499" />
  <way id="763262239">
    <nd ref="-7190" />
    <nd ref="-7191" />
    <nd ref="-7192" />
    <nd ref="-7193" />
    <nd ref="-7194" />
    <nd ref="-7195" />
    <nd ref="-7196" />
    <nd ref="-7197" />
    <nd ref="-7198" />
    <nd ref="-7199" />
    <nd ref="-7200" />
    <nd ref="-7201" />
    <nd ref="-7202" />
    <nd ref="-7203" />
    <nd ref="-7204" />
    <nd ref="-7205" />
    <tag k="natural" v="water" />
    <tag k="water" v="river" />
  </way>
  <node id="-7190" lat="33.5832487" lon="130.4424427" />
  <node id="-7191" lat="33.583254" lon="130.4424525" />
  <node id="-7192" lat="33.5832593" lon="130.4424622" />
  <node id="-7193" lat="33.5834425" lon="130.4423133" />
  <node id="-7194" lat="33.5837643" lon="130.442031" />
  <node id="-7195" lat="33.5840475" lon="130.4418064" />
  <node id="-7196" lat="33.5843349" lon="130.4415746" />
  <node id="-7197" lat="33.5855088" lon="130.4406074" />
  <node id="-7198" lat="33.5855046" lon="130.440593" />
  <node id="-7199" lat="33.5855005" lon="130.4405786" />
  <node id="-7200" lat="33.5843194" lon="130.4415532" />
  <node id="-7201" lat="33.5840358" lon="130.4417849" />
  <node id="-7202" lat="33.5837537" lon="130.4420062" />
  <node id="-7203" lat="33.5837548" lon="130.4420196" />
  <node id="-7204" lat="33.5834285" lon="130.4422959" />
  <node id="-7205" lat="33.5832487" lon="130.4424427" />
  <way id="763262240">
    <nd ref="-7206" />
    <nd ref="-7207" />
    <nd ref="-7208" />
    <nd ref="-7209" />
    <nd ref="-7210" />
    <nd ref="-7211" />
    <nd ref="-7212" />
    <tag k="natural" v="water" />
    <tag k="water" v="river" />
  </way>
  <node id="-7206" lat="33.5831498" lon="130.442544" />
  <node id="-7207" lat="33.5831456" lon="130.4425366" />
  <node id="-7208" lat="33.5831414" lon="130.4425292" />
  <node id="-7209" lat="33.5830911" lon="130.4425681" />
  <node id="-7210" lat="33.5830964" lon="130.4425748" />
  <node id="-7211" lat="33.5831018" lon="130.4425815" />
  <node id="-7212" lat="33.5831498" lon="130.442544" />
  <way id="770837903">
    <nd ref="-7213" />
    <nd ref="-7214" />
    <tag k="layer" v="-1" />
    <tag k="tunnel" v="culvert" />
    <tag k="waterway" v="stream" />
  </way>
  <node id="-7213" lat="33.5673841" lon="130.4633931" />
  <node id="-7214" lat="33.5673068" lon="130.4633211" />
  <way id="770843873">
    <nd ref="-7215" />
    <nd ref="-7216" />
    <nd ref="-7217" />
    <nd ref="-7218" />
    <nd ref="-7219" />
    <tag k="note" v="National-Land Numerical Information (River) 2006, MLIT Japan" />
    <tag k="note:ja" v="国土数値情報(河川データ)平成18年国土交通省" />
    <tag k="source" v="KSJ2" />
    <tag k="source_ref" v="http://nlftp.mlit.go.jp/ksj/jpgis/datalist/KsjTmplt-W05.html" />
    <tag k="waterway" v="stream" />
  </way>
  <node id="-7215" lat="33.565632" lon="130.4629259" />
  <node id="-7216" lat="33.565703" lon="130.4628689" />
  <node id="-7217" lat="33.565785" lon="130.4628869" />
  <node id="-7218" lat="33.565963" lon="130.4630119" />
  <node id="-7219" lat="33.5660664" lon="130.4630904" />
  <way id="770843874">
    <nd ref="-7220" />
    <nd ref="-7221" />
    <tag k="layer" v="-1" />
    <tag k="note" v="National-Land Numerical Information (River) 2006, MLIT Japan" />
    <tag k="note:ja" v="国土数値情報(河川データ)平成18年国土交通省" />
    <tag k="source" v="KSJ2" />
    <tag k="source_ref" v="http://nlftp.mlit.go.jp/ksj/jpgis/datalist/KsjTmplt-W05.html" />
    <tag k="tunnel" v="culvert" />
    <tag k="waterway" v="stream" />
  </way>
  <node id="-7220" lat="33.5655918" lon="130.4630082" />
  <node id="-7221" lat="33.565632" lon="130.4629259" />
  <way id="770843876">
    <nd ref="-7222" />
    <nd ref="-7223" />
    <tag k="note" v="National-Land Numerical Information (River) 2006, MLIT Japan" />
    <tag k="note:ja" v="国土数値情報(河川データ)平成18年国土交通省" />
    <tag k="source" v="KSJ2" />
    <tag k="source_ref" v="http://nlftp.mlit.go.jp/ksj/jpgis/datalist/KsjTmplt-W05.html" />
    <tag k="waterway" v="stream" />
  </way>
  <node id="-7222" lat="33.5655757" lon="130.4630412" />
  <node id="-7223" lat="33.5655918" lon="130.4630082" />
  <way id="770843877">
    <nd ref="-7224" />
    <nd ref="-7225" />
    <tag k="layer" v="-1" />
    <tag k="note" v="National-Land Numerical Information (River) 2006, MLIT Japan" />
    <tag k="note:ja" v="国土数値情報(河川データ)平成18年国土交通省" />
    <tag k="source" v="KSJ2" />
    <tag k="source_ref" v="http://nlftp.mlit.go.jp/ksj/jpgis/datalist/KsjTmplt-W05.html" />
    <tag k="tunnel" v="culvert" />
    <tag k="waterway" v="stream" />
  </way>
  <node id="-7224" lat="33.565547" lon="130.4630999" />
  <node id="-7225" lat="33.5655757" lon="130.4630412" />
  <way id="771031602">
    <nd ref="-7226" />
    <nd ref="-7227" />
    <nd ref="-7228" />
    <nd ref="-7229" />
    <nd ref="-7230" />
    <nd ref="-7231" />
    <nd ref="-7232" />
    <nd ref="-7233" />
    <nd ref="-7234" />
    <nd ref="-7235" />
    <nd ref="-7236" />
    <nd ref="-7237" />
    <nd ref="-7238" />
    <nd ref="-7239" />
    <nd ref="-7240" />
    <nd ref="-7241" />
    <nd ref="-7242" />
    <nd ref="-7243" />
    <nd ref="-7244" />
    <nd ref="-7245" />
    <nd ref="-7246" />
    <nd ref="-7247" />
    <nd ref="-7248" />
    <nd ref="-7249" />
    <nd ref="-7250" />
    <nd ref="-7251" />
    <nd ref="-7252" />
    <nd ref="-7253" />
    <nd ref="-7254" />
    <nd ref="-7255" />
    <nd ref="-7256" />
    <nd ref="-7257" />
    <nd ref="-7258" />
    <nd ref="-7259" />
    <nd ref="-7260" />
    <nd ref="-7261" />
    <nd ref="-7262" />
    <nd ref="-7263" />
    <nd ref="-7264" />
    <nd ref="-7265" />
    <nd ref="-7266" />
    <nd ref="-7267" />
    <nd ref="-7268" />
    <nd ref="-7269" />
    <nd ref="-7270" />
    <nd ref="-7271" />
    <nd ref="-7272" />
    <nd ref="-7273" />
    <nd ref="-7274" />
    <nd ref="-7275" />
    <nd ref="-7276" />
    <nd ref="-7277" />
    <nd ref="-7278" />
    <nd ref="-7279" />
    <nd ref="-7280" />
    <nd ref="-7281" />
    <nd ref="-7282" />
    <nd ref="-7283" />
    <nd ref="-7284" />
    <nd ref="-7285" />
    <nd ref="-7286" />
    <nd ref="-7287" />
    <nd ref="-7288" />
    <nd ref="-7289" />
    <nd ref="-7290" />
    <nd ref="-7291" />
    <nd ref="-7292" />
    <nd ref="-7293" />
    <nd ref="-7294" />
    <nd ref="-7295" />
    <nd ref="-7296" />
    <nd ref="-7297" />
    <nd ref="-7298" />
    <nd ref="-7299" />
    <nd ref="-7300" />
    <nd ref="-7301" />
    <nd ref="-7302" />
    <nd ref="-7303" />
    <nd ref="-7304" />
    <nd ref="-7305" />
    <nd ref="-7306" />
    <nd ref="-7307" />
    <nd ref="-7308" />
    <nd ref="-7309" />
    <nd ref="-7310" />
    <nd ref="-7311" />
    <nd ref="-7312" />
    <nd ref="-7313" />
    <nd ref="-7314" />
    <nd ref="-7315" />
    <nd ref="-7316" />
    <nd ref="-7317" />
    <nd ref="-7318" />
    <nd ref="-7319" />
    <nd ref="-7320" />
    <nd ref="-7321" />
    <nd ref="-7322" />
    <nd ref="-7323" />
    <nd ref="-7324" />
    <nd ref="-7325" />
    <nd ref="-7326" />
    <nd ref="-7327" />
    <nd ref="-7328" />
    <nd ref="-7329" />
    <tag k="name" v="那珂古川" />
    <tag k="name:ja" v="那珂古川" />
    <tag k="note" v="National-Land Numerical Information (River) 2006, MLIT Japan" />
    <tag k="note:ja" v="国土数値情報(河川データ)平成18年国土交通省" />
    <tag k="source" v="KSJ2" />
    <tag k="source_ref" v="http://nlftp.mlit.go.jp/ksj/jpgis/datalist/KsjTmplt-W05.html" />
    <tag k="waterway" v="river" />
  </way>
  <node id="-7226" lat="33.5505418" lon="130.4707713" />
  <node id="-7227" lat="33.5505467" lon="130.4706075" />
  <node id="-7228" lat="33.5505478" lon="130.4705911" />
  <node id="-7229" lat="33.5505503" lon="130.4705536" />
  <node id="-7230" lat="33.5505618" lon="130.4704993" />
  <node id="-7231" lat="33.5505872" lon="130.4704386" />
  <node id="-7232" lat="33.550636" lon="130.4703662" />
  <node id="-7233" lat="33.5507085" lon="130.4702982" />
  <node id="-7234" lat="33.550762" lon="130.4702609" />
  <node id="-7235" lat="33.550849" lon="130.47021" />
  <node id="-7236" lat="33.5509527" lon="130.4701649" />
  <node id="-7237" lat="33.551106" lon="130.470101" />
  <node id="-7238" lat="33.5512572" lon="130.4700374" />
  <node id="-7239" lat="33.5512877" lon="130.4700246" />
  <node id="-7240" lat="33.5514519" lon="130.4699626" />
  <node id="-7241" lat="33.5515216" lon="130.4699374" />
  <node id="-7242" lat="33.55269" lon="130.4694809" />
  <node id="-7243" lat="33.5529101" lon="130.4693907" />
  <node id="-7244" lat="33.5530696" lon="130.4693095" />
  <node id="-7245" lat="33.5531791" lon="130.4692276" />
  <node id="-7246" lat="33.5532654" lon="130.4691465" />
  <node id="-7247" lat="33.5533472" lon="130.4690489" />
  <node id="-7248" lat="33.5534062" lon="130.4689668" />
  <node id="-7249" lat="33.5534478" lon="130.468901" />
  <node id="-7250" lat="33.5535463" lon="130.4687413" />
  <node id="-7251" lat="33.5535752" lon="130.4686945" />
  <node id="-7252" lat="33.5536943" lon="130.4685015" />
  <node id="-7253" lat="33.5538036" lon="130.4682793" />
  <node id="-7254" lat="33.5538598" lon="130.4681031" />
  <node id="-7255" lat="33.5538935" lon="130.4679266" />
  <node id="-7256" lat="33.5539142" lon="130.4677594" />
  <node id="-7257" lat="33.5539184" lon="130.4676496" />
  <node id="-7258" lat="33.5539122" lon="130.4675376" />
  <node id="-7259" lat="33.5539108" lon="130.4674208" />
  <node id="-7260" lat="33.5538935" lon="130.4672731" />
  <node id="-7261" lat="33.5538511" lon="130.4670585" />
  <node id="-7262" lat="33.5537909" lon="130.4668698" />
  <node id="-7263" lat="33.5537442" lon="130.4667689" />
  <node id="-7264" lat="33.553146" lon="130.4655769" />
  <node id="-7265" lat="33.5531086" lon="130.4655023" />
  <node id="-7266" lat="33.5525037" lon="130.4643141" />
  <node id="-7267" lat="33.5524102" lon="130.4641637" />
  <node id="-7268" lat="33.5523959" lon="130.4641406" />
  <node id="-7269" lat="33.5523483" lon="130.463946" />
  <node id="-7270" lat="33.5522678" lon="130.4637401" />
  <node id="-7271" lat="33.5522637" lon="130.4636803" />
  <node id="-7272" lat="33.5522595" lon="130.4636181" />
  <node id="-7273" lat="33.5522637" lon="130.4634925" />
  <node id="-7274" lat="33.552302" lon="130.4633807" />
  <node id="-7275" lat="33.552364" lon="130.4632574" />
  <node id="-7276" lat="33.5523951" lon="130.4632243" />
  <node id="-7277" lat="33.5524478" lon="130.4631682" />
  <node id="-7278" lat="33.5525249" lon="130.4631158" />
  <node id="-7279" lat="33.5525574" lon="130.4630937" />
  <node id="-7280" lat="33.5529228" lon="130.4628336" />
  <node id="-7281" lat="33.553168" lon="130.4626552" />
  <node id="-7282" lat="33.5533458" lon="130.4625338" />
  <node id="-7283" lat="33.5537555" lon="130.4622214" />
  <node id="-7284" lat="33.5540909" lon="130.4619793" />
  <node id="-7285" lat="33.5553102" lon="130.4610992" />
  <node id="-7286" lat="33.5557394" lon="130.4607893" />
  <node id="-7287" lat="33.5557518" lon="130.4607816" />
  <node id="-7288" lat="33.555975" lon="130.4606435" />
  <node id="-7289" lat="33.5562371" lon="130.4604866" />
  <node id="-7290" lat="33.5564528" lon="130.4603854" />
  <node id="-7291" lat="33.5564998" lon="130.4603633" />
  <node id="-7292" lat="33.5572802" lon="130.4599952" />
  <node id="-7293" lat="33.5578318" lon="130.459724" />
  <node id="-7294" lat="33.5607538" lon="130.4582872" />
  <node id="-7295" lat="33.5614572" lon="130.4579436" />
  <node id="-7296" lat="33.5619664" lon="130.4576894" />
  <node id="-7297" lat="33.562167" lon="130.4575958" />
  <node id="-7298" lat="33.5623938" lon="130.4574604" />
  <node id="-7299" lat="33.5626089" lon="130.4573029" />
  <node id="-7300" lat="33.5630085" lon="130.4569641" />
  <node id="-7301" lat="33.5639315" lon="130.4561676" />
  <node id="-7302" lat="33.5645249" lon="130.4556688" />
  <node id="-7303" lat="33.5651283" lon="130.4552161" />
  <node id="-7304" lat="33.5654334" lon="130.4550022" />
  <node id="-7305" lat="33.5657347" lon="130.4547948" />
  <node id="-7306" lat="33.5658067" lon="130.4547445" />
  <node id="-7307" lat="33.5663449" lon="130.4543685" />
  <node id="-7308" lat="33.5663927" lon="130.4543283" />
  <node id="-7309" lat="33.5664335" lon="130.454286" />
  <node id="-7310" lat="33.5667074" lon="130.4536778" />
  <node id="-7311" lat="33.5667583" lon="130.4535907" />
  <node id="-7312" lat="33.5674776" lon="130.4520616" />
  <node id="-7313" lat="33.5676359" lon="130.4517075" />
  <node id="-7314" lat="33.5676828" lon="130.4516266" />
  <node id="-7315" lat="33.5677247" lon="130.4514829" />
  <node id="-7316" lat="33.5678102" lon="130.4509275" />
  <node id="-7317" lat="33.5678795" lon="130.4504019" />
  <node id="-7318" lat="33.5679047" lon="130.4499878" />
  <node id="-7319" lat="33.5679208" lon="130.4497658" />
  <node id="-7320" lat="33.5679672" lon="130.4494524" />
  <node id="-7321" lat="33.5680244" lon="130.4491824" />
  <node id="-7322" lat="33.5681138" lon="130.4489073" />
  <node id="-7323" lat="33.5681516" lon="130.4488144" />
  <node id="-7324" lat="33.5682182" lon="130.4486927" />
  <node id="-7325" lat="33.5682887" lon="130.4486019" />
  <node id="-7326" lat="33.5683771" lon="130.4485325" />
  <node id="-7327" lat="33.5685463" lon="130.4484404" />
  <node id="-7328" lat="33.5686857" lon="130.4483919" />
  <node id="-7329" lat="33.5689262" lon="130.4484499" />
  <way id="807952213">
    <nd ref="-7330" />
    <nd ref="-7331" />
    <nd ref="-7332" />
    <nd ref="-7333" />
    <nd ref="-7334" />
    <nd ref="-7335" />
    <nd ref="-7336" />
    <nd ref="-7337" />
    <nd ref="-7338" />
    <nd ref="-7339" />
    <nd ref="-7340" />
    <nd ref="-7341" />
    <nd ref="-7342" />
    <nd ref="-7343" />
    <nd ref="-7344" />
    <nd ref="-7345" />
    <nd ref="-7346" />
    <nd ref="-7347" />
    <nd ref="-7348" />
    <nd ref="-7349" />
    <nd ref="-7350" />
    <nd ref="-7351" />
    <nd ref="-7352" />
    <nd ref="-7353" />
    <nd ref="-7354" />
    <nd ref="-7355" />
    <nd ref="-7356" />
    <nd ref="-7357" />
    <nd ref="-7358" />
    <nd ref="-7359" />
    <nd ref="-7360" />
    <nd ref="-7361" />
    <nd ref="-7362" />
    <nd ref="-7363" />
    <nd ref="-7364" />
    <nd ref="-7365" />
    <nd ref="-7366" />
    <nd ref="-7367" />
    <nd ref="-7368" />
    <nd ref="-7369" />
    <nd ref="-7370" />
    <nd ref="-7371" />
    <nd ref="-7372" />
    <nd ref="-7373" />
    <nd ref="-7374" />
    <nd ref="-7375" />
    <nd ref="-7376" />
    <nd ref="-7377" />
    <nd ref="-7378" />
    <nd ref="-7379" />
    <nd ref="-7380" />
    <nd ref="-7381" />
    <nd ref="-7382" />
    <nd ref="-7383" />
    <nd ref="-7384" />
    <nd ref="-7385" />
    <nd ref="-7386" />
    <nd ref="-7387" />
    <nd ref="-7388" />
    <nd ref="-7389" />
    <nd ref="-7390" />
    <nd ref="-7391" />
    <nd ref="-7392" />
    <nd ref="-7393" />
    <nd ref="-7394" />
    <nd ref="-7395" />
    <nd ref="-7396" />
    <nd ref="-7397" />
    <nd ref="-7398" />
    <nd ref="-7399" />
    <nd ref="-7400" />
    <nd ref="-7401" />
    <nd ref="-7402" />
    <nd ref="-7403" />
    <nd ref="-7404" />
    <nd ref="-7405" />
    <nd ref="-7406" />
    <nd ref="-7407" />
    <nd ref="-7408" />
    <nd ref="-7409" />
    <nd ref="-7410" />
    <nd ref="-7411" />
    <nd ref="-7412" />
    <nd ref="-7413" />
    <nd ref="-7414" />
    <nd ref="-7415" />
    <nd ref="-7416" />
    <nd ref="-7417" />
    <nd ref="-7418" />
    <nd ref="-7419" />
    <nd ref="-7420" />
    <nd ref="-7421" />
    <nd ref="-7422" />
    <nd ref="-7423" />
    <nd ref="-7424" />
    <nd ref="-7425" />
    <nd ref="-7426" />
    <nd ref="-7427" />
    <nd ref="-7428" />
    <nd ref="-7429" />
    <nd ref="-7430" />
    <nd ref="-7431" />
    <nd ref="-7432" />
    <nd ref="-7433" />
    <nd ref="-7434" />
    <nd ref="-7435" />
    <nd ref="-7436" />
    <nd ref="-7437" />
    <nd ref="-7438" />
    <nd ref="-7439" />
    <nd ref="-7440" />
    <nd ref="-7441" />
    <nd ref="-7442" />
    <nd ref="-7443" />
    <nd ref="-7444" />
    <nd ref="-7445" />
    <nd ref="-7446" />
    <nd ref="-7447" />
    <nd ref="-7448" />
    <nd ref="-7449" />
    <nd ref="-7450" />
    <nd ref="-7451" />
    <nd ref="-7452" />
    <nd ref="-7453" />
    <nd ref="-7454" />
    <nd ref="-7455" />
    <nd ref="-7456" />
    <nd ref="-7457" />
    <nd ref="-7458" />
    <nd ref="-7459" />
    <nd ref="-7460" />
    <nd ref="-7461" />
    <nd ref="-7462" />
    <nd ref="-7463" />
    <nd ref="-7464" />
    <nd ref="-7465" />
    <nd ref="-7466" />
    <nd ref="-7467" />
    <nd ref="-7468" />
    <nd ref="-7469" />
    <nd ref="-7470" />
    <nd ref="-7471" />
    <nd ref="-7472" />
    <nd ref="-7473" />
    <nd ref="-7474" />
    <nd ref="-7475" />
    <nd ref="-7476" />
    <nd ref="-7477" />
    <nd ref="-7478" />
    <nd ref="-7479" />
    <nd ref="-7480" />
    <nd ref="-7481" />
    <nd ref="-7482" />
    <tag k="name" v="綿打川" />
    <tag k="name:ja" v="綿打川" />
    <tag k="note" v="National-Land Numerical Information (River) 2006, MLIT Japan" />
    <tag k="note:ja" v="国土数値情報(河川データ)平成18年国土交通省" />
    <tag k="source" v="KSJ2" />
    <tag k="source_ref" v="http://nlftp.mlit.go.jp/ksj/jpgis/datalist/KsjTmplt-W05.html" />
    <tag k="waterway" v="river" />
  </way>
  <node id="-7330" lat="33.5999873" lon="130.4711107" />
  <node id="-7331" lat="33.600354" lon="130.470769" />
  <node id="-7332" lat="33.600528" lon="130.470587" />
  <node id="-7333" lat="33.600772" lon="130.470361" />
  <node id="-7334" lat="33.600963" lon="130.470183" />
  <node id="-7335" lat="33.601" lon="130.4701183" />
  <node id="-7336" lat="33.6010094" lon="130.4700617" />
  <node id="-7337" lat="33.601023" lon="130.4699924" />
  <node id="-7338" lat="33.6010449" lon="130.4699042" />
  <node id="-7339" lat="33.6011181" lon="130.4695971" />
  <node id="-7340" lat="33.6012216" lon="130.46923" />
  <node id="-7341" lat="33.6013802" lon="130.4684053" />
  <node id="-7342" lat="33.601531" lon="130.468331" />
  <node id="-7343" lat="33.60156" lon="130.468298" />
  <node id="-7344" lat="33.6016037" lon="130.4682753" />
  <node id="-7345" lat="33.6016694" lon="130.4682065" />
  <node id="-7346" lat="33.6017228" lon="130.4680077" />
  <node id="-7347" lat="33.6017892" lon="130.4678049" />
  <node id="-7348" lat="33.6018485" lon="130.4675588" />
  <node id="-7349" lat="33.6019896" lon="130.4672009" />
  <node id="-7350" lat="33.6021761" lon="130.4669269" />
  <node id="-7351" lat="33.6022895" lon="130.4668169" />
  <node id="-7352" lat="33.6026279" lon="130.466416" />
  <node id="-7353" lat="33.6027906" lon="130.4662975" />
  <node id="-7354" lat="33.6030923" lon="130.4660872" />
  <node id="-7355" lat="33.6032163" lon="130.4660132" />
  <node id="-7356" lat="33.6034277" lon="130.4659138" />
  <node id="-7357" lat="33.6034606" lon="130.4659118" />
  <node id="-7358" lat="33.6035141" lon="130.4659037" />
  <node id="-7359" lat="33.603747" lon="130.4658772" />
  <node id="-7360" lat="33.6039049" lon="130.4658264" />
  <node id="-7361" lat="33.6041249" lon="130.4657124" />
  <node id="-7362" lat="33.6044069" lon="130.4654964" />
  <node id="-7363" lat="33.6045775" lon="130.4653462" />
  <node id="-7364" lat="33.6046804" lon="130.4652448" />
  <node id="-7365" lat="33.6047408" lon="130.4652015" />
  <node id="-7366" lat="33.6048545" lon="130.465153" />
  <node id="-7367" lat="33.6049638" lon="130.4651089" />
  <node id="-7368" lat="33.6050957" lon="130.4650403" />
  <node id="-7369" lat="33.6052" lon="130.4649574" />
  <node id="-7370" lat="33.6053757" lon="130.4647149" />
  <node id="-7371" lat="33.6054591" lon="130.4644846" />
  <node id="-7372" lat="33.6055661" lon="130.4643418" />
  <node id="-7373" lat="33.6058252" lon="130.4641546" />
  <node id="-7374" lat="33.6058738" lon="130.4641224" />
  <node id="-7375" lat="33.6059307" lon="130.4640741" />
  <node id="-7376" lat="33.606181" lon="130.463907" />
  <node id="-7377" lat="33.606339" lon="130.463719" />
  <node id="-7378" lat="33.606406" lon="130.463651" />
  <node id="-7379" lat="33.606423" lon="130.463618" />
  <node id="-7380" lat="33.606468" lon="130.463571" />
  <node id="-7381" lat="33.6066374" lon="130.4633643" />
  <node id="-7382" lat="33.6068783" lon="130.4632676" />
  <node id="-7383" lat="33.6069575" lon="130.4632272" />
  <node id="-7384" lat="33.60706" lon="130.46318" />
  <node id="-7385" lat="33.607206" lon="130.463053" />
  <node id="-7386" lat="33.6073013" lon="130.4628936" />
  <node id="-7387" lat="33.6074654" lon="130.4626747" />
  <node id="-7388" lat="33.6076036" lon="130.4625553" />
  <node id="-7389" lat="33.6078413" lon="130.4623811" />
  <node id="-7390" lat="33.607894" lon="130.462271" />
  <node id="-7391" lat="33.6079402" lon="130.46214" />
  <node id="-7392" lat="33.6079687" lon="130.4619949" />
  <node id="-7393" lat="33.6080155" lon="130.4617875" />
  <node id="-7394" lat="33.6080977" lon="130.461626" />
  <node id="-7395" lat="33.608187" lon="130.4615591" />
  <node id="-7396" lat="33.608333" lon="130.461447" />
  <node id="-7397" lat="33.608582" lon="130.461288" />
  <node id="-7398" lat="33.608621" lon="130.461254" />
  <node id="-7399" lat="33.6086753" lon="130.461203" />
  <node id="-7400" lat="33.608787" lon="130.4611636" />
  <node id="-7401" lat="33.6089808" lon="130.4611423" />
  <node id="-7402" lat="33.6092164" lon="130.4611164" />
  <node id="-7403" lat="33.609337" lon="130.460978" />
  <node id="-7404" lat="33.6094024" lon="130.4608032" />
  <node id="-7405" lat="33.6094303" lon="130.4607414" />
  <node id="-7406" lat="33.6094591" lon="130.460669" />
  <node id="-7407" lat="33.6095395" lon="130.460549" />
  <node id="-7408" lat="33.609759" lon="130.460352" />
  <node id="-7409" lat="33.6099186" lon="130.4601875" />
  <node id="-7410" lat="33.6099829" lon="130.4601382" />
  <node id="-7411" lat="33.6100258" lon="130.4601091" />
  <node id="-7412" lat="33.6100558" lon="130.4600833" />
  <node id="-7413" lat="33.610103" lon="130.460036" />
  <node id="-7414" lat="33.6101535" lon="130.4599456" />
  <node id="-7415" lat="33.6101924" lon="130.4598458" />
  <node id="-7416" lat="33.610248" lon="130.4596333" />
  <node id="-7417" lat="33.6102947" lon="130.459423" />
  <node id="-7418" lat="33.6103096" lon="130.4593703" />
  <node id="-7419" lat="33.61034" lon="130.459254" />
  <node id="-7420" lat="33.610385" lon="130.458979" />
  <node id="-7421" lat="33.610408" lon="130.458655" />
  <node id="-7422" lat="33.610413" lon="130.458399" />
  <node id="-7423" lat="33.610447" lon="130.458224" />
  <node id="-7424" lat="33.610509" lon="130.458116" />
  <node id="-7425" lat="33.610526" lon="130.458076" />
  <node id="-7426" lat="33.610599" lon="130.457995" />
  <node id="-7427" lat="33.610684" lon="130.457928" />
  <node id="-7428" lat="33.610763" lon="130.457867" />
  <node id="-7429" lat="33.610909" lon="130.457618" />
  <node id="-7430" lat="33.610915" lon="130.457598" />
  <node id="-7431" lat="33.611016" lon="130.457463" />
  <node id="-7432" lat="33.611005" lon="130.457234" />
  <node id="-7433" lat="33.611039" lon="130.457127" />
  <node id="-7434" lat="33.611253" lon="130.456851" />
  <node id="-7435" lat="33.61132" lon="130.456756" />
  <node id="-7436" lat="33.611354" lon="130.456669" />
  <node id="-7437" lat="33.611377" lon="130.456554" />
  <node id="-7438" lat="33.611377" lon="130.456326" />
  <node id="-7439" lat="33.611292" lon="130.456083" />
  <node id="-7440" lat="33.611241" lon="130.455996" />
  <node id="-7441" lat="33.611191" lon="130.455874" />
  <node id="-7442" lat="33.611179" lon="130.45578" />
  <node id="-7443" lat="33.611185" lon="130.455706" />
  <node id="-7444" lat="33.611258" lon="130.455504" />
  <node id="-7445" lat="33.611326" lon="130.455376" />
  <node id="-7446" lat="33.611332" lon="130.454049" />
  <node id="-7447" lat="33.611478" lon="130.453551" />
  <node id="-7448" lat="33.611591" lon="130.453161" />
  <node id="-7449" lat="33.6116253" lon="130.4530623" />
  <node id="-7450" lat="33.6116831" lon="130.4528998" />
  <node id="-7451" lat="33.6117899" lon="130.4526944" />
  <node id="-7452" lat="33.6119307" lon="130.4525374" />
  <node id="-7453" lat="33.6119727" lon="130.4524901" />
  <node id="-7454" lat="33.611998" lon="130.452435" />
  <node id="-7455" lat="33.6120352" lon="130.452253" />
  <node id="-7456" lat="33.6120105" lon="130.4520581" />
  <node id="-7457" lat="33.6119648" lon="130.4519351" />
  <node id="-7458" lat="33.6118633" lon="130.4518789" />
  <node id="-7459" lat="33.6117227" lon="130.4518327" />
  <node id="-7460" lat="33.6116753" lon="130.4518089" />
  <node id="-7461" lat="33.6116497" lon="130.4517861" />
  <node id="-7462" lat="33.6116046" lon="130.4517574" />
  <node id="-7463" lat="33.6115336" lon="130.4516967" />
  <node id="-7464" lat="33.6113685" lon="130.4515874" />
  <node id="-7465" lat="33.6112664" lon="130.4515218" />
  <node id="-7466" lat="33.6111657" lon="130.4514341" />
  <node id="-7467" lat="33.6110252" lon="130.4513143" />
  <node id="-7468" lat="33.6106233" lon="130.4509562" />
  <node id="-7469" lat="33.6103737" lon="130.4505351" />
  <node id="-7470" lat="33.6102956" lon="130.450464" />
  <node id="-7471" lat="33.6101684" lon="130.4504036" />
  <node id="-7472" lat="33.6100802" lon="130.4503843" />
  <node id="-7473" lat="33.6100277" lon="130.4503542" />
  <node id="-7474" lat="33.6099812" lon="130.450296" />
  <node id="-7475" lat="33.609923" lon="130.4501216" />
  <node id="-7476" lat="33.6098629" lon="130.4500135" />
  <node id="-7477" lat="33.6096755" lon="130.4498062" />
  <node id="-7478" lat="33.609605" lon="130.4497432" />
  <node id="-7479" lat="33.6095751" lon="130.4497056" />
  <node id="-7480" lat="33.6095561" lon="130.4496654" />
  <node id="-7481" lat="33.609534" lon="130.4495974" />
  <node id="-7482" lat="33.6094383" lon="130.4490821" />
  <way id="826460756">
    <nd ref="-7483" />
    <nd ref="-7484" />
    <nd ref="-7485" />
    <nd ref="-7486" />
    <nd ref="-7487" />
    <nd ref="-7488" />
    <nd ref="-7489" />
    <nd ref="-7490" />
    <nd ref="-7491" />
    <nd ref="-7492" />
    <nd ref="-7493" />
    <nd ref="-7494" />
    <nd ref="-7495" />
    <nd ref="-7496" />
    <nd ref="-7497" />
    <nd ref="-7498" />
    <nd ref="-7499" />
    <nd ref="-7500" />
    <tag k="natural" v="water" />
    <tag k="water" v="pond" />
  </way>
  <node id="-7483" lat="33.5866914" lon="130.4134977" />
  <node id="-7484" lat="33.5866987" lon="130.4135171" />
  <node id="-7485" lat="33.5867227" lon="130.4135245" />
  <node id="-7486" lat="33.586745" lon="130.413544" />
  <node id="-7487" lat="33.5867663" lon="130.4135567" />
  <node id="-7488" lat="33.5868037" lon="130.4135721" />
  <node id="-7489" lat="33.5868372" lon="130.4135788" />
  <node id="-7490" lat="33.5868512" lon="130.4135574" />
  <node id="-7491" lat="33.5868445" lon="130.4135386" />
  <node id="-7492" lat="33.5868232" lon="130.4135144" />
  <node id="-7493" lat="33.5868059" lon="130.4134756" />
  <node id="-7494" lat="33.5867931" lon="130.4134447" />
  <node id="-7495" lat="33.5867657" lon="130.4134326" />
  <node id="-7496" lat="33.5867529" lon="130.4134427" />
  <node id="-7497" lat="33.5867355" lon="130.4134615" />
  <node id="-7498" lat="33.5867115" lon="130.4134588" />
  <node id="-7499" lat="33.5866981" lon="130.4134756" />
  <node id="-7500" lat="33.5866914" lon="130.4134977" />
  <way id="827521602">
    <nd ref="-7501" />
    <nd ref="-7502" />
    <nd ref="-7503" />
    <nd ref="-7504" />
    <nd ref="-7505" />
    <nd ref="-7506" />
    <nd ref="-7507" />
    <nd ref="-7508" />
    <nd ref="-7509" />
    <nd ref="-7510" />
    <nd ref="-7511" />
    <nd ref="-7512" />
    <nd ref="-7513" />
    <nd ref="-7514" />
    <nd ref="-7515" />
    <nd ref="-7516" />
    <nd ref="-7517" />
    <nd ref="-7518" />
    <nd ref="-7519" />
    <nd ref="-7520" />
    <nd ref="-7521" />
    <nd ref="-7522" />
    <nd ref="-7523" />
    <nd ref="-7524" />
    <nd ref="-7525" />
    <nd ref="-7526" />
    <nd ref="-7527" />
    <nd ref="-7528" />
    <nd ref="-7529" />
    <nd ref="-7530" />
    <nd ref="-7531" />
    <nd ref="-7532" />
    <nd ref="-7533" />
    <nd ref="-7534" />
    <nd ref="-7535" />
    <nd ref="-7536" />
    <nd ref="-7537" />
    <nd ref="-7538" />
    <nd ref="-7539" />
    <nd ref="-7540" />
    <nd ref="-7541" />
    <nd ref="-7542" />
    <nd ref="-7543" />
    <nd ref="-7544" />
    <nd ref="-7545" />
    <nd ref="-7546" />
    <nd ref="-7547" />
    <nd ref="-7548" />
    <nd ref="-7549" />
    <nd ref="-7550" />
    <nd ref="-7551" />
    <nd ref="-7552" />
    <nd ref="-7553" />
    <nd ref="-7554" />
    <nd ref="-7555" />
    <nd ref="-7556" />
    <nd ref="-7557" />
    <nd ref="-7558" />
    <nd ref="-7559" />
    <nd ref="-7560" />
    <nd ref="-7561" />
    <nd ref="-7562" />
    <nd ref="-7563" />
    <nd ref="-7564" />
    <nd ref="-7565" />
    <nd ref="-7566" />
    <nd ref="-7567" />
    <nd ref="-7568" />
    <nd ref="-7569" />
    <nd ref="-7570" />
    <nd ref="-7571" />
    <nd ref="-7572" />
    <nd ref="-7573" />
    <nd ref="-7574" />
    <nd ref="-7575" />
    <nd ref="-7576" />
    <nd ref="-7577" />
    <nd ref="-7578" />
    <nd ref="-7579" />
    <nd ref="-7580" />
    <nd ref="-7581" />
    <nd ref="-7582" />
    <nd ref="-7583" />
    <nd ref="-7584" />
    <nd ref="-7585" />
    <nd ref="-7586" />
    <nd ref="-7587" />
    <nd ref="-7588" />
    <nd ref="-7589" />
    <nd ref="-7590" />
    <nd ref="-7591" />
    <nd ref="-7592" />
    <nd ref="-7593" />
    <nd ref="-7594" />
    <nd ref="-7595" />
    <nd ref="-7596" />
    <nd ref="-7597" />
    <nd ref="-7598" />
    <nd ref="-7599" />
    <nd ref="-7600" />
    <nd ref="-7601" />
    <nd ref="-7602" />
    <nd ref="-7603" />
    <nd ref="-7604" />
    <nd ref="-7605" />
    <nd ref="-7606" />
    <nd ref="-7607" />
    <nd ref="-7608" />
    <nd ref="-7609" />
    <nd ref="-7610" />
    <nd ref="-7611" />
    <nd ref="-7612" />
    <nd ref="-7613" />
    <nd ref="-7614" />
    <nd ref="-7615" />
    <nd ref="-7616" />
    <nd ref="-7617" />
    <nd ref="-7618" />
    <nd ref="-7619" />
    <nd ref="-7620" />
    <nd ref="-7621" />
    <nd ref="-7622" />
    <nd ref="-7623" />
    <nd ref="-7624" />
    <nd ref="-7625" />
    <nd ref="-7626" />
    <nd ref="-7627" />
    <nd ref="-7628" />
    <nd ref="-7629" />
    <nd ref="-7630" />
    <nd ref="-7631" />
    <nd ref="-7632" />
    <nd ref="-7633" />
    <nd ref="-7634" />
    <nd ref="-7635" />
    <nd ref="-7636" />
    <nd ref="-7637" />
    <nd ref="-7638" />
    <nd ref="-7639" />
    <nd ref="-7640" />
    <nd ref="-7641" />
    <nd ref="-7642" />
    <nd ref="-7643" />
    <nd ref="-7644" />
    <nd ref="-7645" />
    <nd ref="-7646" />
    <nd ref="-7647" />
    <nd ref="-7648" />
    <nd ref="-7649" />
    <nd ref="-7650" />
    <nd ref="-7651" />
    <nd ref="-7652" />
    <tag k="natural" v="water" />
    <tag k="water" v="river" />
  </way>
  <node id="-7501" lat="33.5773695" lon="130.4006231" />
  <node id="-7502" lat="33.5773358" lon="130.4006698" />
  <node id="-7503" lat="33.5770814" lon="130.4006294" />
  <node id="-7504" lat="33.5769432" lon="130.4006097" />
  <node id="-7505" lat="33.5768546" lon="130.4006055" />
  <node id="-7506" lat="33.5767708" lon="130.4006202" />
  <node id="-7507" lat="33.5767181" lon="130.4006372" />
  <node id="-7508" lat="33.5766704" lon="130.4006704" />
  <node id="-7509" lat="33.5766099" lon="130.400733" />
  <node id="-7510" lat="33.5764388" lon="130.400955" />
  <node id="-7511" lat="33.5762123" lon="130.4012692" />
  <node id="-7512" lat="33.5761785" lon="130.4013097" />
  <node id="-7513" lat="33.5759845" lon="130.4015739" />
  <node id="-7514" lat="33.5759612" lon="130.4015884" />
  <node id="-7515" lat="33.5754399" lon="130.4022949" />
  <node id="-7516" lat="33.5753801" lon="130.402376" />
  <node id="-7517" lat="33.5753076" lon="130.4024817" />
  <node id="-7518" lat="33.5750278" lon="130.4028452" />
  <node id="-7519" lat="33.5750031" lon="130.4028729" />
  <node id="-7520" lat="33.5745793" lon="130.4034396" />
  <node id="-7521" lat="33.5745463" lon="130.4034881" />
  <node id="-7522" lat="33.5739198" lon="130.4043193" />
  <node id="-7523" lat="33.573913" lon="130.4043158" />
  <node id="-7524" lat="33.5737967" lon="130.4044763" />
  <node id="-7525" lat="33.5736495" lon="130.4047013" />
  <node id="-7526" lat="33.5732918" lon="130.4053065" />
  <node id="-7527" lat="33.5732668" lon="130.4053582" />
  <node id="-7528" lat="33.5731189" lon="130.4055867" />
  <node id="-7529" lat="33.5724684" lon="130.4065772" />
  <node id="-7530" lat="33.5724233" lon="130.4066373" />
  <node id="-7531" lat="33.5715214" lon="130.4077702" />
  <node id="-7532" lat="33.5714867" lon="130.4078069" />
  <node id="-7533" lat="33.5711273" lon="130.4082739" />
  <node id="-7534" lat="33.5705791" lon="130.4090446" />
  <node id="-7535" lat="33.5705242" lon="130.4090989" />
  <node id="-7536" lat="33.5704083" lon="130.4092638" />
  <node id="-7537" lat="33.5703189" lon="130.4093926" />
  <node id="-7538" lat="33.5700537" lon="130.4097621" />
  <node id="-7539" lat="33.5700319" lon="130.4098214" />
  <node id="-7540" lat="33.5698283" lon="130.4101027" />
  <node id="-7541" lat="33.5696937" lon="130.410302" />
  <node id="-7542" lat="33.5696311" lon="130.4104138" />
  <node id="-7543" lat="33.5695646" lon="130.4105271" />
  <node id="-7544" lat="33.569425" lon="130.4107694" />
  <node id="-7545" lat="33.5694211" lon="130.4107737" />
  <node id="-7546" lat="33.5693982" lon="130.4107991" />
  <node id="-7547" lat="33.5692333" lon="130.4109684" />
  <node id="-7548" lat="33.5690641" lon="130.4111368" />
  <node id="-7549" lat="33.5690315" lon="130.4111739" />
  <node id="-7550" lat="33.5689858" lon="130.4112274" />
  <node id="-7551" lat="33.568869" lon="130.4113774" />
  <node id="-7552" lat="33.5687541" lon="130.411532" />
  <node id="-7553" lat="33.568618" lon="130.4116811" />
  <node id="-7554" lat="33.5685304" lon="130.4117697" />
  <node id="-7555" lat="33.5684584" lon="130.4118326" />
  <node id="-7556" lat="33.5684025" lon="130.4119205" />
  <node id="-7557" lat="33.568277" lon="130.4120628" />
  <node id="-7558" lat="33.5682397" lon="130.4121032" />
  <node id="-7559" lat="33.5681544" lon="130.4121767" />
  <node id="-7560" lat="33.5680884" lon="130.4122412" />
  <node id="-7561" lat="33.5680601" lon="130.4122692" />
  <node id="-7562" lat="33.5677706" lon="130.4125706" />
  <node id="-7563" lat="33.567729" lon="130.4126088" />
  <node id="-7564" lat="33.5674488" lon="130.4128944" />
  <node id="-7565" lat="33.5674103" lon="130.4129337" />
  <node id="-7566" lat="33.5671716" lon="130.4132033" />
  <node id="-7567" lat="33.566765" lon="130.4136624" />
  <node id="-7568" lat="33.5667132" lon="130.4137101" />
  <node id="-7569" lat="33.5661773" lon="130.414312" />
  <node id="-7570" lat="33.5661409" lon="130.4143575" />
  <node id="-7571" lat="33.5659255" lon="130.4145911" />
  <node id="-7572" lat="33.565891" lon="130.4146336" />
  <node id="-7573" lat="33.5658591" lon="130.4146846" />
  <node id="-7574" lat="33.5658284" lon="130.4147429" />
  <node id="-7575" lat="33.5658058" lon="130.4148" />
  <node id="-7576" lat="33.5657853" lon="130.414873" />
  <node id="-7577" lat="33.5657638" lon="130.4150318" />
  <node id="-7578" lat="33.5656972" lon="130.4150695" />
  <node id="-7579" lat="33.5657435" lon="130.4148751" />
  <node id="-7580" lat="33.5657708" lon="130.4147753" />
  <node id="-7581" lat="33.5657943" lon="130.4147174" />
  <node id="-7582" lat="33.5658262" lon="130.4146564" />
  <node id="-7583" lat="33.5658625" lon="130.4145994" />
  <node id="-7584" lat="33.5659023" lon="130.4145506" />
  <node id="-7585" lat="33.5661122" lon="130.4143218" />
  <node id="-7586" lat="33.5661467" lon="130.4142753" />
  <node id="-7587" lat="33.5666923" lon="130.4136754" />
  <node id="-7588" lat="33.5667394" lon="130.4136145" />
  <node id="-7589" lat="33.5670457" lon="130.4132856" />
  <node id="-7590" lat="33.5673748" lon="130.4128897" />
  <node id="-7591" lat="33.5674126" lon="130.4128509" />
  <node id="-7592" lat="33.5676941" lon="130.412563" />
  <node id="-7593" lat="33.5677383" lon="130.4125249" />
  <node id="-7594" lat="33.5680479" lon="130.412216" />
  <node id="-7595" lat="33.5680688" lon="130.4122159" />
  <node id="-7596" lat="33.5681326" lon="130.4121465" />
  <node id="-7597" lat="33.5681984" lon="130.4120754" />
  <node id="-7598" lat="33.56824" lon="130.4120352" />
  <node id="-7599" lat="33.5683796" lon="130.4118756" />
  <node id="-7600" lat="33.568444" lon="130.411808" />
  <node id="-7601" lat="33.5685114" lon="130.4117382" />
  <node id="-7602" lat="33.5685978" lon="130.411649" />
  <node id="-7603" lat="33.5687267" lon="130.4114989" />
  <node id="-7604" lat="33.568842" lon="130.4113483" />
  <node id="-7605" lat="33.5689581" lon="130.4111968" />
  <node id="-7606" lat="33.5690054" lon="130.4111412" />
  <node id="-7607" lat="33.5690439" lon="130.4111026" />
  <node id="-7608" lat="33.5692132" lon="130.4109362" />
  <node id="-7609" lat="33.5693782" lon="130.4107669" />
  <node id="-7610" lat="33.5694042" lon="130.410747" />
  <node id="-7611" lat="33.5694097" lon="130.4107428" />
  <node id="-7612" lat="33.5695389" lon="130.410501" />
  <node id="-7613" lat="33.5696026" lon="130.4103823" />
  <node id="-7614" lat="33.5696715" lon="130.4102647" />
  <node id="-7615" lat="33.5698026" lon="130.4100718" />
  <node id="-7616" lat="33.5700059" lon="130.4097911" />
  <node id="-7617" lat="33.5700422" lon="130.4097466" />
  <node id="-7618" lat="33.5703077" lon="130.4093738" />
  <node id="-7619" lat="33.5703904" lon="130.409243" />
  <node id="-7620" lat="33.5705123" lon="130.4090601" />
  <node id="-7621" lat="33.5705646" lon="130.4089949" />
  <node id="-7622" lat="33.5711072" lon="130.4082523" />
  <node id="-7623" lat="33.5714671" lon="130.407778" />
  <node id="-7624" lat="33.5714997" lon="130.4077356" />
  <node id="-7625" lat="33.5724002" lon="130.4066053" />
  <node id="-7626" lat="33.5724451" lon="130.406553" />
  <node id="-7627" lat="33.5731101" lon="130.4055487" />
  <node id="-7628" lat="33.5732555" lon="130.4053091" />
  <node id="-7629" lat="33.5736337" lon="130.4046603" />
  <node id="-7630" lat="33.5737803" lon="130.4044357" />
  <node id="-7631" lat="33.5738861" lon="130.4042936" />
  <node id="-7632" lat="33.5738975" lon="130.4042765" />
  <node id="-7633" lat="33.5745143" lon="130.403447" />
  <node id="-7634" lat="33.574552" lon="130.4034071" />
  <node id="-7635" lat="33.5749729" lon="130.4028366" />
  <node id="-7636" lat="33.5749948" lon="130.4028069" />
  <node id="-7637" lat="33.5752557" lon="130.4024681" />
  <node id="-7638" lat="33.5753182" lon="130.4023583" />
  <node id="-7639" lat="33.5753976" lon="130.4022684" />
  <node id="-7640" lat="33.5759241" lon="130.4015483" />
  <node id="-7641" lat="33.575942" lon="130.4015249" />
  <node id="-7642" lat="33.5761403" lon="130.4012648" />
  <node id="-7643" lat="33.5761728" lon="130.4012217" />
  <node id="-7644" lat="33.5764041" lon="130.4009148" />
  <node id="-7645" lat="33.5765862" lon="130.4006855" />
  <node id="-7646" lat="33.5766523" lon="130.4006061" />
  <node id="-7647" lat="33.5767119" lon="130.4005694" />
  <node id="-7648" lat="33.5767676" lon="130.4005407" />
  <node id="-7649" lat="33.5768657" lon="130.4005496" />
  <node id="-7650" lat="33.5769617" lon="130.400558" />
  <node id="-7651" lat="33.5771124" lon="130.4005873" />
  <node id="-7652" lat="33.5773695" lon="130.4006231" />
  <way id="1123128836">
    <nd ref="-7653" />
    <nd ref="-7654" />
    <nd ref="-7655" />
    <nd ref="-7656" />
    <nd ref="-7657" />
    <nd ref="-7658" />
    <nd ref="-7659" />
    <nd ref="-7660" />
    <nd ref="-7661" />
    <nd ref="-7662" />
    <nd ref="-7663" />
    <nd ref="-7664" />
    <tag k="natural" v="water" />
    <tag k="water" v="pond" />
  </way>
  <node id="-7653" lat="33.5793142" lon="130.4596545" />
  <node id="-7654" lat="33.5792997" lon="130.4596397" />
  <node id="-7655" lat="33.5792773" lon="130.4596344" />
  <node id="-7656" lat="33.5788751" lon="130.4597162" />
  <node id="-7657" lat="33.5788673" lon="130.4597376" />
  <node id="-7658" lat="33.5788706" lon="130.4597698" />
  <node id="-7659" lat="33.5790818" lon="130.460085" />
  <node id="-7660" lat="33.579103" lon="130.460093" />
  <node id="-7661" lat="33.579265" lon="130.4600488" />
  <node id="-7662" lat="33.5792952" lon="130.4600179" />
  <node id="-7663" lat="33.579303" lon="130.4599991" />
  <node id="-7664" lat="33.5793142" lon="130.4596545" />
  <way id="1250084146">
    <nd ref="-7665" />
    <nd ref="-7666" />
    <nd ref="-7667" />
    <nd ref="-7668" />
    <nd ref="-7669" />
    <tag k="note" v="National-Land Numerical Information (River) 2006, MLIT Japan" />
    <tag k="note:ja" v="国土数値情報(河川データ)平成18年国土交通省" />
    <tag k="source" v="KSJ2" />
    <tag k="source_ref" v="http://nlftp.mlit.go.jp/ksj/jpgis/datalist/KsjTmplt-W05.html" />
    <tag k="waterway" v="stream" />
  </way>
  <node id="-7665" lat="33.5859344" lon="130.4404" />
  <node id="-7666" lat="33.5864492" lon="130.4400072" />
  <node id="-7667" lat="33.5867659" lon="130.4398448" />
  <node id="-7668" lat="33.587056" lon="130.439705" />
  <node id="-7669" lat="33.5871612" lon="130.4396328" />
  <way id="1250084147">
    <nd ref="-7670" />
    <nd ref="-7671" />
    <tag k="layer" v="-1" />
    <tag k="note" v="National-Land Numerical Information (River) 2006, MLIT Japan" />
    <tag k="note:ja" v="国土数値情報(河川データ)平成18年国土交通省" />
    <tag k="source" v="KSJ2" />
    <tag k="source_ref" v="http://nlftp.mlit.go.jp/ksj/jpgis/datalist/KsjTmplt-W05.html" />
    <tag k="tunnel" v="culvert" />
    <tag k="waterway" v="stream" />
  </way>
  <node id="-7670" lat="33.5859066" lon="130.4404221" />
  <node id="-7671" lat="33.5859344" lon="130.4404" />
  <way id="1250907516">
    <nd ref="-7672" />
    <nd ref="-7673" />
    <nd ref="-7674" />
    <nd ref="-7675" />
    <tag k="note" v="National-Land Numerical Information (River) 2006, MLIT Japan" />
    <tag k="note:ja" v="国土数値情報(河川データ)平成18年国土交通省" />
    <tag k="source" v="KSJ2" />
    <tag k="source_ref" v="http://nlftp.mlit.go.jp/ksj/jpgis/datalist/KsjTmplt-W05.html" />
    <tag k="waterway" v="stream" />
  </way>
  <node id="-7672" lat="33.576903" lon="130.4520973" />
  <node id="-7673" lat="33.5769313" lon="130.4520681" />
  <node id="-7674" lat="33.5769443" lon="130.4520266" />
  <node id="-7675" lat="33.5769419" lon="130.4519709" />
  <way id="1250907520">
    <nd ref="-7676" />
    <nd ref="-7677" />
    <tag k="waterway" v="stream" />
  </way>
  <node id="-7676" lat="33.5744872" lon="130.4537306" />
  <node id="-7677" lat="33.57449" lon="130.4537355" />
  <way id="1250907521">
    <nd ref="-7678" />
    <nd ref="-7679" />
    <tag k="layer" v="-1" />
    <tag k="tunnel" v="culvert" />
    <tag k="waterway" v="stream" />
  </way>
  <node id="-7678" lat="33.5744406" lon="130.4536487" />
  <node id="-7679" lat="33.5744872" lon="130.4537306" />
  <way id="1251715286">
    <nd ref="-7680" />
    <nd ref="-7681" />
    <nd ref="-7682" />
    <nd ref="-7683" />
    <nd ref="-7684" />
    <nd ref="-7685" />
    <nd ref="-7686" />
    <nd ref="-7687" />
    <tag k="waterway" v="stream" />
  </way>
  <node id="-7680" lat="33.5943084" lon="130.4394396" />
  <node id="-7681" lat="33.5955615" lon="130.439501" />
  <node id="-7682" lat="33.5957416" lon="130.439492" />
  <node id="-7683" lat="33.5958622" lon="130.4394742" />
  <node id="-7684" lat="33.5960065" lon="130.4394277" />
  <node id="-7685" lat="33.5961554" lon="130.4393562" />
  <node id="-7686" lat="33.5963933" lon="130.4392276" />
  <node id="-7687" lat="33.5981113" lon="130.4382987" />
  <way id="1251715287">
    <nd ref="-7688" />
    <nd ref="-7689" />
    <tag k="layer" v="-1" />
    <tag k="tunnel" v="culvert" />
    <tag k="waterway" v="stream" />
  </way>
  <node id="-7688" lat="33.5990055" lon="130.4374351" />
  <node id="-7689" lat="33.599085" lon="130.437357" />
  <way id="1251724239">
    <nd ref="-7690" />
    <nd ref="-7691" />
    <nd ref="-7692" />
    <nd ref="-7693" />
    <nd ref="-7694" />
    <nd ref="-7695" />
    <tag k="layer" v="-1" />
    <tag k="tunnel" v="culvert" />
    <tag k="waterway" v="stream" />
  </way>
  <node id="-7690" lat="33.5981113" lon="130.4382987" />
  <node id="-7691" lat="33.5984416" lon="130.437963" />
  <node id="-7692" lat="33.5987698" lon="130.4376389" />
  <node id="-7693" lat="33.5988815" lon="130.4375544" />
  <node id="-7694" lat="33.5989742" lon="130.4374847" />
  <node id="-7695" lat="33.5990055" lon="130.4374351" />
  <way id="1252079684">
    <nd ref="-7696" />
    <nd ref="-7697" />
    <tag k="layer" v="-1" />
    <tag k="note" v="National-Land Numerical Information (River) 2006, MLIT Japan" />
    <tag k="note:ja" v="国土数値情報(河川データ)平成18年国土交通省" />
    <tag k="source" v="KSJ2" />
    <tag k="source_ref" v="http://nlftp.mlit.go.jp/ksj/jpgis/datalist/KsjTmplt-W05.html" />
    <tag k="tunnel" v="culvert" />
    <tag k="waterway" v="stream" />
  </way>
  <node id="-7696" lat="33.5958046" lon="130.4420935" />
  <node id="-7697" lat="33.5965865" lon="130.4418067" />
  <way id="1252079685">
    <nd ref="-7698" />
    <nd ref="-7699" />
    <tag k="layer" v="-1" />
    <tag k="note" v="National-Land Numerical Information (River) 2006, MLIT Japan" />
    <tag k="note:ja" v="国土数値情報(河川データ)平成18年国土交通省" />
    <tag k="source" v="KSJ2" />
    <tag k="source_ref" v="http://nlftp.mlit.go.jp/ksj/jpgis/datalist/KsjTmplt-W05.html" />
    <tag k="tunnel" v="culvert" />
    <tag k="waterway" v="stream" />
  </way>
  <node id="-7698" lat="33.596971" lon="130.4415368" />
  <node id="-7699" lat="33.5972048" lon="130.4413764" />
  <way id="1252079686">
    <nd ref="-7700" />
    <nd ref="-7701" />
    <tag k="note" v="National-Land Numerical Information (River) 2006, MLIT Japan" />
    <tag k="note:ja" v="国土数値情報(河川データ)平成18年国土交通省" />
    <tag k="source" v="KSJ2" />
    <tag k="source_ref" v="http://nlftp.mlit.go.jp/ksj/jpgis/datalist/KsjTmplt-W05.html" />
    <tag k="waterway" v="stream" />
  </way>
  <node id="-7700" lat="33.5965865" lon="130.4418067" />
  <node id="-7701" lat="33.596971" lon="130.4415368" />
  <way id="1379181145">
    <nd ref="-7702" />
    <nd ref="-7703" />
    <nd ref="-7704" />
    <nd ref="-7705" />
    <nd ref="-7706" />
    <tag k="natural" v="water" />
  </way>
  <node id="-7702" lat="33.5746954" lon="130.4069684" />
  <node id="-7703" lat="33.5747012" lon="130.4070094" />
  <node id="-7704" lat="33.5744485" lon="130.4072211" />
  <node id="-7705" lat="33.5744347" lon="130.4071932" />
  <node id="-7706" lat="33.5746954" lon="130.4069684" />
  <way id="1379181147">
    <nd ref="-7707" />
    <nd ref="-7708" />
    <nd ref="-7709" />
    <nd ref="-7710" />
    <nd ref="-7711" />
    <tag k="natural" v="water" />
  </way>
  <node id="-7707" lat="33.5743907" lon="130.4072319" />
  <node id="-7708" lat="33.5744045" lon="130.407255" />
  <node id="-7709" lat="33.5739724" lon="130.4076274" />
  <node id="-7710" lat="33.5739585" lon="130.4076042" />
  <node id="-7711" lat="33.5743907" lon="130.4072319" />
  <way id="1379181150">
    <nd ref="-7712" />
    <nd ref="-7713" />
    <nd ref="-7714" />
    <nd ref="-7715" />
    <nd ref="-7716" />
    <tag k="natural" v="water" />
  </way>
  <node id="-7712" lat="33.5739039" lon="130.4078702" />
  <node id="-7713" lat="33.5739662" lon="130.408129" />
  <node id="-7714" lat="33.5739427" lon="130.4081404" />
  <node id="-7715" lat="33.573887" lon="130.4078786" />
  <node id="-7716" lat="33.5739039" lon="130.4078702" />
  <way id="1416118926">
    <nd ref="-7717" />
    <nd ref="-7718" />
    <nd ref="-7719" />
    <nd ref="-7720" />
    <nd ref="-7721" />
    <tag k="natural" v="water" />
    <tag k="water" v="pond" />
  </way>
  <node id="-7717" lat="33.5931503" lon="130.4103438" />
  <node id="-7718" lat="33.5931003" lon="130.410237" />
  <node id="-7719" lat="33.5931206" lon="130.4102233" />
  <node id="-7720" lat="33.5931706" lon="130.4103301" />
  <node id="-7721" lat="33.5931503" lon="130.4103438" />
  <way id="1461332666">
    <nd ref="-7722" />
    <nd ref="-7723" />
    <tag k="note" v="National-Land Numerical Information (River) 2006, MLIT Japan" />
    <tag k="note:ja" v="国土数値情報(河川データ)平成18年国土交通省" />
    <tag k="source" v="KSJ2" />
    <tag k="source_ref" v="http://nlftp.mlit.go.jp/ksj/jpgis/datalist/KsjTmplt-W05.html" />
    <tag k="waterway" v="stream" />
  </way>
  <node id="-7722" lat="33.5999963" lon="130.4394817" />
  <node id="-7723" lat="33.6000753" lon="130.4394064" />
  <way id="1461332667">
    <nd ref="-7724" />
    <nd ref="-7725" />
    <tag k="layer" v="-1" />
    <tag k="note" v="National-Land Numerical Information (River) 2006, MLIT Japan" />
    <tag k="note:ja" v="国土数値情報(河川データ)平成18年国土交通省" />
    <tag k="source" v="KSJ2" />
    <tag k="source_ref" v="http://nlftp.mlit.go.jp/ksj/jpgis/datalist/KsjTmplt-W05.html" />
    <tag k="tunnel" v="culvert" />
    <tag k="waterway" v="stream" />
  </way>
  <node id="-7724" lat="33.5997669" lon="130.4397054" />
  <node id="-7725" lat="33.5999963" lon="130.4394817" />
  <way id="1485908799">
    <nd ref="-7726" />
    <nd ref="-7727" />
    <tag k="waterway" v="stream" />
  </way>
  <node id="-7726" lat="33.5716403" lon="130.4397378" />
  <node id="-7727" lat="33.571724" lon="130.4397753" />
  <way id="1485908800">
    <nd ref="-7728" />
    <nd ref="-7729" />
    <tag k="layer" v="-1" />
    <tag k="tunnel" v="culvert" />
    <tag k="waterway" v="stream" />
  </way>
  <node id="-7728" lat="33.5713508" lon="130.4397753" />
  <node id="-7729" lat="33.5716403" lon="130.4397378" />
  <way id="1485950187">
    <nd ref="-7730" />
    <nd ref="-7731" />
    <nd ref="-7732" />
    <nd ref="-7733" />
    <nd ref="-7734" />
    <nd ref="-7735" />
    <nd ref="-7736" />
    <tag k="natural" v="water" />
    <tag k="water" v="river" />
  </way>
  <node id="-7730" lat="33.6001292" lon="130.4165661" />
  <node id="-7731" lat="33.6001304" lon="130.4161718" />
  <node id="-7732" lat="33.599974" lon="130.4158419" />
  <node id="-7733" lat="33.5999491" lon="130.4158598" />
  <node id="-7734" lat="33.6000819" lon="130.4161635" />
  <node id="-7735" lat="33.6000941" lon="130.4165863" />
  <node id="-7736" lat="33.6001292" lon="130.4165661" />
  <way id="1537429798">
    <nd ref="-7737" />
    <nd ref="-7738" />
    <nd ref="-7739" />
    <nd ref="-7740" />
    <tag k="waterway" v="stream" />
  </way>
  <node id="-7737" lat="33.5799579" lon="130.4253101" />
  <node id="-7738" lat="33.5801688" lon="130.4255582" />
  <node id="-7739" lat="33.580507" lon="130.4259381" />
  <node id="-7740" lat="33.5805724" lon="130.4260225" />
  <way id="1537429799">
    <nd ref="-7741" />
    <nd ref="-7742" />
    <tag k="layer" v="-1" />
    <tag k="tunnel" v="culvert" />
    <tag k="waterway" v="stream" />
  </way>
  <node id="-7741" lat="33.5805724" lon="130.4260225" />
  <node id="-7742" lat="33.5806203" lon="130.4260843" />
</osm>